task_id,operator_id,machine_id,domain,task_type,site,scheduled_start,scheduled_end,status,baseline_duration_min,weather,operator_skill,machine_age_hours,demo_seed,job_options_json
T-001,OP-001,M-1,EXCAVATION_LOAD,Excavation — Trench Digging,Site B,08:00,09:00,Upcoming,45,clear,intermediate,3005,,{}
T002-today,OP-001,M-1,EXCAVATION_LOAD,Excavation — Trench Digging,Site A — Rain Trench,10:00,10:45,Upcoming,45,rainy,intermediate,2140,170923,"{""duration_min"":45,""weather"":""rainy"",""skill"":""intermediate""}"
T-003,OP-003,M-5,HAUL_TRANSPORT,Haul Cycle,Site B,08:00,09:00,Completed,60,clear,intermediate,4879,,{}
T-004,OP-004,M-1,EXCAVATION_LOAD,Excavation — Trench Digging,Site A,08:00,09:00,Completed,45,clear,intermediate,3478,,{}
T-005,OP-005,M-3,EXCAVATION_LOAD,Material Loading,Site B,08:00,09:00,Upcoming,60,clear,intermediate,1253,,{}
T-006,OP-006,M-5,HAUL_TRANSPORT,Haul Cycle,Site A,08:00,09:00,Completed,60,clear,intermediate,2507,,{}
T-007,OP-007,M-1,EXCAVATION_LOAD,Excavation — Trench Digging,Site B,08:00,09:00,Completed,45,clear,intermediate,4662,,{}
T-008,OP-008,M-3,EXCAVATION_LOAD,Material Loading,Site A,08:00,09:00,Completed,60,clear,intermediate,3987,,{}
T-009,OP-009,M-5,HAUL_TRANSPORT,Haul Cycle,Site B,08:00,09:00,Upcoming,60,clear,intermediate,3476,,{}
T-010,OP-010,M-1,EXCAVATION_LOAD,Excavation — Trench Digging,Site A,08:00,09:00,Completed,45,clear,intermediate,2473,,{}
T-011,OP-011,M-3,EXCAVATION_LOAD,Material Loading,Site B,08:00,09:00,Completed,60,clear,intermediate,2963,,{}
T-012,OP-012,M-5,HAUL_TRANSPORT,Haul Cycle,Site A,08:00,09:00,Completed,60,clear,intermediate,3957,,{}
T-013,OP-013,M-1,EXCAVATION_LOAD,Excavation — Trench Digging,Site B,08:00,09:00,Upcoming,45,clear,intermediate,2037,,{}
T-014,OP-014,M-3,EXCAVATION_LOAD,Material Loading,Site A,08:00,09:00,Completed,60,clear,intermediate,1959,,{}
T-015,OP-015,M-5,HAUL_TRANSPORT,Haul Cycle,Site B,08:00,09:00,Completed,60,clear,intermediate,4312,,{}
T-016,OP-016,M-1,EXCAVATION_LOAD,Excavation — Trench Digging,Site A,08:00,09:00,Completed,45,clear,intermediate,1992,,{}
T-017,OP-017,M-3,EXCAVATION_LOAD,Material Loading,Site B,08:00,09:00,Upcoming,60,clear,intermediate,4140,,{}
T-018,OP-018,M-5,HAUL_TRANSPORT,Haul Cycle,Site A,08:00,09:00,Completed,60,clear,intermediate,4017,,{}
T-019,OP-019,M-1,EXCAVATION_LOAD,Excavation — Trench Digging,Site B,08:00,09:00,Completed,45,clear,intermediate,3366,,{}
T-020,OP-020,M-3,EXCAVATION_LOAD,Material Loading,Site A,08:00,09:00,Completed,60,clear,intermediate,1555,,{}
T-021,OP-001,M-5,HAUL_TRANSPORT,Haul Cycle,Site B,08:00,09:00,Upcoming,60,clear,intermediate,4963,,{}
T-022,OP-002,M-1,EXCAVATION_LOAD,Excavation — Trench Digging,Site A,08:00,09:00,Completed,45,clear,intermediate,5592,,{}
T-023,OP-003,M-3,EXCAVATION_LOAD,Material Loading,Site B,08:00,09:00,Completed,60,clear,intermediate,2222,,{}
T-024,OP-004,M-5,HAUL_TRANSPORT,Haul Cycle,Site A,08:00,09:00,Completed,60,clear,intermediate,4300,,{}
T-025,OP-005,M-1,EXCAVATION_LOAD,Excavation — Trench Digging,Site B,08:00,09:00,Upcoming,45,clear,intermediate,1845,,{}
T-026,OP-006,M-3,EXCAVATION_LOAD,Material Loading,Site A,08:00,09:00,Completed,60,clear,intermediate,5722,,{}
T-027,OP-007,M-5,HAUL_TRANSPORT,Haul Cycle,Site B,08:00,09:00,Completed,60,clear,intermediate,3601,,{}
T-028,OP-008,M-1,EXCAVATION_LOAD,Excavation — Trench Digging,Site A,08:00,09:00,Completed,45,clear,intermediate,4162,,{}
T-029,OP-009,M-3,EXCAVATION_LOAD,Material Loading,Site B,08:00,09:00,Upcoming,60,clear,intermediate,5929,,{}
T-030,OP-010,M-5,HAUL_TRANSPORT,Haul Cycle,Site A,08:00,09:00,Completed,60,clear,intermediate,2775,,{}
T-031,OP-011,M-1,EXCAVATION_LOAD,Excavation — Trench Digging,Site B,08:00,09:00,Completed,45,clear,intermediate,1769,,{}
T-032,OP-012,M-3,EXCAVATION_LOAD,Material Loading,Site A,08:00,09:00,Completed,60,clear,intermediate,1575,,{}
T-033,OP-013,M-5,HAUL_TRANSPORT,Haul Cycle,Site B,08:00,09:00,Upcoming,60,clear,intermediate,3066,,{}
T-034,OP-014,M-1,EXCAVATION_LOAD,Excavation — Trench Digging,Site A,08:00,09:00,Completed,45,clear,intermediate,3570,,{}
T-035,OP-015,M-3,EXCAVATION_LOAD,Material Loading,Site B,08:00,09:00,Completed,60,clear,intermediate,1853,,{}
T-036,OP-016,M-5,HAUL_TRANSPORT,Haul Cycle,Site A,08:00,09:00,Completed,60,clear,intermediate,3107,,{}
T-037,OP-017,M-1,EXCAVATION_LOAD,Excavation — Trench Digging,Site B,08:00,09:00,Upcoming,45,clear,intermediate,2027,,{}
T-038,OP-018,M-3,EXCAVATION_LOAD,Material Loading,Site A,08:00,09:00,Completed,60,clear,intermediate,4313,,{}
T-039,OP-019,M-5,HAUL_TRANSPORT,Haul Cycle,Site B,08:00,09:00,Completed,60,clear,intermediate,3477,,{}
T-040,OP-020,M-1,EXCAVATION_LOAD,Excavation — Trench Digging,Site A,08:00,09:00,Completed,45,clear,intermediate,4914,,{}
T-041,OP-001,M-3,EXCAVATION_LOAD,Material Loading,Site B,08:00,09:00,Upcoming,60,clear,intermediate,4188,,{}
T-042,OP-002,M-5,HAUL_TRANSPORT,Haul Cycle,Site A,08:00,09:00,Completed,60,clear,intermediate,2532,,{}
T-043,OP-003,M-1,EXCAVATION_LOAD,Excavation — Trench Digging,Site B,08:00,09:00,Completed,45,clear,intermediate,4232,,{}
T-044,OP-004,M-3,EXCAVATION_LOAD,Material Loading,Site A,08:00,09:00,Completed,60,clear,intermediate,4110,,{}
T-045,OP-005,M-5,HAUL_TRANSPORT,Haul Cycle,Site B,08:00,09:00,Upcoming,60,clear,intermediate,2916,,{}
T-046,OP-006,M-1,EXCAVATION_LOAD,Excavation — Trench Digging,Site A,08:00,09:00,Completed,45,clear,intermediate,3387,,{}
T-047,OP-007,M-3,EXCAVATION_LOAD,Material Loading,Site B,08:00,09:00,Completed,60,clear,intermediate,1784,,{}
T-048,OP-008,M-5,HAUL_TRANSPORT,Haul Cycle,Site A,08:00,09:00,Completed,60,clear,intermediate,2601,,{}
T-049,OP-009,M-1,EXCAVATION_LOAD,Excavation — Trench Digging,Site B,08:00,09:00,Upcoming,45,clear,intermediate,5575,,{}
T-050,OP-010,M-3,EXCAVATION_LOAD,Material Loading,Site A,08:00,09:00,Completed,60,clear,intermediate,3205,,{}
T-051,OP-011,M-5,HAUL_TRANSPORT,Haul Cycle,Site B,08:00,09:00,Completed,60,clear,intermediate,2538,,{}
T-052,OP-012,M-1,EXCAVATION_LOAD,Excavation — Trench Digging,Site A,08:00,09:00,Completed,45,clear,intermediate,4986,,{}
T-053,OP-013,M-3,EXCAVATION_LOAD,Material Loading,Site B,08:00,09:00,Upcoming,60,clear,intermediate,4308,,{}
T-054,OP-014,M-5,HAUL_TRANSPORT,Haul Cycle,Site A,08:00,09:00,Completed,60,clear,intermediate,3411,,{}
T-055,OP-015,M-1,EXCAVATION_LOAD,Excavation — Trench Digging,Site B,08:00,09:00,Completed,45,clear,intermediate,5762,,{}
T-056,OP-016,M-3,EXCAVATION_LOAD,Material Loading,Site A,08:00,09:00,Completed,60,clear,intermediate,2999,,{}
T-057,OP-017,M-5,HAUL_TRANSPORT,Haul Cycle,Site B,08:00,09:00,Upcoming,60,clear,intermediate,3856,,{}
T-058,OP-018,M-1,EXCAVATION_LOAD,Excavation — Trench Digging,Site A,08:00,09:00,Completed,45,clear,intermediate,1658,,{}
T-059,OP-019,M-3,EXCAVATION_LOAD,Material Loading,Site B,08:00,09:00,Completed,60,clear,intermediate,3076,,{}
T-060,OP-020,M-5,HAUL_TRANSPORT,Haul Cycle,Site A,08:00,09:00,Completed,60,clear,intermediate,1462,,{}
T-061,OP-001,M-1,EXCAVATION_LOAD,Excavation — Trench Digging,Site B,08:00,09:00,Upcoming,45,clear,intermediate,3784,,{}
T-062,OP-002,M-3,EXCAVATION_LOAD,Material Loading,Site A,08:00,09:00,Completed,60,clear,intermediate,4486,,{}
T-063,OP-003,M-5,HAUL_TRANSPORT,Haul Cycle,Site B,08:00,09:00,Completed,60,clear,intermediate,3393,,{}
T-064,OP-004,M-1,EXCAVATION_LOAD,Excavation — Trench Digging,Site A,08:00,09:00,Completed,45,clear,intermediate,1742,,{}
T-065,OP-005,M-3,EXCAVATION_LOAD,Material Loading,Site B,08:00,09:00,Upcoming,60,clear,intermediate,2928,,{}
T-066,OP-006,M-5,HAUL_TRANSPORT,Haul Cycle,Site A,08:00,09:00,Completed,60,clear,intermediate,5846,,{}
T-067,OP-007,M-1,EXCAVATION_LOAD,Excavation — Trench Digging,Site B,08:00,09:00,Completed,45,clear,intermediate,3777,,{}
T-068,OP-008,M-3,EXCAVATION_LOAD,Material Loading,Site A,08:00,09:00,Completed,60,clear,intermediate,2941,,{}
T-069,OP-009,M-5,HAUL_TRANSPORT,Haul Cycle,Site B,08:00,09:00,Upcoming,60,clear,intermediate,5289,,{}
T-070,OP-010,M-1,EXCAVATION_LOAD,Excavation — Trench Digging,Site A,08:00,09:00,Completed,45,clear,intermediate,4441,,{}
T-071,OP-011,M-3,EXCAVATION_LOAD,Material Loading,Site B,08:00,09:00,Completed,60,clear,intermediate,4958,,{}
T-072,OP-012,M-5,HAUL_TRANSPORT,Haul Cycle,Site A,08:00,09:00,Completed,60,clear,intermediate,2370,,{}
T-073,OP-013,M-1,EXCAVATION_LOAD,Excavation — Trench Digging,Site B,08:00,09:00,Upcoming,45,clear,intermediate,3369,,{}
T-074,OP-014,M-3,EXCAVATION_LOAD,Material Loading,Site A,08:00,09:00,Completed,60,clear,intermediate,2343,,{}
T-075,OP-015,M-5,HAUL_TRANSPORT,Haul Cycle,Site B,08:00,09:00,Completed,60,clear,intermediate,3220,,{}
T-076,OP-016,M-1,EXCAVATION_LOAD,Excavation — Trench Digging,Site A,08:00,09:00,Completed,45,clear,intermediate,5798,,{}
T-077,OP-017,M-3,EXCAVATION_LOAD,Material Loading,Site B,08:00,09:00,Upcoming,60,clear,intermediate,5615,,{}
T-078,OP-018,M-5,HAUL_TRANSPORT,Haul Cycle,Site A,08:00,09:00,Completed,60,clear,intermediate,3352,,{}
T-079,OP-019,M-1,EXCAVATION_LOAD,Excavation — Trench Digging,Site B,08:00,09:00,Completed,45,clear,intermediate,5988,,{}
T-080,OP-020,M-3,EXCAVATION_LOAD,Material Loading,Site A,08:00,09:00,Completed,60,clear,intermediate,4709,,{}
T-081,OP-001,M-5,HAUL_TRANSPORT,Haul Cycle,Site B,08:00,09:00,Upcoming,60,clear,intermediate,5980,,{}
T-082,OP-002,M-1,EXCAVATION_LOAD,Excavation — Trench Digging,Site A,08:00,09:00,Completed,45,clear,intermediate,4471,,{}
T-083,OP-003,M-3,EXCAVATION_LOAD,Material Loading,Site B,08:00,09:00,Completed,60,clear,intermediate,4165,,{}
T-084,OP-004,M-5,HAUL_TRANSPORT,Haul Cycle,Site A,08:00,09:00,Completed,60,clear,intermediate,2996,,{}
T-085,OP-005,M-1,EXCAVATION_LOAD,Excavation — Trench Digging,Site B,08:00,09:00,Upcoming,45,clear,intermediate,2333,,{}
T-086,OP-006,M-3,EXCAVATION_LOAD,Material Loading,Site A,08:00,09:00,Completed,60,clear,intermediate,5374,,{}
T-087,OP-007,M-5,HAUL_TRANSPORT,Haul Cycle,Site B,08:00,09:00,Completed,60,clear,intermediate,5242,,{}
T-088,OP-008,M-1,EXCAVATION_LOAD,Excavation — Trench Digging,Site A,08:00,09:00,Completed,45,clear,intermediate,1944,,{}
T-089,OP-009,M-3,EXCAVATION_LOAD,Material Loading,Site B,08:00,09:00,Upcoming,60,clear,intermediate,1585,,{}
T-090,OP-010,M-5,HAUL_TRANSPORT,Haul Cycle,Site A,08:00,09:00,Completed,60,clear,intermediate,2098,,{}
T-091,OP-011,M-1,EXCAVATION_LOAD,Excavation — Trench Digging,Site B,08:00,09:00,Completed,45,clear,intermediate,2452,,{}
T-092,OP-012,M-3,EXCAVATION_LOAD,Material Loading,Site A,08:00,09:00,Completed,60,clear,intermediate,2510,,{}
T-093,OP-013,M-5,HAUL_TRANSPORT,Haul Cycle,Site B,08:00,09:00,Upcoming,60,clear,intermediate,4658,,{}
T-094,OP-014,M-1,EXCAVATION_LOAD,Excavation — Trench Digging,Site A,08:00,09:00,Completed,45,clear,intermediate,1720,,{}
T-095,OP-015,M-3,EXCAVATION_LOAD,Material Loading,Site B,08:00,09:00,Completed,60,clear,intermediate,4352,,{}
T-096,OP-016,M-5,HAUL_TRANSPORT,Haul Cycle,Site A,08:00,09:00,Completed,60,clear,intermediate,4326,,{}
T-097,OP-017,M-1,EXCAVATION_LOAD,Excavation — Trench Digging,Site B,08:00,09:00,Upcoming,45,clear,intermediate,5034,,{}
T-098,OP-018,M-3,EXCAVATION_LOAD,Material Loading,Site A,08:00,09:00,Completed,60,clear,intermediate,5534,,{}
T-099,OP-019,M-5,HAUL_TRANSPORT,Haul Cycle,Site B,08:00,09:00,Completed,60,clear,intermediate,3259,,{}
T-100,OP-020,M-1,EXCAVATION_LOAD,Excavation — Trench Digging,Site A,08:00,09:00,Completed,45,clear,intermediate,5732,,{}
T-101,OP-001,M-3,EXCAVATION_LOAD,Material Loading,Site B,08:00,09:00,Upcoming,60,clear,intermediate,1294,,{}
T-102,OP-002,M-5,HAUL_TRANSPORT,Haul Cycle,Site A,08:00,09:00,Completed,60,clear,intermediate,2138,,{}
T-103,OP-003,M-1,EXCAVATION_LOAD,Excavation — Trench Digging,Site B,08:00,09:00,Completed,45,clear,intermediate,5598,,{}
T-104,OP-004,M-3,EXCAVATION_LOAD,Material Loading,Site A,08:00,09:00,Completed,60,clear,intermediate,3385,,{}
T-105,OP-005,M-5,HAUL_TRANSPORT,Haul Cycle,Site B,08:00,09:00,Upcoming,60,clear,intermediate,3986,,{}
T-106,OP-006,M-1,EXCAVATION_LOAD,Excavation — Trench Digging,Site A,08:00,09:00,Completed,45,clear,intermediate,2113,,{}
T-107,OP-007,M-3,EXCAVATION_LOAD,Material Loading,Site B,08:00,09:00,Completed,60,clear,intermediate,3604,,{}
T-108,OP-008,M-5,HAUL_TRANSPORT,Haul Cycle,Site A,08:00,09:00,Completed,60,clear,intermediate,4761,,{}
T-109,OP-009,M-1,EXCAVATION_LOAD,Excavation — Trench Digging,Site B,08:00,09:00,Upcoming,45,clear,intermediate,2495,,{}
T-110,OP-010,M-3,EXCAVATION_LOAD,Material Loading,Site A,08:00,09:00,Completed,60,clear,intermediate,4916,,{}
T-111,OP-011,M-5,HAUL_TRANSPORT,Haul Cycle,Site B,08:00,09:00,Completed,60,clear,intermediate,1226,,{}
T-112,OP-012,M-1,EXCAVATION_LOAD,Excavation — Trench Digging,Site A,08:00,09:00,Completed,45,clear,intermediate,3357,,{}
T-113,OP-013,M-3,EXCAVATION_LOAD,Material Loading,Site B,08:00,09:00,Upcoming,60,clear,intermediate,5300,,{}
T-114,OP-014,M-5,HAUL_TRANSPORT,Haul Cycle,Site A,08:00,09:00,Completed,60,clear,intermediate,2663,,{}
T-115,OP-015,M-1,EXCAVATION_LOAD,Excavation — Trench Digging,Site B,08:00,09:00,Completed,45,clear,intermediate,5358,,{}
T-116,OP-016,M-3,EXCAVATION_LOAD,Material Loading,Site A,08:00,09:00,Completed,60,clear,intermediate,2071,,{}
T-117,OP-017,M-5,HAUL_TRANSPORT,Haul Cycle,Site B,08:00,09:00,Upcoming,60,clear,intermediate,3644,,{}
T-118,OP-018,M-1,EXCAVATION_LOAD,Excavation — Trench Digging,Site A,08:00,09:00,Completed,45,clear,intermediate,5358,,{}
T-119,OP-019,M-3,EXCAVATION_LOAD,Material Loading,Site B,08:00,09:00,Completed,60,clear,intermediate,2829,,{}
T-120,OP-020,M-5,HAUL_TRANSPORT,Haul Cycle,Site A,08:00,09:00,Completed,60,clear,intermediate,2452,,{}
T-121,OP-001,M-1,EXCAVATION_LOAD,Excavation — Trench Digging,Site B,08:00,09:00,Upcoming,45,clear,intermediate,4263,,{}
T-122,OP-002,M-3,EXCAVATION_LOAD,Material Loading,Site A,08:00,09:00,Completed,60,clear,intermediate,2523,,{}
T-123,OP-003,M-5,HAUL_TRANSPORT,Haul Cycle,Site B,08:00,09:00,Completed,60,clear,intermediate,5618,,{}
T-124,OP-004,M-1,EXCAVATION_LOAD,Excavation — Trench Digging,Site A,08:00,09:00,Completed,45,clear,intermediate,5544,,{}
T-125,OP-005,M-3,EXCAVATION_LOAD,Material Loading,Site B,08:00,09:00,Upcoming,60,clear,intermediate,1204,,{}
T-126,OP-006,M-5,HAUL_TRANSPORT,Haul Cycle,Site A,08:00,09:00,Completed,60,clear,intermediate,3855,,{}
T-127,OP-007,M-1,EXCAVATION_LOAD,Excavation — Trench Digging,Site B,08:00,09:00,Completed,45,clear,intermediate,5202,,{}
T-128,OP-008,M-3,EXCAVATION_LOAD,Material Loading,Site A,08:00,09:00,Completed,60,clear,intermediate,1359,,{}
T-129,OP-009,M-5,HAUL_TRANSPORT,Haul Cycle,Site B,08:00,09:00,Upcoming,60,clear,intermediate,2116,,{}
T-130,OP-010,M-1,EXCAVATION_LOAD,Excavation — Trench Digging,Site A,08:00,09:00,Completed,45,clear,intermediate,4173,,{}
T-131,OP-011,M-3,EXCAVATION_LOAD,Material Loading,Site B,08:00,09:00,Completed,60,clear,intermediate,3719,,{}
T-132,OP-012,M-5,HAUL_TRANSPORT,Haul Cycle,Site A,08:00,09:00,Completed,60,clear,intermediate,3161,,{}
T-133,OP-013,M-1,EXCAVATION_LOAD,Excavation — Trench Digging,Site B,08:00,09:00,Upcoming,45,clear,intermediate,1674,,{}
T-134,OP-014,M-3,EXCAVATION_LOAD,Material Loading,Site A,08:00,09:00,Completed,60,clear,intermediate,3173,,{}
T-135,OP-015,M-5,HAUL_TRANSPORT,Haul Cycle,Site B,08:00,09:00,Completed,60,clear,intermediate,5847,,{}
T-136,OP-016,M-1,EXCAVATION_LOAD,Excavation — Trench Digging,Site A,08:00,09:00,Completed,45,clear,intermediate,1845,,{}
T-137,OP-017,M-3,EXCAVATION_LOAD,Material Loading,Site B,08:00,09:00,Upcoming,60,clear,intermediate,1901,,{}
T-138,OP-018,M-5,HAUL_TRANSPORT,Haul Cycle,Site A,08:00,09:00,Completed,60,clear,intermediate,5181,,{}
T-139,OP-019,M-1,EXCAVATION_LOAD,Excavation — Trench Digging,Site B,08:00,09:00,Completed,45,clear,intermediate,1766,,{}
T-140,OP-020,M-3,EXCAVATION_LOAD,Material Loading,Site A,08:00,09:00,Completed,60,clear,intermediate,5563,,{}
T-141,OP-001,M-5,HAUL_TRANSPORT,Haul Cycle,Site B,08:00,09:00,Upcoming,60,clear,intermediate,2230,,{}
T-142,OP-002,M-1,EXCAVATION_LOAD,Excavation — Trench Digging,Site A,08:00,09:00,Completed,45,clear,intermediate,2251,,{}
T-143,OP-003,M-3,EXCAVATION_LOAD,Material Loading,Site B,08:00,09:00,Completed,60,clear,intermediate,5093,,{}
T-144,OP-004,M-5,HAUL_TRANSPORT,Haul Cycle,Site A,08:00,09:00,Completed,60,clear,intermediate,5703,,{}
T-145,OP-005,M-1,EXCAVATION_LOAD,Excavation — Trench Digging,Site B,08:00,09:00,Upcoming,45,clear,intermediate,2552,,{}
T-146,OP-006,M-3,EXCAVATION_LOAD,Material Loading,Site A,08:00,09:00,Completed,60,clear,intermediate,3371,,{}
T-147,OP-007,M-5,HAUL_TRANSPORT,Haul Cycle,Site B,08:00,09:00,Completed,60,clear,intermediate,5522,,{}
T-148,OP-008,M-1,EXCAVATION_LOAD,Excavation — Trench Digging,Site A,08:00,09:00,Completed,45,clear,intermediate,4666,,{}
T-149,OP-009,M-3,EXCAVATION_LOAD,Material Loading,Site B,08:00,09:00,Upcoming,60,clear,intermediate,2935,,{}
T-150,OP-010,M-5,HAUL_TRANSPORT,Haul Cycle,Site A,08:00,09:00,Completed,60,clear,intermediate,5617,,{}
SYN-T-0151,OP-011,M-1,EXCAVATION_LOAD,Excavation — Trench Digging,Site B,08:00,09:00,Completed,45,clear,intermediate,1950,,{}
SYN-T-0152,OP-012,M-3,EXCAVATION_LOAD,Material Loading,Site A,08:00,09:00,Completed,60,clear,intermediate,1987,,{}
SYN-T-0153,OP-013,M-5,HAUL_TRANSPORT,Haul Cycle,Site B,08:00,09:00,Upcoming,60,clear,intermediate,2024,,{}
SYN-T-0154,OP-014,M-1,EXCAVATION_LOAD,Excavation — Trench Digging,Site A,08:00,09:00,Completed,45,clear,intermediate,2061,,{}
SYN-T-0155,OP-015,M-3,EXCAVATION_LOAD,Material Loading,Site B,08:00,09:00,Completed,60,clear,intermediate,2098,,{}
SYN-T-0156,OP-016,M-5,HAUL_TRANSPORT,Haul Cycle,Site A,08:00,09:00,Completed,60,clear,intermediate,2135,,{}
SYN-T-0157,OP-017,M-1,EXCAVATION_LOAD,Excavation — Trench Digging,Site B,08:00,09:00,Upcoming,45,clear,intermediate,2172,,{}
SYN-T-0158,OP-018,M-3,EXCAVATION_LOAD,Material Loading,Site A,08:00,09:00,Completed,60,clear,intermediate,2209,,{}
SYN-T-0159,OP-019,M-5,HAUL_TRANSPORT,Haul Cycle,Site B,08:00,09:00,Completed,60,clear,intermediate,2246,,{}
SYN-T-0160,OP-020,M-1,EXCAVATION_LOAD,Excavation — Trench Digging,Site A,08:00,09:00,Completed,45,clear,intermediate,2283,,{}
SYN-T-0161,OP-001,M-3,EXCAVATION_LOAD,Material Loading,Site B,08:00,09:00,Upcoming,60,clear,intermediate,2320,,{}
SYN-T-0162,OP-002,M-5,HAUL_TRANSPORT,Haul Cycle,Site A,08:00,09:00,Completed,60,clear,intermediate,2357,,{}
SYN-T-0163,OP-003,M-1,EXCAVATION_LOAD,Excavation — Trench Digging,Site B,08:00,09:00,Completed,45,clear,intermediate,2394,,{}
SYN-T-0164,OP-004,M-3,EXCAVATION_LOAD,Material Loading,Site A,08:00,09:00,Completed,60,clear,intermediate,2431,,{}
SYN-T-0165,OP-005,M-5,HAUL_TRANSPORT,Haul Cycle,Site B,08:00,09:00,Upcoming,60,clear,intermediate,2468,,{}
SYN-T-0166,OP-006,M-1,EXCAVATION_LOAD,Excavation — Trench Digging,Site A,08:00,09:00,Completed,45,clear,intermediate,2505,,{}
SYN-T-0167,OP-007,M-3,EXCAVATION_LOAD,Material Loading,Site B,08:00,09:00,Completed,60,clear,intermediate,2542,,{}
SYN-T-0168,OP-008,M-5,HAUL_TRANSPORT,Haul Cycle,Site A,08:00,09:00,Completed,60,clear,intermediate,2579,,{}
SYN-T-0169,OP-009,M-1,EXCAVATION_LOAD,Excavation — Trench Digging,Site B,08:00,09:00,Upcoming,45,clear,intermediate,2616,,{}
SYN-T-0170,OP-010,M-3,EXCAVATION_LOAD,Material Loading,Site A,08:00,09:00,Completed,60,clear,intermediate,2653,,{}
SYN-T-0171,OP-011,M-5,HAUL_TRANSPORT,Haul Cycle,Site B,08:00,09:00,Completed,60,clear,intermediate,2690,,{}
SYN-T-0172,OP-012,M-1,EXCAVATION_LOAD,Excavation — Trench Digging,Site A,08:00,09:00,Completed,45,clear,intermediate,2727,,{}
SYN-T-0173,OP-013,M-3,EXCAVATION_LOAD,Material Loading,Site B,08:00,09:00,Upcoming,60,clear,intermediate,2764,,{}
SYN-T-0174,OP-014,M-5,HAUL_TRANSPORT,Haul Cycle,Site A,08:00,09:00,Completed,60,clear,intermediate,2801,,{}
SYN-T-0175,OP-015,M-1,EXCAVATION_LOAD,Excavation — Trench Digging,Site B,08:00,09:00,Completed,45,clear,intermediate,2838,,{}
SYN-T-0176,OP-016,M-3,EXCAVATION_LOAD,Material Loading,Site A,08:00,09:00,Completed,60,clear,intermediate,2875,,{}
SYN-T-0177,OP-017,M-5,HAUL_TRANSPORT,Haul Cycle,Site B,08:00,09:00,Upcoming,60,clear,intermediate,2912,,{}
SYN-T-0178,OP-018,M-1,EXCAVATION_LOAD,Excavation — Trench Digging,Site A,08:00,09:00,Completed,45,clear,intermediate,2949,,{}
SYN-T-0179,OP-019,M-3,EXCAVATION_LOAD,Material Loading,Site B,08:00,09:00,Completed,60,clear,intermediate,2986,,{}
SYN-T-0180,OP-020,M-5,HAUL_TRANSPORT,Haul Cycle,Site A,08:00,09:00,Completed,60,clear,intermediate,3023,,{}
SYN-T-0181,OP-001,M-1,EXCAVATION_LOAD,Excavation — Trench Digging,Site B,08:00,09:00,Upcoming,45,clear,intermediate,3060,,{}
SYN-T-0182,OP-002,M-3,EXCAVATION_LOAD,Material Loading,Site A,08:00,09:00,Completed,60,clear,intermediate,3097,,{}
SYN-T-0183,OP-003,M-5,HAUL_TRANSPORT,Haul Cycle,Site B,08:00,09:00,Completed,60,clear,intermediate,3134,,{}
SYN-T-0184,OP-004,M-1,EXCAVATION_LOAD,Excavation — Trench Digging,Site A,08:00,09:00,Completed,45,clear,intermediate,3171,,{}
SYN-T-0185,OP-005,M-3,EXCAVATION_LOAD,Material Loading,Site B,08:00,09:00,Upcoming,60,clear,intermediate,3208,,{}
SYN-T-0186,OP-006,M-5,HAUL_TRANSPORT,Haul Cycle,Site A,08:00,09:00,Completed,60,clear,intermediate,3245,,{}
SYN-T-0187,OP-007,M-1,EXCAVATION_LOAD,Excavation — Trench Digging,Site B,08:00,09:00,Completed,45,clear,intermediate,3282,,{}
SYN-T-0188,OP-008,M-3,EXCAVATION_LOAD,Material Loading,Site A,08:00,09:00,Completed,60,clear,intermediate,3319,,{}
SYN-T-0189,OP-009,M-5,HAUL_TRANSPORT,Haul Cycle,Site B,08:00,09:00,Upcoming,60,clear,intermediate,3356,,{}
SYN-T-0190,OP-010,M-1,EXCAVATION_LOAD,Excavation — Trench Digging,Site A,08:00,09:00,Completed,45,clear,intermediate,3393,,{}
SYN-T-0191,OP-011,M-3,EXCAVATION_LOAD,Material Loading,Site B,08:00,09:00,Completed,60,clear,intermediate,3430,,{}
SYN-T-0192,OP-012,M-5,HAUL_TRANSPORT,Haul Cycle,Site A,08:00,09:00,Completed,60,clear,intermediate,3467,,{}
SYN-T-0193,OP-013,M-1,EXCAVATION_LOAD,Excavation — Trench Digging,Site B,08:00,09:00,Upcoming,45,clear,intermediate,3504,,{}
SYN-T-0194,OP-014,M-3,EXCAVATION_LOAD,Material Loading,Site A,08:00,09:00,Completed,60,clear,intermediate,3541,,{}
SYN-T-0195,OP-015,M-5,HAUL_TRANSPORT,Haul Cycle,Site B,08:00,09:00,Completed,60,clear,intermediate,3578,,{}
SYN-T-0196,OP-016,M-1,EXCAVATION_LOAD,Excavation — Trench Digging,Site A,08:00,09:00,Completed,45,clear,intermediate,3615,,{}
SYN-T-0197,OP-017,M-3,EXCAVATION_LOAD,Material Loading,Site B,08:00,09:00,Upcoming,60,clear,intermediate,3652,,{}
SYN-T-0198,OP-018,M-5,HAUL_TRANSPORT,Haul Cycle,Site A,08:00,09:00,Completed,60,clear,intermediate,3689,,{}
SYN-T-0199,OP-019,M-1,EXCAVATION_LOAD,Excavation — Trench Digging,Site B,08:00,09:00,Completed,45,clear,intermediate,3726,,{}
SYN-T-0200,OP-020,M-3,EXCAVATION_LOAD,Material Loading,Site A,08:00,09:00,Completed,60,clear,intermediate,3763,,{}
SYN-T-0201,OP-001,M-5,HAUL_TRANSPORT,Haul Cycle,Site B,08:00,09:00,Upcoming,60,clear,intermediate,3800,,{}
SYN-T-0202,OP-002,M-1,EXCAVATION_LOAD,Excavation — Trench Digging,Site A,08:00,09:00,Completed,45,clear,intermediate,3837,,{}
SYN-T-0203,OP-003,M-3,EXCAVATION_LOAD,Material Loading,Site B,08:00,09:00,Completed,60,clear,intermediate,3874,,{}
SYN-T-0204,OP-004,M-5,HAUL_TRANSPORT,Haul Cycle,Site A,08:00,09:00,Completed,60,clear,intermediate,3911,,{}
SYN-T-0205,OP-005,M-1,EXCAVATION_LOAD,Excavation — Trench Digging,Site B,08:00,09:00,Upcoming,45,clear,intermediate,3948,,{}
SYN-T-0206,OP-006,M-3,EXCAVATION_LOAD,Material Loading,Site A,08:00,09:00,Completed,60,clear,intermediate,3985,,{}
SYN-T-0207,OP-007,M-5,HAUL_TRANSPORT,Haul Cycle,Site B,08:00,09:00,Completed,60,clear,intermediate,4022,,{}
SYN-T-0208,OP-008,M-1,EXCAVATION_LOAD,Excavation — Trench Digging,Site A,08:00,09:00,Completed,45,clear,intermediate,4059,,{}
SYN-T-0209,OP-009,M-3,EXCAVATION_LOAD,Material Loading,Site B,08:00,09:00,Upcoming,60,clear,intermediate,4096,,{}
SYN-T-0210,OP-010,M-5,HAUL_TRANSPORT,Haul Cycle,Site A,08:00,09:00,Completed,60,clear,intermediate,4133,,{}
SYN-T-0211,OP-011,M-1,EXCAVATION_LOAD,Excavation — Trench Digging,Site B,08:00,09:00,Completed,45,clear,intermediate,4170,,{}
SYN-T-0212,OP-012,M-3,EXCAVATION_LOAD,Material Loading,Site A,08:00,09:00,Completed,60,clear,intermediate,4207,,{}
SYN-T-0213,OP-013,M-5,HAUL_TRANSPORT,Haul Cycle,Site B,08:00,09:00,Upcoming,60,clear,intermediate,4244,,{}
SYN-T-0214,OP-014,M-1,EXCAVATION_LOAD,Excavation — Trench Digging,Site A,08:00,09:00,Completed,45,clear,intermediate,4281,,{}
SYN-T-0215,OP-015,M-3,EXCAVATION_LOAD,Material Loading,Site B,08:00,09:00,Completed,60,clear,intermediate,4318,,{}
SYN-T-0216,OP-016,M-5,HAUL_TRANSPORT,Haul Cycle,Site A,08:00,09:00,Completed,60,clear,intermediate,4355,,{}
SYN-T-0217,OP-017,M-1,EXCAVATION_LOAD,Excavation — Trench Digging,Site B,08:00,09:00,Upcoming,45,clear,intermediate,4392,,{}
SYN-T-0218,OP-018,M-3,EXCAVATION_LOAD,Material Loading,Site A,08:00,09:00,Completed,60,clear,intermediate,4429,,{}
SYN-T-0219,OP-019,M-5,HAUL_TRANSPORT,Haul Cycle,Site B,08:00,09:00,Completed,60,clear,intermediate,4466,,{}
SYN-T-0220,OP-020,M-1,EXCAVATION_LOAD,Excavation — Trench Digging,Site A,08:00,09:00,Completed,45,clear,intermediate,4503,,{}
SYN-T-0221,OP-001,M-3,EXCAVATION_LOAD,Material Loading,Site B,08:00,09:00,Upcoming,60,clear,intermediate,4540,,{}
SYN-T-0222,OP-002,M-5,HAUL_TRANSPORT,Haul Cycle,Site A,08:00,09:00,Completed,60,clear,intermediate,4577,,{}
SYN-T-0223,OP-003,M-1,EXCAVATION_LOAD,Excavation — Trench Digging,Site B,08:00,09:00,Completed,45,clear,intermediate,4614,,{}
SYN-T-0224,OP-004,M-3,EXCAVATION_LOAD,Material Loading,Site A,08:00,09:00,Completed,60,clear,intermediate,4651,,{}
SYN-T-0225,OP-005,M-5,HAUL_TRANSPORT,Haul Cycle,Site B,08:00,09:00,Upcoming,60,clear,intermediate,4688,,{}
SYN-T-0226,OP-006,M-1,EXCAVATION_LOAD,Excavation — Trench Digging,Site A,08:00,09:00,Completed,45,clear,intermediate,4725,,{}
SYN-T-0227,OP-007,M-3,EXCAVATION_LOAD,Material Loading,Site B,08:00,09:00,Completed,60,clear,intermediate,4762,,{}
SYN-T-0228,OP-008,M-5,HAUL_TRANSPORT,Haul Cycle,Site A,08:00,09:00,Completed,60,clear,intermediate,4799,,{}
SYN-T-0229,OP-009,M-1,EXCAVATION_LOAD,Excavation — Trench Digging,Site B,08:00,09:00,Upcoming,45,clear,intermediate,4836,,{}
SYN-T-0230,OP-010,M-3,EXCAVATION_LOAD,Material Loading,Site A,08:00,09:00,Completed,60,clear,intermediate,4873,,{}
SYN-T-0231,OP-011,M-5,HAUL_TRANSPORT,Haul Cycle,Site B,08:00,09:00,Completed,60,clear,intermediate,4910,,{}
SYN-T-0232,OP-012,M-1,EXCAVATION_LOAD,Excavation — Trench Digging,Site A,08:00,09:00,Completed,45,clear,intermediate,4947,,{}
SYN-T-0233,OP-013,M-3,EXCAVATION_LOAD,Material Loading,Site B,08:00,09:00,Upcoming,60,clear,intermediate,4984,,{}
SYN-T-0234,OP-014,M-5,HAUL_TRANSPORT,Haul Cycle,Site A,08:00,09:00,Completed,60,clear,intermediate,5021,,{}
SYN-T-0235,OP-015,M-1,EXCAVATION_LOAD,Excavation — Trench Digging,Site B,08:00,09:00,Completed,45,clear,intermediate,5058,,{}
SYN-T-0236,OP-016,M-3,EXCAVATION_LOAD,Material Loading,Site A,08:00,09:00,Completed,60,clear,intermediate,5095,,{}
SYN-T-0237,OP-017,M-5,HAUL_TRANSPORT,Haul Cycle,Site B,08:00,09:00,Upcoming,60,clear,intermediate,5132,,{}
SYN-T-0238,OP-018,M-1,EXCAVATION_LOAD,Excavation — Trench Digging,Site A,08:00,09:00,Completed,45,clear,intermediate,5169,,{}
SYN-T-0239,OP-019,M-3,EXCAVATION_LOAD,Material Loading,Site B,08:00,09:00,Completed,60,clear,intermediate,5206,,{}
SYN-T-0240,OP-020,M-5,HAUL_TRANSPORT,Haul Cycle,Site A,08:00,09:00,Completed,60,clear,intermediate,5243,,{}
SYN-T-0241,OP-001,M-1,EXCAVATION_LOAD,Excavation — Trench Digging,Site B,08:00,09:00,Upcoming,45,clear,intermediate,5280,,{}
SYN-T-0242,OP-002,M-3,EXCAVATION_LOAD,Material Loading,Site A,08:00,09:00,Completed,60,clear,intermediate,5317,,{}
SYN-T-0243,OP-003,M-5,HAUL_TRANSPORT,Haul Cycle,Site B,08:00,09:00,Completed,60,clear,intermediate,5354,,{}
SYN-T-0244,OP-004,M-1,EXCAVATION_LOAD,Excavation — Trench Digging,Site A,08:00,09:00,Completed,45,clear,intermediate,5391,,{}
SYN-T-0245,OP-005,M-3,EXCAVATION_LOAD,Material Loading,Site B,08:00,09:00,Upcoming,60,clear,intermediate,5428,,{}
SYN-T-0246,OP-006,M-5,HAUL_TRANSPORT,Haul Cycle,Site A,08:00,09:00,Completed,60,clear,intermediate,5465,,{}
SYN-T-0247,OP-007,M-1,EXCAVATION_LOAD,Excavation — Trench Digging,Site B,08:00,09:00,Completed,45,clear,intermediate,5502,,{}
SYN-T-0248,OP-008,M-3,EXCAVATION_LOAD,Material Loading,Site A,08:00,09:00,Completed,60,clear,intermediate,5539,,{}
SYN-T-0249,OP-009,M-5,HAUL_TRANSPORT,Haul Cycle,Site B,08:00,09:00,Upcoming,60,clear,intermediate,5576,,{}
SYN-T-0250,OP-010,M-1,EXCAVATION_LOAD,Excavation — Trench Digging,Site A,08:00,09:00,Completed,45,clear,intermediate,5613,,{}
SYN-T-0251,OP-011,M-3,EXCAVATION_LOAD,Material Loading,Site B,08:00,09:00,Completed,60,clear,intermediate,5650,,{}
SYN-T-0252,OP-012,M-5,HAUL_TRANSPORT,Haul Cycle,Site A,08:00,09:00,Completed,60,clear,intermediate,5687,,{}
SYN-T-0253,OP-013,M-1,EXCAVATION_LOAD,Excavation — Trench Digging,Site B,08:00,09:00,Upcoming,45,clear,intermediate,5724,,{}
SYN-T-0254,OP-014,M-3,EXCAVATION_LOAD,Material Loading,Site A,08:00,09:00,Completed,60,clear,intermediate,5761,,{}
SYN-T-0255,OP-015,M-5,HAUL_TRANSPORT,Haul Cycle,Site B,08:00,09:00,Completed,60,clear,intermediate,5798,,{}
SYN-T-0256,OP-016,M-1,EXCAVATION_LOAD,Excavation — Trench Digging,Site A,08:00,09:00,Completed,45,clear,intermediate,5835,,{}
SYN-T-0257,OP-017,M-3,EXCAVATION_LOAD,Material Loading,Site B,08:00,09:00,Upcoming,60,clear,intermediate,5872,,{}
SYN-T-0258,OP-018,M-5,HAUL_TRANSPORT,Haul Cycle,Site A,08:00,09:00,Completed,60,clear,intermediate,5909,,{}
SYN-T-0259,OP-019,M-1,EXCAVATION_LOAD,Excavation — Trench Digging,Site B,08:00,09:00,Completed,45,clear,intermediate,5946,,{}
SYN-T-0260,OP-020,M-3,EXCAVATION_LOAD,Material Loading,Site A,08:00,09:00,Completed,60,clear,intermediate,5983,,{}
SYN-T-0261,OP-001,M-5,HAUL_TRANSPORT,Haul Cycle,Site B,08:00,09:00,Upcoming,60,clear,intermediate,1220,,{}
SYN-T-0262,OP-002,M-1,EXCAVATION_LOAD,Excavation — Trench Digging,Site A,08:00,09:00,Completed,45,clear,intermediate,1257,,{}
SYN-T-0263,OP-003,M-3,EXCAVATION_LOAD,Material Loading,Site B,08:00,09:00,Completed,60,clear,intermediate,1294,,{}
SYN-T-0264,OP-004,M-5,HAUL_TRANSPORT,Haul Cycle,Site A,08:00,09:00,Completed,60,clear,intermediate,1331,,{}
SYN-T-0265,OP-005,M-1,EXCAVATION_LOAD,Excavation — Trench Digging,Site B,08:00,09:00,Upcoming,45,clear,intermediate,1368,,{}
SYN-T-0266,OP-006,M-3,EXCAVATION_LOAD,Material Loading,Site A,08:00,09:00,Completed,60,clear,intermediate,1405,,{}
SYN-T-0267,OP-007,M-5,HAUL_TRANSPORT,Haul Cycle,Site B,08:00,09:00,Completed,60,clear,intermediate,1442,,{}
SYN-T-0268,OP-008,M-1,EXCAVATION_LOAD,Excavation — Trench Digging,Site A,08:00,09:00,Completed,45,clear,intermediate,1479,,{}
SYN-T-0269,OP-009,M-3,EXCAVATION_LOAD,Material Loading,Site B,08:00,09:00,Upcoming,60,clear,intermediate,1516,,{}
SYN-T-0270,OP-010,M-5,HAUL_TRANSPORT,Haul Cycle,Site A,08:00,09:00,Completed,60,clear,intermediate,1553,,{}
SYN-T-0271,OP-011,M-1,EXCAVATION_LOAD,Excavation — Trench Digging,Site B,08:00,09:00,Completed,45,clear,intermediate,1590,,{}
SYN-T-0272,OP-012,M-3,EXCAVATION_LOAD,Material Loading,Site A,08:00,09:00,Completed,60,clear,intermediate,1627,,{}
SYN-T-0273,OP-013,M-5,HAUL_TRANSPORT,Haul Cycle,Site B,08:00,09:00,Upcoming,60,clear,intermediate,1664,,{}
SYN-T-0274,OP-014,M-1,EXCAVATION_LOAD,Excavation — Trench Digging,Site A,08:00,09:00,Completed,45,clear,intermediate,1701,,{}
SYN-T-0275,OP-015,M-3,EXCAVATION_LOAD,Material Loading,Site B,08:00,09:00,Completed,60,clear,intermediate,1738,,{}
SYN-T-0276,OP-016,M-5,HAUL_TRANSPORT,Haul Cycle,Site A,08:00,09:00,Completed,60,clear,intermediate,1775,,{}
SYN-T-0277,OP-017,M-1,EXCAVATION_LOAD,Excavation — Trench Digging,Site B,08:00,09:00,Upcoming,45,clear,intermediate,1812,,{}
SYN-T-0278,OP-018,M-3,EXCAVATION_LOAD,Material Loading,Site A,08:00,09:00,Completed,60,clear,intermediate,1849,,{}
SYN-T-0279,OP-019,M-5,HAUL_TRANSPORT,Haul Cycle,Site B,08:00,09:00,Completed,60,clear,intermediate,1886,,{}
SYN-T-0280,OP-020,M-1,EXCAVATION_LOAD,Excavation — Trench Digging,Site A,08:00,09:00,Completed,45,clear,intermediate,1923,,{}
SYN-T-0281,OP-001,M-3,EXCAVATION_LOAD,Material Loading,Site B,08:00,09:00,Upcoming,60,clear,intermediate,1960,,{}
SYN-T-0282,OP-002,M-5,HAUL_TRANSPORT,Haul Cycle,Site A,08:00,09:00,Completed,60,clear,intermediate,1997,,{}
SYN-T-0283,OP-003,M-1,EXCAVATION_LOAD,Excavation — Trench Digging,Site B,08:00,09:00,Completed,45,clear,intermediate,2034,,{}
SYN-T-0284,OP-004,M-3,EXCAVATION_LOAD,Material Loading,Site A,08:00,09:00,Completed,60,clear,intermediate,2071,,{}
SYN-T-0285,OP-005,M-5,HAUL_TRANSPORT,Haul Cycle,Site B,08:00,09:00,Upcoming,60,clear,intermediate,2108,,{}
SYN-T-0286,OP-006,M-1,EXCAVATION_LOAD,Excavation — Trench Digging,Site A,08:00,09:00,Completed,45,clear,intermediate,2145,,{}
SYN-T-0287,OP-007,M-3,EXCAVATION_LOAD,Material Loading,Site B,08:00,09:00,Completed,60,clear,intermediate,2182,,{}
SYN-T-0288,OP-008,M-5,HAUL_TRANSPORT,Haul Cycle,Site A,08:00,09:00,Completed,60,clear,intermediate,2219,,{}
SYN-T-0289,OP-009,M-1,EXCAVATION_LOAD,Excavation — Trench Digging,Site B,08:00,09:00,Upcoming,45,clear,intermediate,2256,,{}
SYN-T-0290,OP-010,M-3,EXCAVATION_LOAD,Material Loading,Site A,08:00,09:00,Completed,60,clear,intermediate,2293,,{}
SYN-T-0291,OP-011,M-5,HAUL_TRANSPORT,Haul Cycle,Site B,08:00,09:00,Completed,60,clear,intermediate,2330,,{}
SYN-T-0292,OP-012,M-1,EXCAVATION_LOAD,Excavation — Trench Digging,Site A,08:00,09:00,Completed,45,clear,intermediate,2367,,{}
SYN-T-0293,OP-013,M-3,EXCAVATION_LOAD,Material Loading,Site B,08:00,09:00,Upcoming,60,clear,intermediate,2404,,{}
SYN-T-0294,OP-014,M-5,HAUL_TRANSPORT,Haul Cycle,Site A,08:00,09:00,Completed,60,clear,intermediate,2441,,{}
SYN-T-0295,OP-015,M-1,EXCAVATION_LOAD,Excavation — Trench Digging,Site B,08:00,09:00,Completed,45,clear,intermediate,2478,,{}
SYN-T-0296,OP-016,M-3,EXCAVATION_LOAD,Material Loading,Site A,08:00,09:00,Completed,60,clear,intermediate,2515,,{}
SYN-T-0297,OP-017,M-5,HAUL_TRANSPORT,Haul Cycle,Site B,08:00,09:00,Upcoming,60,clear,intermediate,2552,,{}
SYN-T-0298,OP-018,M-1,EXCAVATION_LOAD,Excavation — Trench Digging,Site A,08:00,09:00,Completed,45,clear,intermediate,2589,,{}
SYN-T-0299,OP-019,M-3,EXCAVATION_LOAD,Material Loading,Site B,08:00,09:00,Completed,60,clear,intermediate,2626,,{}
SYN-T-0300,OP-020,M-5,HAUL_TRANSPORT,Haul Cycle,Site A,08:00,09:00,Completed,60,clear,intermediate,2663,,{}
SYN-T-0301,OP-001,M-1,EXCAVATION_LOAD,Excavation — Trench Digging,Site B,08:00,09:00,Upcoming,45,clear,intermediate,2700,,{}
SYN-T-0302,OP-002,M-3,EXCAVATION_LOAD,Material Loading,Site A,08:00,09:00,Completed,60,clear,intermediate,2737,,{}
SYN-T-0303,OP-003,M-5,HAUL_TRANSPORT,Haul Cycle,Site B,08:00,09:00,Completed,60,clear,intermediate,2774,,{}
SYN-T-0304,OP-004,M-1,EXCAVATION_LOAD,Excavation — Trench Digging,Site A,08:00,09:00,Completed,45,clear,intermediate,2811,,{}
SYN-T-0305,OP-005,M-3,EXCAVATION_LOAD,Material Loading,Site B,08:00,09:00,Upcoming,60,clear,intermediate,2848,,{}
SYN-T-0306,OP-006,M-5,HAUL_TRANSPORT,Haul Cycle,Site A,08:00,09:00,Completed,60,clear,intermediate,2885,,{}
SYN-T-0307,OP-007,M-1,EXCAVATION_LOAD,Excavation — Trench Digging,Site B,08:00,09:00,Completed,45,clear,intermediate,2922,,{}
SYN-T-0308,OP-008,M-3,EXCAVATION_LOAD,Material Loading,Site A,08:00,09:00,Completed,60,clear,intermediate,2959,,{}
SYN-T-0309,OP-009,M-5,HAUL_TRANSPORT,Haul Cycle,Site B,08:00,09:00,Upcoming,60,clear,intermediate,2996,,{}
SYN-T-0310,OP-010,M-1,EXCAVATION_LOAD,Excavation — Trench Digging,Site A,08:00,09:00,Completed,45,clear,intermediate,3033,,{}
SYN-T-0311,OP-011,M-3,EXCAVATION_LOAD,Material Loading,Site B,08:00,09:00,Completed,60,clear,intermediate,3070,,{}
SYN-T-0312,OP-012,M-5,HAUL_TRANSPORT,Haul Cycle,Site A,08:00,09:00,Completed,60,clear,intermediate,3107,,{}
SYN-T-0313,OP-013,M-1,EXCAVATION_LOAD,Excavation — Trench Digging,Site B,08:00,09:00,Upcoming,45,clear,intermediate,3144,,{}
SYN-T-0314,OP-014,M-3,EXCAVATION_LOAD,Material Loading,Site A,08:00,09:00,Completed,60,clear,intermediate,3181,,{}
SYN-T-0315,OP-015,M-5,HAUL_TRANSPORT,Haul Cycle,Site B,08:00,09:00,Completed,60,clear,intermediate,3218,,{}
SYN-T-0316,OP-016,M-1,EXCAVATION_LOAD,Excavation — Trench Digging,Site A,08:00,09:00,Completed,45,clear,intermediate,3255,,{}
SYN-T-0317,OP-017,M-3,EXCAVATION_LOAD,Material Loading,Site B,08:00,09:00,Upcoming,60,clear,intermediate,3292,,{}
SYN-T-0318,OP-018,M-5,HAUL_TRANSPORT,Haul Cycle,Site A,08:00,09:00,Completed,60,clear,intermediate,3329,,{}
SYN-T-0319,OP-019,M-1,EXCAVATION_LOAD,Excavation — Trench Digging,Site B,08:00,09:00,Completed,45,clear,intermediate,3366,,{}
SYN-T-0320,OP-020,M-3,EXCAVATION_LOAD,Material Loading,Site A,08:00,09:00,Completed,60,clear,intermediate,3403,,{}
SYN-T-0321,OP-001,M-5,HAUL_TRANSPORT,Haul Cycle,Site B,08:00,09:00,Upcoming,60,clear,intermediate,3440,,{}
SYN-T-0322,OP-002,M-1,EXCAVATION_LOAD,Excavation — Trench Digging,Site A,08:00,09:00,Completed,45,clear,intermediate,3477,,{}
SYN-T-0323,OP-003,M-3,EXCAVATION_LOAD,Material Loading,Site B,08:00,09:00,Completed,60,clear,intermediate,3514,,{}
SYN-T-0324,OP-004,M-5,HAUL_TRANSPORT,Haul Cycle,Site A,08:00,09:00,Completed,60,clear,intermediate,3551,,{}
SYN-T-0325,OP-005,M-1,EXCAVATION_LOAD,Excavation — Trench Digging,Site B,08:00,09:00,Upcoming,45,clear,intermediate,3588,,{}
SYN-T-0326,OP-006,M-3,EXCAVATION_LOAD,Material Loading,Site A,08:00,09:00,Completed,60,clear,intermediate,3625,,{}
SYN-T-0327,OP-007,M-5,HAUL_TRANSPORT,Haul Cycle,Site B,08:00,09:00,Completed,60,clear,intermediate,3662,,{}
SYN-T-0328,OP-008,M-1,EXCAVATION_LOAD,Excavation — Trench Digging,Site A,08:00,09:00,Completed,45,clear,intermediate,3699,,{}
SYN-T-0329,OP-009,M-3,EXCAVATION_LOAD,Material Loading,Site B,08:00,09:00,Upcoming,60,clear,intermediate,3736,,{}
SYN-T-0330,OP-010,M-5,HAUL_TRANSPORT,Haul Cycle,Site A,08:00,09:00,Completed,60,clear,intermediate,3773,,{}
SYN-T-0331,OP-011,M-1,EXCAVATION_LOAD,Excavation — Trench Digging,Site B,08:00,09:00,Completed,45,clear,intermediate,3810,,{}
SYN-T-0332,OP-012,M-3,EXCAVATION_LOAD,Material Loading,Site A,08:00,09:00,Completed,60,clear,intermediate,3847,,{}
SYN-T-0333,OP-013,M-5,HAUL_TRANSPORT,Haul Cycle,Site B,08:00,09:00,Upcoming,60,clear,intermediate,3884,,{}
SYN-T-0334,OP-014,M-1,EXCAVATION_LOAD,Excavation — Trench Digging,Site A,08:00,09:00,Completed,45,clear,intermediate,3921,,{}
SYN-T-0335,OP-015,M-3,EXCAVATION_LOAD,Material Loading,Site B,08:00,09:00,Completed,60,clear,intermediate,3958,,{}
SYN-T-0336,OP-016,M-5,HAUL_TRANSPORT,Haul Cycle,Site A,08:00,09:00,Completed,60,clear,intermediate,3995,,{}
SYN-T-0337,OP-017,M-1,EXCAVATION_LOAD,Excavation — Trench Digging,Site B,08:00,09:00,Upcoming,45,clear,intermediate,4032,,{}
SYN-T-0338,OP-018,M-3,EXCAVATION_LOAD,Material Loading,Site A,08:00,09:00,Completed,60,clear,intermediate,4069,,{}
SYN-T-0339,OP-019,M-5,HAUL_TRANSPORT,Haul Cycle,Site B,08:00,09:00,Completed,60,clear,intermediate,4106,,{}
SYN-T-0340,OP-020,M-1,EXCAVATION_LOAD,Excavation — Trench Digging,Site A,08:00,09:00,Completed,45,clear,intermediate,4143,,{}
SYN-T-0341,OP-001,M-3,EXCAVATION_LOAD,Material Loading,Site B,08:00,09:00,Upcoming,60,clear,intermediate,4180,,{}
SYN-T-0342,OP-002,M-5,HAUL_TRANSPORT,Haul Cycle,Site A,08:00,09:00,Completed,60,clear,intermediate,4217,,{}
SYN-T-0343,OP-003,M-1,EXCAVATION_LOAD,Excavation — Trench Digging,Site B,08:00,09:00,Completed,45,clear,intermediate,4254,,{}
SYN-T-0344,OP-004,M-3,EXCAVATION_LOAD,Material Loading,Site A,08:00,09:00,Completed,60,clear,intermediate,4291,,{}
SYN-T-0345,OP-005,M-5,HAUL_TRANSPORT,Haul Cycle,Site B,08:00,09:00,Upcoming,60,clear,intermediate,4328,,{}
SYN-T-0346,OP-006,M-1,EXCAVATION_LOAD,Excavation — Trench Digging,Site A,08:00,09:00,Completed,45,clear,intermediate,4365,,{}
SYN-T-0347,OP-007,M-3,EXCAVATION_LOAD,Material Loading,Site B,08:00,09:00,Completed,60,clear,intermediate,4402,,{}
SYN-T-0348,OP-008,M-5,HAUL_TRANSPORT,Haul Cycle,Site A,08:00,09:00,Completed,60,clear,intermediate,4439,,{}
SYN-T-0349,OP-009,M-1,EXCAVATION_LOAD,Excavation — Trench Digging,Site B,08:00,09:00,Upcoming,45,clear,intermediate,4476,,{}
SYN-T-0350,OP-010,M-3,EXCAVATION_LOAD,Material Loading,Site A,08:00,09:00,Completed,60,clear,intermediate,4513,,{}
SYN-T-0351,OP-011,M-5,HAUL_TRANSPORT,Haul Cycle,Site B,08:00,09:00,Completed,60,clear,intermediate,4550,,{}
SYN-T-0352,OP-012,M-1,EXCAVATION_LOAD,Excavation — Trench Digging,Site A,08:00,09:00,Completed,45,clear,intermediate,4587,,{}
SYN-T-0353,OP-013,M-3,EXCAVATION_LOAD,Material Loading,Site B,08:00,09:00,Upcoming,60,clear,intermediate,4624,,{}
SYN-T-0354,OP-014,M-5,HAUL_TRANSPORT,Haul Cycle,Site A,08:00,09:00,Completed,60,clear,intermediate,4661,,{}
SYN-T-0355,OP-015,M-1,EXCAVATION_LOAD,Excavation — Trench Digging,Site B,08:00,09:00,Completed,45,clear,intermediate,4698,,{}
SYN-T-0356,OP-016,M-3,EXCAVATION_LOAD,Material Loading,Site A,08:00,09:00,Completed,60,clear,intermediate,4735,,{}
SYN-T-0357,OP-017,M-5,HAUL_TRANSPORT,Haul Cycle,Site B,08:00,09:00,Upcoming,60,clear,intermediate,4772,,{}
SYN-T-0358,OP-018,M-1,EXCAVATION_LOAD,Excavation — Trench Digging,Site A,08:00,09:00,Completed,45,clear,intermediate,4809,,{}
SYN-T-0359,OP-019,M-3,EXCAVATION_LOAD,Material Loading,Site B,08:00,09:00,Completed,60,clear,intermediate,4846,,{}
SYN-T-0360,OP-020,M-5,HAUL_TRANSPORT,Haul Cycle,Site A,08:00,09:00,Completed,60,clear,intermediate,4883,,{}
SYN-T-0361,OP-001,M-1,EXCAVATION_LOAD,Excavation — Trench Digging,Site B,08:00,09:00,Upcoming,45,clear,intermediate,4920,,{}
SYN-T-0362,OP-002,M-3,EXCAVATION_LOAD,Material Loading,Site A,08:00,09:00,Completed,60,clear,intermediate,4957,,{}
SYN-T-0363,OP-003,M-5,HAUL_TRANSPORT,Haul Cycle,Site B,08:00,09:00,Completed,60,clear,intermediate,4994,,{}
SYN-T-0364,OP-004,M-1,EXCAVATION_LOAD,Excavation — Trench Digging,Site A,08:00,09:00,Completed,45,clear,intermediate,5031,,{}
SYN-T-0365,OP-005,M-3,EXCAVATION_LOAD,Material Loading,Site B,08:00,09:00,Upcoming,60,clear,intermediate,5068,,{}
SYN-T-0366,OP-006,M-5,HAUL_TRANSPORT,Haul Cycle,Site A,08:00,09:00,Completed,60,clear,intermediate,5105,,{}
SYN-T-0367,OP-007,M-1,EXCAVATION_LOAD,Excavation — Trench Digging,Site B,08:00,09:00,Completed,45,clear,intermediate,5142,,{}
SYN-T-0368,OP-008,M-3,EXCAVATION_LOAD,Material Loading,Site A,08:00,09:00,Completed,60,clear,intermediate,5179,,{}
SYN-T-0369,OP-009,M-5,HAUL_TRANSPORT,Haul Cycle,Site B,08:00,09:00,Upcoming,60,clear,intermediate,5216,,{}
SYN-T-0370,OP-010,M-1,EXCAVATION_LOAD,Excavation — Trench Digging,Site A,08:00,09:00,Completed,45,clear,intermediate,5253,,{}
SYN-T-0371,OP-011,M-3,EXCAVATION_LOAD,Material Loading,Site B,08:00,09:00,Completed,60,clear,intermediate,5290,,{}
SYN-T-0372,OP-012,M-5,HAUL_TRANSPORT,Haul Cycle,Site A,08:00,09:00,Completed,60,clear,intermediate,5327,,{}
SYN-T-0373,OP-013,M-1,EXCAVATION_LOAD,Excavation — Trench Digging,Site B,08:00,09:00,Upcoming,45,clear,intermediate,5364,,{}
SYN-T-0374,OP-014,M-3,EXCAVATION_LOAD,Material Loading,Site A,08:00,09:00,Completed,60,clear,intermediate,5401,,{}
SYN-T-0375,OP-015,M-5,HAUL_TRANSPORT,Haul Cycle,Site B,08:00,09:00,Completed,60,clear,intermediate,5438,,{}
SYN-T-0376,OP-016,M-1,EXCAVATION_LOAD,Excavation — Trench Digging,Site A,08:00,09:00,Completed,45,clear,intermediate,5475,,{}
SYN-T-0377,OP-017,M-3,EXCAVATION_LOAD,Material Loading,Site B,08:00,09:00,Upcoming,60,clear,intermediate,5512,,{}
SYN-T-0378,OP-018,M-5,HAUL_TRANSPORT,Haul Cycle,Site A,08:00,09:00,Completed,60,clear,intermediate,5549,,{}
SYN-T-0379,OP-019,M-1,EXCAVATION_LOAD,Excavation — Trench Digging,Site B,08:00,09:00,Completed,45,clear,intermediate,5586,,{}
SYN-T-0380,OP-020,M-3,EXCAVATION_LOAD,Material Loading,Site A,08:00,09:00,Completed,60,clear,intermediate,5623,,{}
SYN-T-0381,OP-001,M-5,HAUL_TRANSPORT,Haul Cycle,Site B,08:00,09:00,Upcoming,60,clear,intermediate,5660,,{}
SYN-T-0382,OP-002,M-1,EXCAVATION_LOAD,Excavation — Trench Digging,Site A,08:00,09:00,Completed,45,clear,intermediate,5697,,{}
SYN-T-0383,OP-003,M-3,EXCAVATION_LOAD,Material Loading,Site B,08:00,09:00,Completed,60,clear,intermediate,5734,,{}
SYN-T-0384,OP-004,M-5,HAUL_TRANSPORT,Haul Cycle,Site A,08:00,09:00,Completed,60,clear,intermediate,5771,,{}
SYN-T-0385,OP-005,M-1,EXCAVATION_LOAD,Excavation — Trench Digging,Site B,08:00,09:00,Upcoming,45,clear,intermediate,5808,,{}
SYN-T-0386,OP-006,M-3,EXCAVATION_LOAD,Material Loading,Site A,08:00,09:00,Completed,60,clear,intermediate,5845,,{}
SYN-T-0387,OP-007,M-5,HAUL_TRANSPORT,Haul Cycle,Site B,08:00,09:00,Completed,60,clear,intermediate,5882,,{}
SYN-T-0388,OP-008,M-1,EXCAVATION_LOAD,Excavation — Trench Digging,Site A,08:00,09:00,Completed,45,clear,intermediate,5919,,{}
SYN-T-0389,OP-009,M-3,EXCAVATION_LOAD,Material Loading,Site B,08:00,09:00,Upcoming,60,clear,intermediate,5956,,{}
SYN-T-0390,OP-010,M-5,HAUL_TRANSPORT,Haul Cycle,Site A,08:00,09:00,Completed,60,clear,intermediate,5993,,{}
SYN-T-0391,OP-011,M-1,EXCAVATION_LOAD,Excavation — Trench Digging,Site B,08:00,09:00,Completed,45,clear,intermediate,1230,,{}
SYN-T-0392,OP-012,M-3,EXCAVATION_LOAD,Material Loading,Site A,08:00,09:00,Completed,60,clear,intermediate,1267,,{}
SYN-T-0393,OP-013,M-5,HAUL_TRANSPORT,Haul Cycle,Site B,08:00,09:00,Upcoming,60,clear,intermediate,1304,,{}
SYN-T-0394,OP-014,M-1,EXCAVATION_LOAD,Excavation — Trench Digging,Site A,08:00,09:00,Completed,45,clear,intermediate,1341,,{}
SYN-T-0395,OP-015,M-3,EXCAVATION_LOAD,Material Loading,Site B,08:00,09:00,Completed,60,clear,intermediate,1378,,{}
SYN-T-0396,OP-016,M-5,HAUL_TRANSPORT,Haul Cycle,Site A,08:00,09:00,Completed,60,clear,intermediate,1415,,{}
SYN-T-0397,OP-017,M-1,EXCAVATION_LOAD,Excavation — Trench Digging,Site B,08:00,09:00,Upcoming,45,clear,intermediate,1452,,{}
SYN-T-0398,OP-018,M-3,EXCAVATION_LOAD,Material Loading,Site A,08:00,09:00,Completed,60,clear,intermediate,1489,,{}
SYN-T-0399,OP-019,M-5,HAUL_TRANSPORT,Haul Cycle,Site B,08:00,09:00,Completed,60,clear,intermediate,1526,,{}
SYN-T-0400,OP-020,M-1,EXCAVATION_LOAD,Excavation — Trench Digging,Site A,08:00,09:00,Completed,45,clear,intermediate,1563,,{}
SYN-T-0401,OP-001,M-3,EXCAVATION_LOAD,Material Loading,Site B,08:00,09:00,Upcoming,60,clear,intermediate,1600,,{}
SYN-T-0402,OP-002,M-5,HAUL_TRANSPORT,Haul Cycle,Site A,08:00,09:00,Completed,60,clear,intermediate,1637,,{}
SYN-T-0403,OP-003,M-1,EXCAVATION_LOAD,Excavation — Trench Digging,Site B,08:00,09:00,Completed,45,clear,intermediate,1674,,{}
SYN-T-0404,OP-004,M-3,EXCAVATION_LOAD,Material Loading,Site A,08:00,09:00,Completed,60,clear,intermediate,1711,,{}
SYN-T-0405,OP-005,M-5,HAUL_TRANSPORT,Haul Cycle,Site B,08:00,09:00,Upcoming,60,clear,intermediate,1748,,{}
SYN-T-0406,OP-006,M-1,EXCAVATION_LOAD,Excavation — Trench Digging,Site A,08:00,09:00,Completed,45,clear,intermediate,1785,,{}
SYN-T-0407,OP-007,M-3,EXCAVATION_LOAD,Material Loading,Site B,08:00,09:00,Completed,60,clear,intermediate,1822,,{}
SYN-T-0408,OP-008,M-5,HAUL_TRANSPORT,Haul Cycle,Site A,08:00,09:00,Completed,60,clear,intermediate,1859,,{}
SYN-T-0409,OP-009,M-1,EXCAVATION_LOAD,Excavation — Trench Digging,Site B,08:00,09:00,Upcoming,45,clear,intermediate,1896,,{}
SYN-T-0410,OP-010,M-3,EXCAVATION_LOAD,Material Loading,Site A,08:00,09:00,Completed,60,clear,intermediate,1933,,{}
SYN-T-0411,OP-011,M-5,HAUL_TRANSPORT,Haul Cycle,Site B,08:00,09:00,Completed,60,clear,intermediate,1970,,{}
SYN-T-0412,OP-012,M-1,EXCAVATION_LOAD,Excavation — Trench Digging,Site A,08:00,09:00,Completed,45,clear,intermediate,2007,,{}
SYN-T-0413,OP-013,M-3,EXCAVATION_LOAD,Material Loading,Site B,08:00,09:00,Upcoming,60,clear,intermediate,2044,,{}
SYN-T-0414,OP-014,M-5,HAUL_TRANSPORT,Haul Cycle,Site A,08:00,09:00,Completed,60,clear,intermediate,2081,,{}
SYN-T-0415,OP-015,M-1,EXCAVATION_LOAD,Excavation — Trench Digging,Site B,08:00,09:00,Completed,45,clear,intermediate,2118,,{}
SYN-T-0416,OP-016,M-3,EXCAVATION_LOAD,Material Loading,Site A,08:00,09:00,Completed,60,clear,intermediate,2155,,{}
SYN-T-0417,OP-017,M-5,HAUL_TRANSPORT,Haul Cycle,Site B,08:00,09:00,Upcoming,60,clear,intermediate,2192,,{}
SYN-T-0418,OP-018,M-1,EXCAVATION_LOAD,Excavation — Trench Digging,Site A,08:00,09:00,Completed,45,clear,intermediate,2229,,{}
SYN-T-0419,OP-019,M-3,EXCAVATION_LOAD,Material Loading,Site B,08:00,09:00,Completed,60,clear,intermediate,2266,,{}
SYN-T-0420,OP-020,M-5,HAUL_TRANSPORT,Haul Cycle,Site A,08:00,09:00,Completed,60,clear,intermediate,2303,,{}
SYN-T-0421,OP-001,M-1,EXCAVATION_LOAD,Excavation — Trench Digging,Site B,08:00,09:00,Upcoming,45,clear,intermediate,2340,,{}
SYN-T-0422,OP-002,M-3,EXCAVATION_LOAD,Material Loading,Site A,08:00,09:00,Completed,60,clear,intermediate,2377,,{}
SYN-T-0423,OP-003,M-5,HAUL_TRANSPORT,Haul Cycle,Site B,08:00,09:00,Completed,60,clear,intermediate,2414,,{}
SYN-T-0424,OP-004,M-1,EXCAVATION_LOAD,Excavation — Trench Digging,Site A,08:00,09:00,Completed,45,clear,intermediate,2451,,{}
SYN-T-0425,OP-005,M-3,EXCAVATION_LOAD,Material Loading,Site B,08:00,09:00,Upcoming,60,clear,intermediate,2488,,{}
SYN-T-0426,OP-006,M-5,HAUL_TRANSPORT,Haul Cycle,Site A,08:00,09:00,Completed,60,clear,intermediate,2525,,{}
SYN-T-0427,OP-007,M-1,EXCAVATION_LOAD,Excavation — Trench Digging,Site B,08:00,09:00,Completed,45,clear,intermediate,2562,,{}
SYN-T-0428,OP-008,M-3,EXCAVATION_LOAD,Material Loading,Site A,08:00,09:00,Completed,60,clear,intermediate,2599,,{}
SYN-T-0429,OP-009,M-5,HAUL_TRANSPORT,Haul Cycle,Site B,08:00,09:00,Upcoming,60,clear,intermediate,2636,,{}
SYN-T-0430,OP-010,M-1,EXCAVATION_LOAD,Excavation — Trench Digging,Site A,08:00,09:00,Completed,45,clear,intermediate,2673,,{}
SYN-T-0431,OP-011,M-3,EXCAVATION_LOAD,Material Loading,Site B,08:00,09:00,Completed,60,clear,intermediate,2710,,{}
SYN-T-0432,OP-012,M-5,HAUL_TRANSPORT,Haul Cycle,Site A,08:00,09:00,Completed,60,clear,intermediate,2747,,{}
SYN-T-0433,OP-013,M-1,EXCAVATION_LOAD,Excavation — Trench Digging,Site B,08:00,09:00,Upcoming,45,clear,intermediate,2784,,{}
SYN-T-0434,OP-014,M-3,EXCAVATION_LOAD,Material Loading,Site A,08:00,09:00,Completed,60,clear,intermediate,2821,,{}
SYN-T-0435,OP-015,M-5,HAUL_TRANSPORT,Haul Cycle,Site B,08:00,09:00,Completed,60,clear,intermediate,2858,,{}
SYN-T-0436,OP-016,M-1,EXCAVATION_LOAD,Excavation — Trench Digging,Site A,08:00,09:00,Completed,45,clear,intermediate,2895,,{}
SYN-T-0437,OP-017,M-3,EXCAVATION_LOAD,Material Loading,Site B,08:00,09:00,Upcoming,60,clear,intermediate,2932,,{}
SYN-T-0438,OP-018,M-5,HAUL_TRANSPORT,Haul Cycle,Site A,08:00,09:00,Completed,60,clear,intermediate,2969,,{}
SYN-T-0439,OP-019,M-1,EXCAVATION_LOAD,Excavation — Trench Digging,Site B,08:00,09:00,Completed,45,clear,intermediate,3006,,{}
SYN-T-0440,OP-020,M-3,EXCAVATION_LOAD,Material Loading,Site A,08:00,09:00,Completed,60,clear,intermediate,3043,,{}
SYN-T-0441,OP-001,M-5,HAUL_TRANSPORT,Haul Cycle,Site B,08:00,09:00,Upcoming,60,clear,intermediate,3080,,{}
SYN-T-0442,OP-002,M-1,EXCAVATION_LOAD,Excavation — Trench Digging,Site A,08:00,09:00,Completed,45,clear,intermediate,3117,,{}
SYN-T-0443,OP-003,M-3,EXCAVATION_LOAD,Material Loading,Site B,08:00,09:00,Completed,60,clear,intermediate,3154,,{}
SYN-T-0444,OP-004,M-5,HAUL_TRANSPORT,Haul Cycle,Site A,08:00,09:00,Completed,60,clear,intermediate,3191,,{}
SYN-T-0445,OP-005,M-1,EXCAVATION_LOAD,Excavation — Trench Digging,Site B,08:00,09:00,Upcoming,45,clear,intermediate,3228,,{}
SYN-T-0446,OP-006,M-3,EXCAVATION_LOAD,Material Loading,Site A,08:00,09:00,Completed,60,clear,intermediate,3265,,{}
SYN-T-0447,OP-007,M-5,HAUL_TRANSPORT,Haul Cycle,Site B,08:00,09:00,Completed,60,clear,intermediate,3302,,{}
SYN-T-0448,OP-008,M-1,EXCAVATION_LOAD,Excavation — Trench Digging,Site A,08:00,09:00,Completed,45,clear,intermediate,3339,,{}
SYN-T-0449,OP-009,M-3,EXCAVATION_LOAD,Material Loading,Site B,08:00,09:00,Upcoming,60,clear,intermediate,3376,,{}
SYN-T-0450,OP-010,M-5,HAUL_TRANSPORT,Haul Cycle,Site A,08:00,09:00,Completed,60,clear,intermediate,3413,,{}
SYN-T-0451,OP-011,M-1,EXCAVATION_LOAD,Excavation — Trench Digging,Site B,08:00,09:00,Completed,45,clear,intermediate,3450,,{}
SYN-T-0452,OP-012,M-3,EXCAVATION_LOAD,Material Loading,Site A,08:00,09:00,Completed,60,clear,intermediate,3487,,{}
SYN-T-0453,OP-013,M-5,HAUL_TRANSPORT,Haul Cycle,Site B,08:00,09:00,Upcoming,60,clear,intermediate,3524,,{}
SYN-T-0454,OP-014,M-1,EXCAVATION_LOAD,Excavation — Trench Digging,Site A,08:00,09:00,Completed,45,clear,intermediate,3561,,{}
SYN-T-0455,OP-015,M-3,EXCAVATION_LOAD,Material Loading,Site B,08:00,09:00,Completed,60,clear,intermediate,3598,,{}
SYN-T-0456,OP-016,M-5,HAUL_TRANSPORT,Haul Cycle,Site A,08:00,09:00,Completed,60,clear,intermediate,3635,,{}
SYN-T-0457,OP-017,M-1,EXCAVATION_LOAD,Excavation — Trench Digging,Site B,08:00,09:00,Upcoming,45,clear,intermediate,3672,,{}
SYN-T-0458,OP-018,M-3,EXCAVATION_LOAD,Material Loading,Site A,08:00,09:00,Completed,60,clear,intermediate,3709,,{}
SYN-T-0459,OP-019,M-5,HAUL_TRANSPORT,Haul Cycle,Site B,08:00,09:00,Completed,60,clear,intermediate,3746,,{}
SYN-T-0460,OP-020,M-1,EXCAVATION_LOAD,Excavation — Trench Digging,Site A,08:00,09:00,Completed,45,clear,intermediate,3783,,{}
SYN-T-0461,OP-001,M-3,EXCAVATION_LOAD,Material Loading,Site B,08:00,09:00,Upcoming,60,clear,intermediate,3820,,{}
SYN-T-0462,OP-002,M-5,HAUL_TRANSPORT,Haul Cycle,Site A,08:00,09:00,Completed,60,clear,intermediate,3857,,{}
SYN-T-0463,OP-003,M-1,EXCAVATION_LOAD,Excavation — Trench Digging,Site B,08:00,09:00,Completed,45,clear,intermediate,3894,,{}
SYN-T-0464,OP-004,M-3,EXCAVATION_LOAD,Material Loading,Site A,08:00,09:00,Completed,60,clear,intermediate,3931,,{}
SYN-T-0465,OP-005,M-5,HAUL_TRANSPORT,Haul Cycle,Site B,08:00,09:00,Upcoming,60,clear,intermediate,3968,,{}
SYN-T-0466,OP-006,M-1,EXCAVATION_LOAD,Excavation — Trench Digging,Site A,08:00,09:00,Completed,45,clear,intermediate,4005,,{}
SYN-T-0467,OP-007,M-3,EXCAVATION_LOAD,Material Loading,Site B,08:00,09:00,Completed,60,clear,intermediate,4042,,{}
SYN-T-0468,OP-008,M-5,HAUL_TRANSPORT,Haul Cycle,Site A,08:00,09:00,Completed,60,clear,intermediate,4079,,{}
SYN-T-0469,OP-009,M-1,EXCAVATION_LOAD,Excavation — Trench Digging,Site B,08:00,09:00,Upcoming,45,clear,intermediate,4116,,{}
SYN-T-0470,OP-010,M-3,EXCAVATION_LOAD,Material Loading,Site A,08:00,09:00,Completed,60,clear,intermediate,4153,,{}
SYN-T-0471,OP-011,M-5,HAUL_TRANSPORT,Haul Cycle,Site B,08:00,09:00,Completed,60,clear,intermediate,4190,,{}
SYN-T-0472,OP-012,M-1,EXCAVATION_LOAD,Excavation — Trench Digging,Site A,08:00,09:00,Completed,45,clear,intermediate,4227,,{}
SYN-T-0473,OP-013,M-3,EXCAVATION_LOAD,Material Loading,Site B,08:00,09:00,Upcoming,60,clear,intermediate,4264,,{}
SYN-T-0474,OP-014,M-5,HAUL_TRANSPORT,Haul Cycle,Site A,08:00,09:00,Completed,60,clear,intermediate,4301,,{}
SYN-T-0475,OP-015,M-1,EXCAVATION_LOAD,Excavation — Trench Digging,Site B,08:00,09:00,Completed,45,clear,intermediate,4338,,{}
SYN-T-0476,OP-016,M-3,EXCAVATION_LOAD,Material Loading,Site A,08:00,09:00,Completed,60,clear,intermediate,4375,,{}
SYN-T-0477,OP-017,M-5,HAUL_TRANSPORT,Haul Cycle,Site B,08:00,09:00,Upcoming,60,clear,intermediate,4412,,{}
SYN-T-0478,OP-018,M-1,EXCAVATION_LOAD,Excavation — Trench Digging,Site A,08:00,09:00,Completed,45,clear,intermediate,4449,,{}
SYN-T-0479,OP-019,M-3,EXCAVATION_LOAD,Material Loading,Site B,08:00,09:00,Completed,60,clear,intermediate,4486,,{}
SYN-T-0480,OP-020,M-5,HAUL_TRANSPORT,Haul Cycle,Site A,08:00,09:00,Completed,60,clear,intermediate,4523,,{}
SYN-T-0481,OP-001,M-1,EXCAVATION_LOAD,Excavation — Trench Digging,Site B,08:00,09:00,Upcoming,45,clear,intermediate,4560,,{}
SYN-T-0482,OP-002,M-3,EXCAVATION_LOAD,Material Loading,Site A,08:00,09:00,Completed,60,clear,intermediate,4597,,{}
SYN-T-0483,OP-003,M-5,HAUL_TRANSPORT,Haul Cycle,Site B,08:00,09:00,Completed,60,clear,intermediate,4634,,{}
SYN-T-0484,OP-004,M-1,EXCAVATION_LOAD,Excavation — Trench Digging,Site A,08:00,09:00,Completed,45,clear,intermediate,4671,,{}
SYN-T-0485,OP-005,M-3,EXCAVATION_LOAD,Material Loading,Site B,08:00,09:00,Upcoming,60,clear,intermediate,4708,,{}
SYN-T-0486,OP-006,M-5,HAUL_TRANSPORT,Haul Cycle,Site A,08:00,09:00,Completed,60,clear,intermediate,4745,,{}
SYN-T-0487,OP-007,M-1,EXCAVATION_LOAD,Excavation — Trench Digging,Site B,08:00,09:00,Completed,45,clear,intermediate,4782,,{}
SYN-T-0488,OP-008,M-3,EXCAVATION_LOAD,Material Loading,Site A,08:00,09:00,Completed,60,clear,intermediate,4819,,{}
SYN-T-0489,OP-009,M-5,HAUL_TRANSPORT,Haul Cycle,Site B,08:00,09:00,Upcoming,60,clear,intermediate,4856,,{}
SYN-T-0490,OP-010,M-1,EXCAVATION_LOAD,Excavation — Trench Digging,Site A,08:00,09:00,Completed,45,clear,intermediate,4893,,{}
SYN-T-0491,OP-011,M-3,EXCAVATION_LOAD,Material Loading,Site B,08:00,09:00,Completed,60,clear,intermediate,4930,,{}
SYN-T-0492,OP-012,M-5,HAUL_TRANSPORT,Haul Cycle,Site A,08:00,09:00,Completed,60,clear,intermediate,4967,,{}
SYN-T-0493,OP-013,M-1,EXCAVATION_LOAD,Excavation — Trench Digging,Site B,08:00,09:00,Upcoming,45,clear,intermediate,5004,,{}
SYN-T-0494,OP-014,M-3,EXCAVATION_LOAD,Material Loading,Site A,08:00,09:00,Completed,60,clear,intermediate,5041,,{}
SYN-T-0495,OP-015,M-5,HAUL_TRANSPORT,Haul Cycle,Site B,08:00,09:00,Completed,60,clear,intermediate,5078,,{}
SYN-T-0496,OP-016,M-1,EXCAVATION_LOAD,Excavation — Trench Digging,Site A,08:00,09:00,Completed,45,clear,intermediate,5115,,{}
SYN-T-0497,OP-017,M-3,EXCAVATION_LOAD,Material Loading,Site B,08:00,09:00,Upcoming,60,clear,intermediate,5152,,{}
SYN-T-0498,OP-018,M-5,HAUL_TRANSPORT,Haul Cycle,Site A,08:00,09:00,Completed,60,clear,intermediate,5189,,{}
SYN-T-0499,OP-019,M-1,EXCAVATION_LOAD,Excavation — Trench Digging,Site B,08:00,09:00,Completed,45,clear,intermediate,5226,,{}
SYN-T-0500,OP-020,M-3,EXCAVATION_LOAD,Material Loading,Site A,08:00,09:00,Completed,60,clear,intermediate,5263,,{}
SYN-T-0501,OP-001,M-5,HAUL_TRANSPORT,Haul Cycle,Site B,08:00,09:00,Upcoming,60,clear,intermediate,5300,,{}
SYN-T-0502,OP-002,M-1,EXCAVATION_LOAD,Excavation — Trench Digging,Site A,08:00,09:00,Completed,45,clear,intermediate,5337,,{}
SYN-T-0503,OP-003,M-3,EXCAVATION_LOAD,Material Loading,Site B,08:00,09:00,Completed,60,clear,intermediate,5374,,{}
SYN-T-0504,OP-004,M-5,HAUL_TRANSPORT,Haul Cycle,Site A,08:00,09:00,Completed,60,clear,intermediate,5411,,{}
SYN-T-0505,OP-005,M-1,EXCAVATION_LOAD,Excavation — Trench Digging,Site B,08:00,09:00,Upcoming,45,clear,intermediate,5448,,{}
SYN-T-0506,OP-006,M-3,EXCAVATION_LOAD,Material Loading,Site A,08:00,09:00,Completed,60,clear,intermediate,5485,,{}
SYN-T-0507,OP-007,M-5,HAUL_TRANSPORT,Haul Cycle,Site B,08:00,09:00,Completed,60,clear,intermediate,5522,,{}
SYN-T-0508,OP-008,M-1,EXCAVATION_LOAD,Excavation — Trench Digging,Site A,08:00,09:00,Completed,45,clear,intermediate,5559,,{}
SYN-T-0509,OP-009,M-3,EXCAVATION_LOAD,Material Loading,Site B,08:00,09:00,Upcoming,60,clear,intermediate,5596,,{}
SYN-T-0510,OP-010,M-5,HAUL_TRANSPORT,Haul Cycle,Site A,08:00,09:00,Completed,60,clear,intermediate,5633,,{}
SYN-T-0511,OP-011,M-1,EXCAVATION_LOAD,Excavation — Trench Digging,Site B,08:00,09:00,Completed,45,clear,intermediate,5670,,{}
SYN-T-0512,OP-012,M-3,EXCAVATION_LOAD,Material Loading,Site A,08:00,09:00,Completed,60,clear,intermediate,5707,,{}
SYN-T-0513,OP-013,M-5,HAUL_TRANSPORT,Haul Cycle,Site B,08:00,09:00,Upcoming,60,clear,intermediate,5744,,{}
SYN-T-0514,OP-014,M-1,EXCAVATION_LOAD,Excavation — Trench Digging,Site A,08:00,09:00,Completed,45,clear,intermediate,5781,,{}
SYN-T-0515,OP-015,M-3,EXCAVATION_LOAD,Material Loading,Site B,08:00,09:00,Completed,60,clear,intermediate,5818,,{}
SYN-T-0516,OP-016,M-5,HAUL_TRANSPORT,Haul Cycle,Site A,08:00,09:00,Completed,60,clear,intermediate,5855,,{}
SYN-T-0517,OP-017,M-1,EXCAVATION_LOAD,Excavation — Trench Digging,Site B,08:00,09:00,Upcoming,45,clear,intermediate,5892,,{}
SYN-T-0518,OP-018,M-3,EXCAVATION_LOAD,Material Loading,Site A,08:00,09:00,Completed,60,clear,intermediate,5929,,{}
SYN-T-0519,OP-019,M-5,HAUL_TRANSPORT,Haul Cycle,Site B,08:00,09:00,Completed,60,clear,intermediate,5966,,{}
SYN-T-0520,OP-020,M-1,EXCAVATION_LOAD,Excavation — Trench Digging,Site A,08:00,09:00,Completed,45,clear,intermediate,1203,,{}
SYN-T-0521,OP-001,M-3,EXCAVATION_LOAD,Material Loading,Site B,08:00,09:00,Upcoming,60,clear,intermediate,1240,,{}
SYN-T-0522,OP-002,M-5,HAUL_TRANSPORT,Haul Cycle,Site A,08:00,09:00,Completed,60,clear,intermediate,1277,,{}
SYN-T-0523,OP-003,M-1,EXCAVATION_LOAD,Excavation — Trench Digging,Site B,08:00,09:00,Completed,45,clear,intermediate,1314,,{}
SYN-T-0524,OP-004,M-3,EXCAVATION_LOAD,Material Loading,Site A,08:00,09:00,Completed,60,clear,intermediate,1351,,{}
SYN-T-0525,OP-005,M-5,HAUL_TRANSPORT,Haul Cycle,Site B,08:00,09:00,Upcoming,60,clear,intermediate,1388,,{}
SYN-T-0526,OP-006,M-1,EXCAVATION_LOAD,Excavation — Trench Digging,Site A,08:00,09:00,Completed,45,clear,intermediate,1425,,{}
SYN-T-0527,OP-007,M-3,EXCAVATION_LOAD,Material Loading,Site B,08:00,09:00,Completed,60,clear,intermediate,1462,,{}
SYN-T-0528,OP-008,M-5,HAUL_TRANSPORT,Haul Cycle,Site A,08:00,09:00,Completed,60,clear,intermediate,1499,,{}
SYN-T-0529,OP-009,M-1,EXCAVATION_LOAD,Excavation — Trench Digging,Site B,08:00,09:00,Upcoming,45,clear,intermediate,1536,,{}
SYN-T-0530,OP-010,M-3,EXCAVATION_LOAD,Material Loading,Site A,08:00,09:00,Completed,60,clear,intermediate,1573,,{}
SYN-T-0531,OP-011,M-5,HAUL_TRANSPORT,Haul Cycle,Site B,08:00,09:00,Completed,60,clear,intermediate,1610,,{}
SYN-T-0532,OP-012,M-1,EXCAVATION_LOAD,Excavation — Trench Digging,Site A,08:00,09:00,Completed,45,clear,intermediate,1647,,{}
SYN-T-0533,OP-013,M-3,EXCAVATION_LOAD,Material Loading,Site B,08:00,09:00,Upcoming,60,clear,intermediate,1684,,{}
SYN-T-0534,OP-014,M-5,HAUL_TRANSPORT,Haul Cycle,Site A,08:00,09:00,Completed,60,clear,intermediate,1721,,{}
SYN-T-0535,OP-015,M-1,EXCAVATION_LOAD,Excavation — Trench Digging,Site B,08:00,09:00,Completed,45,clear,intermediate,1758,,{}
SYN-T-0536,OP-016,M-3,EXCAVATION_LOAD,Material Loading,Site A,08:00,09:00,Completed,60,clear,intermediate,1795,,{}
SYN-T-0537,OP-017,M-5,HAUL_TRANSPORT,Haul Cycle,Site B,08:00,09:00,Upcoming,60,clear,intermediate,1832,,{}
SYN-T-0538,OP-018,M-1,EXCAVATION_LOAD,Excavation — Trench Digging,Site A,08:00,09:00,Completed,45,clear,intermediate,1869,,{}
SYN-T-0539,OP-019,M-3,EXCAVATION_LOAD,Material Loading,Site B,08:00,09:00,Completed,60,clear,intermediate,1906,,{}
SYN-T-0540,OP-020,M-5,HAUL_TRANSPORT,Haul Cycle,Site A,08:00,09:00,Completed,60,clear,intermediate,1943,,{}
SYN-T-0541,OP-001,M-1,EXCAVATION_LOAD,Excavation — Trench Digging,Site B,08:00,09:00,Upcoming,45,clear,intermediate,1980,,{}
SYN-T-0542,OP-002,M-3,EXCAVATION_LOAD,Material Loading,Site A,08:00,09:00,Completed,60,clear,intermediate,2017,,{}
SYN-T-0543,OP-003,M-5,HAUL_TRANSPORT,Haul Cycle,Site B,08:00,09:00,Completed,60,clear,intermediate,2054,,{}
SYN-T-0544,OP-004,M-1,EXCAVATION_LOAD,Excavation — Trench Digging,Site A,08:00,09:00,Completed,45,clear,intermediate,2091,,{}
SYN-T-0545,OP-005,M-3,EXCAVATION_LOAD,Material Loading,Site B,08:00,09:00,Upcoming,60,clear,intermediate,2128,,{}
SYN-T-0546,OP-006,M-5,HAUL_TRANSPORT,Haul Cycle,Site A,08:00,09:00,Completed,60,clear,intermediate,2165,,{}
SYN-T-0547,OP-007,M-1,EXCAVATION_LOAD,Excavation — Trench Digging,Site B,08:00,09:00,Completed,45,clear,intermediate,2202,,{}
SYN-T-0548,OP-008,M-3,EXCAVATION_LOAD,Material Loading,Site A,08:00,09:00,Completed,60,clear,intermediate,2239,,{}
SYN-T-0549,OP-009,M-5,HAUL_TRANSPORT,Haul Cycle,Site B,08:00,09:00,Upcoming,60,clear,intermediate,2276,,{}
SYN-T-0550,OP-010,M-1,EXCAVATION_LOAD,Excavation — Trench Digging,Site A,08:00,09:00,Completed,45,clear,intermediate,2313,,{}
SYN-T-0551,OP-011,M-3,EXCAVATION_LOAD,Material Loading,Site B,08:00,09:00,Completed,60,clear,intermediate,2350,,{}
SYN-T-0552,OP-012,M-5,HAUL_TRANSPORT,Haul Cycle,Site A,08:00,09:00,Completed,60,clear,intermediate,2387,,{}
SYN-T-0553,OP-013,M-1,EXCAVATION_LOAD,Excavation — Trench Digging,Site B,08:00,09:00,Upcoming,45,clear,intermediate,2424,,{}
SYN-T-0554,OP-014,M-3,EXCAVATION_LOAD,Material Loading,Site A,08:00,09:00,Completed,60,clear,intermediate,2461,,{}
SYN-T-0555,OP-015,M-5,HAUL_TRANSPORT,Haul Cycle,Site B,08:00,09:00,Completed,60,clear,intermediate,2498,,{}
SYN-T-0556,OP-016,M-1,EXCAVATION_LOAD,Excavation — Trench Digging,Site A,08:00,09:00,Completed,45,clear,intermediate,2535,,{}
SYN-T-0557,OP-017,M-3,EXCAVATION_LOAD,Material Loading,Site B,08:00,09:00,Upcoming,60,clear,intermediate,2572,,{}
SYN-T-0558,OP-018,M-5,HAUL_TRANSPORT,Haul Cycle,Site A,08:00,09:00,Completed,60,clear,intermediate,2609,,{}
SYN-T-0559,OP-019,M-1,EXCAVATION_LOAD,Excavation — Trench Digging,Site B,08:00,09:00,Completed,45,clear,intermediate,2646,,{}
SYN-T-0560,OP-020,M-3,EXCAVATION_LOAD,Material Loading,Site A,08:00,09:00,Completed,60,clear,intermediate,2683,,{}
SYN-T-0561,OP-001,M-5,HAUL_TRANSPORT,Haul Cycle,Site B,08:00,09:00,Upcoming,60,clear,intermediate,2720,,{}
SYN-T-0562,OP-002,M-1,EXCAVATION_LOAD,Excavation — Trench Digging,Site A,08:00,09:00,Completed,45,clear,intermediate,2757,,{}
SYN-T-0563,OP-003,M-3,EXCAVATION_LOAD,Material Loading,Site B,08:00,09:00,Completed,60,clear,intermediate,2794,,{}
SYN-T-0564,OP-004,M-5,HAUL_TRANSPORT,Haul Cycle,Site A,08:00,09:00,Completed,60,clear,intermediate,2831,,{}
SYN-T-0565,OP-005,M-1,EXCAVATION_LOAD,Excavation — Trench Digging,Site B,08:00,09:00,Upcoming,45,clear,intermediate,2868,,{}
SYN-T-0566,OP-006,M-3,EXCAVATION_LOAD,Material Loading,Site A,08:00,09:00,Completed,60,clear,intermediate,2905,,{}
SYN-T-0567,OP-007,M-5,HAUL_TRANSPORT,Haul Cycle,Site B,08:00,09:00,Completed,60,clear,intermediate,2942,,{}
SYN-T-0568,OP-008,M-1,EXCAVATION_LOAD,Excavation — Trench Digging,Site A,08:00,09:00,Completed,45,clear,intermediate,2979,,{}
SYN-T-0569,OP-009,M-3,EXCAVATION_LOAD,Material Loading,Site B,08:00,09:00,Upcoming,60,clear,intermediate,3016,,{}
SYN-T-0570,OP-010,M-5,HAUL_TRANSPORT,Haul Cycle,Site A,08:00,09:00,Completed,60,clear,intermediate,3053,,{}
SYN-T-0571,OP-011,M-1,EXCAVATION_LOAD,Excavation — Trench Digging,Site B,08:00,09:00,Completed,45,clear,intermediate,3090,,{}
SYN-T-0572,OP-012,M-3,EXCAVATION_LOAD,Material Loading,Site A,08:00,09:00,Completed,60,clear,intermediate,3127,,{}
SYN-T-0573,OP-013,M-5,HAUL_TRANSPORT,Haul Cycle,Site B,08:00,09:00,Upcoming,60,clear,intermediate,3164,,{}
SYN-T-0574,OP-014,M-1,EXCAVATION_LOAD,Excavation — Trench Digging,Site A,08:00,09:00,Completed,45,clear,intermediate,3201,,{}
SYN-T-0575,OP-015,M-3,EXCAVATION_LOAD,Material Loading,Site B,08:00,09:00,Completed,60,clear,intermediate,3238,,{}
SYN-T-0576,OP-016,M-5,HAUL_TRANSPORT,Haul Cycle,Site A,08:00,09:00,Completed,60,clear,intermediate,3275,,{}
SYN-T-0577,OP-017,M-1,EXCAVATION_LOAD,Excavation — Trench Digging,Site B,08:00,09:00,Upcoming,45,clear,intermediate,3312,,{}
SYN-T-0578,OP-018,M-3,EXCAVATION_LOAD,Material Loading,Site A,08:00,09:00,Completed,60,clear,intermediate,3349,,{}
SYN-T-0579,OP-019,M-5,HAUL_TRANSPORT,Haul Cycle,Site B,08:00,09:00,Completed,60,clear,intermediate,3386,,{}
SYN-T-0580,OP-020,M-1,EXCAVATION_LOAD,Excavation — Trench Digging,Site A,08:00,09:00,Completed,45,clear,intermediate,3423,,{}
SYN-T-0581,OP-001,M-3,EXCAVATION_LOAD,Material Loading,Site B,08:00,09:00,Upcoming,60,clear,intermediate,3460,,{}
SYN-T-0582,OP-002,M-5,HAUL_TRANSPORT,Haul Cycle,Site A,08:00,09:00,Completed,60,clear,intermediate,3497,,{}
SYN-T-0583,OP-003,M-1,EXCAVATION_LOAD,Excavation — Trench Digging,Site B,08:00,09:00,Completed,45,clear,intermediate,3534,,{}
SYN-T-0584,OP-004,M-3,EXCAVATION_LOAD,Material Loading,Site A,08:00,09:00,Completed,60,clear,intermediate,3571,,{}
SYN-T-0585,OP-005,M-5,HAUL_TRANSPORT,Haul Cycle,Site B,08:00,09:00,Upcoming,60,clear,intermediate,3608,,{}
SYN-T-0586,OP-006,M-1,EXCAVATION_LOAD,Excavation — Trench Digging,Site A,08:00,09:00,Completed,45,clear,intermediate,3645,,{}
SYN-T-0587,OP-007,M-3,EXCAVATION_LOAD,Material Loading,Site B,08:00,09:00,Completed,60,clear,intermediate,3682,,{}
SYN-T-0588,OP-008,M-5,HAUL_TRANSPORT,Haul Cycle,Site A,08:00,09:00,Completed,60,clear,intermediate,3719,,{}
SYN-T-0589,OP-009,M-1,EXCAVATION_LOAD,Excavation — Trench Digging,Site B,08:00,09:00,Upcoming,45,clear,intermediate,3756,,{}
SYN-T-0590,OP-010,M-3,EXCAVATION_LOAD,Material Loading,Site A,08:00,09:00,Completed,60,clear,intermediate,3793,,{}
SYN-T-0591,OP-011,M-5,HAUL_TRANSPORT,Haul Cycle,Site B,08:00,09:00,Completed,60,clear,intermediate,3830,,{}
SYN-T-0592,OP-012,M-1,EXCAVATION_LOAD,Excavation — Trench Digging,Site A,08:00,09:00,Completed,45,clear,intermediate,3867,,{}
SYN-T-0593,OP-013,M-3,EXCAVATION_LOAD,Material Loading,Site B,08:00,09:00,Upcoming,60,clear,intermediate,3904,,{}
SYN-T-0594,OP-014,M-5,HAUL_TRANSPORT,Haul Cycle,Site A,08:00,09:00,Completed,60,clear,intermediate,3941,,{}
SYN-T-0595,OP-015,M-1,EXCAVATION_LOAD,Excavation — Trench Digging,Site B,08:00,09:00,Completed,45,clear,intermediate,3978,,{}
SYN-T-0596,OP-016,M-3,EXCAVATION_LOAD,Material Loading,Site A,08:00,09:00,Completed,60,clear,intermediate,4015,,{}
SYN-T-0597,OP-017,M-5,HAUL_TRANSPORT,Haul Cycle,Site B,08:00,09:00,Upcoming,60,clear,intermediate,4052,,{}
SYN-T-0598,OP-018,M-1,EXCAVATION_LOAD,Excavation — Trench Digging,Site A,08:00,09:00,Completed,45,clear,intermediate,4089,,{}
SYN-T-0599,OP-019,M-3,EXCAVATION_LOAD,Material Loading,Site B,08:00,09:00,Completed,60,clear,intermediate,4126,,{}
SYN-T-0600,OP-020,M-5,HAUL_TRANSPORT,Haul Cycle,Site A,08:00,09:00,Completed,60,clear,intermediate,4163,,{}
SYN-T-0601,OP-001,M-1,EXCAVATION_LOAD,Excavation — Trench Digging,Site B,08:00,09:00,Upcoming,45,clear,intermediate,4200,,{}
SYN-T-0602,OP-002,M-3,EXCAVATION_LOAD,Material Loading,Site A,08:00,09:00,Completed,60,clear,intermediate,4237,,{}
SYN-T-0603,OP-003,M-5,HAUL_TRANSPORT,Haul Cycle,Site B,08:00,09:00,Completed,60,clear,intermediate,4274,,{}
SYN-T-0604,OP-004,M-1,EXCAVATION_LOAD,Excavation — Trench Digging,Site A,08:00,09:00,Completed,45,clear,intermediate,4311,,{}
SYN-T-0605,OP-005,M-3,EXCAVATION_LOAD,Material Loading,Site B,08:00,09:00,Upcoming,60,clear,intermediate,4348,,{}
SYN-T-0606,OP-006,M-5,HAUL_TRANSPORT,Haul Cycle,Site A,08:00,09:00,Completed,60,clear,intermediate,4385,,{}
SYN-T-0607,OP-007,M-1,EXCAVATION_LOAD,Excavation — Trench Digging,Site B,08:00,09:00,Completed,45,clear,intermediate,4422,,{}
SYN-T-0608,OP-008,M-3,EXCAVATION_LOAD,Material Loading,Site A,08:00,09:00,Completed,60,clear,intermediate,4459,,{}
SYN-T-0609,OP-009,M-5,HAUL_TRANSPORT,Haul Cycle,Site B,08:00,09:00,Upcoming,60,clear,intermediate,4496,,{}
SYN-T-0610,OP-010,M-1,EXCAVATION_LOAD,Excavation — Trench Digging,Site A,08:00,09:00,Completed,45,clear,intermediate,4533,,{}
SYN-T-0611,OP-011,M-3,EXCAVATION_LOAD,Material Loading,Site B,08:00,09:00,Completed,60,clear,intermediate,4570,,{}
SYN-T-0612,OP-012,M-5,HAUL_TRANSPORT,Haul Cycle,Site A,08:00,09:00,Completed,60,clear,intermediate,4607,,{}
SYN-T-0613,OP-013,M-1,EXCAVATION_LOAD,Excavation — Trench Digging,Site B,08:00,09:00,Upcoming,45,clear,intermediate,4644,,{}
SYN-T-0614,OP-014,M-3,EXCAVATION_LOAD,Material Loading,Site A,08:00,09:00,Completed,60,clear,intermediate,4681,,{}
SYN-T-0615,OP-015,M-5,HAUL_TRANSPORT,Haul Cycle,Site B,08:00,09:00,Completed,60,clear,intermediate,4718,,{}
SYN-T-0616,OP-016,M-1,EXCAVATION_LOAD,Excavation — Trench Digging,Site A,08:00,09:00,Completed,45,clear,intermediate,4755,,{}
SYN-T-0617,OP-017,M-3,EXCAVATION_LOAD,Material Loading,Site B,08:00,09:00,Upcoming,60,clear,intermediate,4792,,{}
SYN-T-0618,OP-018,M-5,HAUL_TRANSPORT,Haul Cycle,Site A,08:00,09:00,Completed,60,clear,intermediate,4829,,{}
SYN-T-0619,OP-019,M-1,EXCAVATION_LOAD,Excavation — Trench Digging,Site B,08:00,09:00,Completed,45,clear,intermediate,4866,,{}
SYN-T-0620,OP-020,M-3,EXCAVATION_LOAD,Material Loading,Site A,08:00,09:00,Completed,60,clear,intermediate,4903,,{}
SYN-T-0621,OP-001,M-5,HAUL_TRANSPORT,Haul Cycle,Site B,08:00,09:00,Upcoming,60,clear,intermediate,4940,,{}
SYN-T-0622,OP-002,M-1,EXCAVATION_LOAD,Excavation — Trench Digging,Site A,08:00,09:00,Completed,45,clear,intermediate,4977,,{}
SYN-T-0623,OP-003,M-3,EXCAVATION_LOAD,Material Loading,Site B,08:00,09:00,Completed,60,clear,intermediate,5014,,{}
SYN-T-0624,OP-004,M-5,HAUL_TRANSPORT,Haul Cycle,Site A,08:00,09:00,Completed,60,clear,intermediate,5051,,{}
SYN-T-0625,OP-005,M-1,EXCAVATION_LOAD,Excavation — Trench Digging,Site B,08:00,09:00,Upcoming,45,clear,intermediate,5088,,{}
SYN-T-0626,OP-006,M-3,EXCAVATION_LOAD,Material Loading,Site A,08:00,09:00,Completed,60,clear,intermediate,5125,,{}
SYN-T-0627,OP-007,M-5,HAUL_TRANSPORT,Haul Cycle,Site B,08:00,09:00,Completed,60,clear,intermediate,5162,,{}
SYN-T-0628,OP-008,M-1,EXCAVATION_LOAD,Excavation — Trench Digging,Site A,08:00,09:00,Completed,45,clear,intermediate,5199,,{}
SYN-T-0629,OP-009,M-3,EXCAVATION_LOAD,Material Loading,Site B,08:00,09:00,Upcoming,60,clear,intermediate,5236,,{}
SYN-T-0630,OP-010,M-5,HAUL_TRANSPORT,Haul Cycle,Site A,08:00,09:00,Completed,60,clear,intermediate,5273,,{}
SYN-T-0631,OP-011,M-1,EXCAVATION_LOAD,Excavation — Trench Digging,Site B,08:00,09:00,Completed,45,clear,intermediate,5310,,{}
SYN-T-0632,OP-012,M-3,EXCAVATION_LOAD,Material Loading,Site A,08:00,09:00,Completed,60,clear,intermediate,5347,,{}
SYN-T-0633,OP-013,M-5,HAUL_TRANSPORT,Haul Cycle,Site B,08:00,09:00,Upcoming,60,clear,intermediate,5384,,{}
SYN-T-0634,OP-014,M-1,EXCAVATION_LOAD,Excavation — Trench Digging,Site A,08:00,09:00,Completed,45,clear,intermediate,5421,,{}
SYN-T-0635,OP-015,M-3,EXCAVATION_LOAD,Material Loading,Site B,08:00,09:00,Completed,60,clear,intermediate,5458,,{}
SYN-T-0636,OP-016,M-5,HAUL_TRANSPORT,Haul Cycle,Site A,08:00,09:00,Completed,60,clear,intermediate,5495,,{}
SYN-T-0637,OP-017,M-1,EXCAVATION_LOAD,Excavation — Trench Digging,Site B,08:00,09:00,Upcoming,45,clear,intermediate,5532,,{}
SYN-T-0638,OP-018,M-3,EXCAVATION_LOAD,Material Loading,Site A,08:00,09:00,Completed,60,clear,intermediate,5569,,{}
SYN-T-0639,OP-019,M-5,HAUL_TRANSPORT,Haul Cycle,Site B,08:00,09:00,Completed,60,clear,intermediate,5606,,{}
SYN-T-0640,OP-020,M-1,EXCAVATION_LOAD,Excavation — Trench Digging,Site A,08:00,09:00,Completed,45,clear,intermediate,5643,,{}
SYN-T-0641,OP-001,M-3,EXCAVATION_LOAD,Material Loading,Site B,08:00,09:00,Upcoming,60,clear,intermediate,5680,,{}
SYN-T-0642,OP-002,M-5,HAUL_TRANSPORT,Haul Cycle,Site A,08:00,09:00,Completed,60,clear,intermediate,5717,,{}
SYN-T-0643,OP-003,M-1,EXCAVATION_LOAD,Excavation — Trench Digging,Site B,08:00,09:00,Completed,45,clear,intermediate,5754,,{}
SYN-T-0644,OP-004,M-3,EXCAVATION_LOAD,Material Loading,Site A,08:00,09:00,Completed,60,clear,intermediate,5791,,{}
SYN-T-0645,OP-005,M-5,HAUL_TRANSPORT,Haul Cycle,Site B,08:00,09:00,Upcoming,60,clear,intermediate,5828,,{}
SYN-T-0646,OP-006,M-1,EXCAVATION_LOAD,Excavation — Trench Digging,Site A,08:00,09:00,Completed,45,clear,intermediate,5865,,{}
SYN-T-0647,OP-007,M-3,EXCAVATION_LOAD,Material Loading,Site B,08:00,09:00,Completed,60,clear,intermediate,5902,,{}
SYN-T-0648,OP-008,M-5,HAUL_TRANSPORT,Haul Cycle,Site A,08:00,09:00,Completed,60,clear,intermediate,5939,,{}
SYN-T-0649,OP-009,M-1,EXCAVATION_LOAD,Excavation — Trench Digging,Site B,08:00,09:00,Upcoming,45,clear,intermediate,5976,,{}
SYN-T-0650,OP-010,M-3,EXCAVATION_LOAD,Material Loading,Site A,08:00,09:00,Completed,60,clear,intermediate,1213,,{}
SYN-T-0651,OP-011,M-5,HAUL_TRANSPORT,Haul Cycle,Site B,08:00,09:00,Completed,60,clear,intermediate,1250,,{}
SYN-T-0652,OP-012,M-1,EXCAVATION_LOAD,Excavation — Trench Digging,Site A,08:00,09:00,Completed,45,clear,intermediate,1287,,{}
SYN-T-0653,OP-013,M-3,EXCAVATION_LOAD,Material Loading,Site B,08:00,09:00,Upcoming,60,clear,intermediate,1324,,{}
SYN-T-0654,OP-014,M-5,HAUL_TRANSPORT,Haul Cycle,Site A,08:00,09:00,Completed,60,clear,intermediate,1361,,{}
SYN-T-0655,OP-015,M-1,EXCAVATION_LOAD,Excavation — Trench Digging,Site B,08:00,09:00,Completed,45,clear,intermediate,1398,,{}
SYN-T-0656,OP-016,M-3,EXCAVATION_LOAD,Material Loading,Site A,08:00,09:00,Completed,60,clear,intermediate,1435,,{}
SYN-T-0657,OP-017,M-5,HAUL_TRANSPORT,Haul Cycle,Site B,08:00,09:00,Upcoming,60,clear,intermediate,1472,,{}
SYN-T-0658,OP-018,M-1,EXCAVATION_LOAD,Excavation — Trench Digging,Site A,08:00,09:00,Completed,45,clear,intermediate,1509,,{}
SYN-T-0659,OP-019,M-3,EXCAVATION_LOAD,Material Loading,Site B,08:00,09:00,Completed,60,clear,intermediate,1546,,{}
SYN-T-0660,OP-020,M-5,HAUL_TRANSPORT,Haul Cycle,Site A,08:00,09:00,Completed,60,clear,intermediate,1583,,{}
SYN-T-0661,OP-001,M-1,EXCAVATION_LOAD,Excavation — Trench Digging,Site B,08:00,09:00,Upcoming,45,clear,intermediate,1620,,{}
SYN-T-0662,OP-002,M-3,EXCAVATION_LOAD,Material Loading,Site A,08:00,09:00,Completed,60,clear,intermediate,1657,,{}
SYN-T-0663,OP-003,M-5,HAUL_TRANSPORT,Haul Cycle,Site B,08:00,09:00,Completed,60,clear,intermediate,1694,,{}
SYN-T-0664,OP-004,M-1,EXCAVATION_LOAD,Excavation — Trench Digging,Site A,08:00,09:00,Completed,45,clear,intermediate,1731,,{}
SYN-T-0665,OP-005,M-3,EXCAVATION_LOAD,Material Loading,Site B,08:00,09:00,Upcoming,60,clear,intermediate,1768,,{}
SYN-T-0666,OP-006,M-5,HAUL_TRANSPORT,Haul Cycle,Site A,08:00,09:00,Completed,60,clear,intermediate,1805,,{}
SYN-T-0667,OP-007,M-1,EXCAVATION_LOAD,Excavation — Trench Digging,Site B,08:00,09:00,Completed,45,clear,intermediate,1842,,{}
SYN-T-0668,OP-008,M-3,EXCAVATION_LOAD,Material Loading,Site A,08:00,09:00,Completed,60,clear,intermediate,1879,,{}
SYN-T-0669,OP-009,M-5,HAUL_TRANSPORT,Haul Cycle,Site B,08:00,09:00,Upcoming,60,clear,intermediate,1916,,{}
SYN-T-0670,OP-010,M-1,EXCAVATION_LOAD,Excavation — Trench Digging,Site A,08:00,09:00,Completed,45,clear,intermediate,1953,,{}
SYN-T-0671,OP-011,M-3,EXCAVATION_LOAD,Material Loading,Site B,08:00,09:00,Completed,60,clear,intermediate,1990,,{}
SYN-T-0672,OP-012,M-5,HAUL_TRANSPORT,Haul Cycle,Site A,08:00,09:00,Completed,60,clear,intermediate,2027,,{}
SYN-T-0673,OP-013,M-1,EXCAVATION_LOAD,Excavation — Trench Digging,Site B,08:00,09:00,Upcoming,45,clear,intermediate,2064,,{}
SYN-T-0674,OP-014,M-3,EXCAVATION_LOAD,Material Loading,Site A,08:00,09:00,Completed,60,clear,intermediate,2101,,{}
SYN-T-0675,OP-015,M-5,HAUL_TRANSPORT,Haul Cycle,Site B,08:00,09:00,Completed,60,clear,intermediate,2138,,{}
SYN-T-0676,OP-016,M-1,EXCAVATION_LOAD,Excavation — Trench Digging,Site A,08:00,09:00,Completed,45,clear,intermediate,2175,,{}
SYN-T-0677,OP-017,M-3,EXCAVATION_LOAD,Material Loading,Site B,08:00,09:00,Upcoming,60,clear,intermediate,2212,,{}
SYN-T-0678,OP-018,M-5,HAUL_TRANSPORT,Haul Cycle,Site A,08:00,09:00,Completed,60,clear,intermediate,2249,,{}
SYN-T-0679,OP-019,M-1,EXCAVATION_LOAD,Excavation — Trench Digging,Site B,08:00,09:00,Completed,45,clear,intermediate,2286,,{}
SYN-T-0680,OP-020,M-3,EXCAVATION_LOAD,Material Loading,Site A,08:00,09:00,Completed,60,clear,intermediate,2323,,{}
SYN-T-0681,OP-001,M-5,HAUL_TRANSPORT,Haul Cycle,Site B,08:00,09:00,Upcoming,60,clear,intermediate,2360,,{}
SYN-T-0682,OP-002,M-1,EXCAVATION_LOAD,Excavation — Trench Digging,Site A,08:00,09:00,Completed,45,clear,intermediate,2397,,{}
SYN-T-0683,OP-003,M-3,EXCAVATION_LOAD,Material Loading,Site B,08:00,09:00,Completed,60,clear,intermediate,2434,,{}
SYN-T-0684,OP-004,M-5,HAUL_TRANSPORT,Haul Cycle,Site A,08:00,09:00,Completed,60,clear,intermediate,2471,,{}
SYN-T-0685,OP-005,M-1,EXCAVATION_LOAD,Excavation — Trench Digging,Site B,08:00,09:00,Upcoming,45,clear,intermediate,2508,,{}
SYN-T-0686,OP-006,M-3,EXCAVATION_LOAD,Material Loading,Site A,08:00,09:00,Completed,60,clear,intermediate,2545,,{}
SYN-T-0687,OP-007,M-5,HAUL_TRANSPORT,Haul Cycle,Site B,08:00,09:00,Completed,60,clear,intermediate,2582,,{}
SYN-T-0688,OP-008,M-1,EXCAVATION_LOAD,Excavation — Trench Digging,Site A,08:00,09:00,Completed,45,clear,intermediate,2619,,{}
SYN-T-0689,OP-009,M-3,EXCAVATION_LOAD,Material Loading,Site B,08:00,09:00,Upcoming,60,clear,intermediate,2656,,{}
SYN-T-0690,OP-010,M-5,HAUL_TRANSPORT,Haul Cycle,Site A,08:00,09:00,Completed,60,clear,intermediate,2693,,{}
SYN-T-0691,OP-011,M-1,EXCAVATION_LOAD,Excavation — Trench Digging,Site B,08:00,09:00,Completed,45,clear,intermediate,2730,,{}
SYN-T-0692,OP-012,M-3,EXCAVATION_LOAD,Material Loading,Site A,08:00,09:00,Completed,60,clear,intermediate,2767,,{}
SYN-T-0693,OP-013,M-5,HAUL_TRANSPORT,Haul Cycle,Site B,08:00,09:00,Upcoming,60,clear,intermediate,2804,,{}
SYN-T-0694,OP-014,M-1,EXCAVATION_LOAD,Excavation — Trench Digging,Site A,08:00,09:00,Completed,45,clear,intermediate,2841,,{}
SYN-T-0695,OP-015,M-3,EXCAVATION_LOAD,Material Loading,Site B,08:00,09:00,Completed,60,clear,intermediate,2878,,{}
SYN-T-0696,OP-016,M-5,HAUL_TRANSPORT,Haul Cycle,Site A,08:00,09:00,Completed,60,clear,intermediate,2915,,{}
SYN-T-0697,OP-017,M-1,EXCAVATION_LOAD,Excavation — Trench Digging,Site B,08:00,09:00,Upcoming,45,clear,intermediate,2952,,{}
SYN-T-0698,OP-018,M-3,EXCAVATION_LOAD,Material Loading,Site A,08:00,09:00,Completed,60,clear,intermediate,2989,,{}
SYN-T-0699,OP-019,M-5,HAUL_TRANSPORT,Haul Cycle,Site B,08:00,09:00,Completed,60,clear,intermediate,3026,,{}
SYN-T-0700,OP-020,M-1,EXCAVATION_LOAD,Excavation — Trench Digging,Site A,08:00,09:00,Completed,45,clear,intermediate,3063,,{}
SYN-T-0701,OP-001,M-3,EXCAVATION_LOAD,Material Loading,Site B,08:00,09:00,Upcoming,60,clear,intermediate,3100,,{}
SYN-T-0702,OP-002,M-5,HAUL_TRANSPORT,Haul Cycle,Site A,08:00,09:00,Completed,60,clear,intermediate,3137,,{}
SYN-T-0703,OP-003,M-1,EXCAVATION_LOAD,Excavation — Trench Digging,Site B,08:00,09:00,Completed,45,clear,intermediate,3174,,{}
SYN-T-0704,OP-004,M-3,EXCAVATION_LOAD,Material Loading,Site A,08:00,09:00,Completed,60,clear,intermediate,3211,,{}
SYN-T-0705,OP-005,M-5,HAUL_TRANSPORT,Haul Cycle,Site B,08:00,09:00,Upcoming,60,clear,intermediate,3248,,{}
SYN-T-0706,OP-006,M-1,EXCAVATION_LOAD,Excavation — Trench Digging,Site A,08:00,09:00,Completed,45,clear,intermediate,3285,,{}
SYN-T-0707,OP-007,M-3,EXCAVATION_LOAD,Material Loading,Site B,08:00,09:00,Completed,60,clear,intermediate,3322,,{}
SYN-T-0708,OP-008,M-5,HAUL_TRANSPORT,Haul Cycle,Site A,08:00,09:00,Completed,60,clear,intermediate,3359,,{}
SYN-T-0709,OP-009,M-1,EXCAVATION_LOAD,Excavation — Trench Digging,Site B,08:00,09:00,Upcoming,45,clear,intermediate,3396,,{}
SYN-T-0710,OP-010,M-3,EXCAVATION_LOAD,Material Loading,Site A,08:00,09:00,Completed,60,clear,intermediate,3433,,{}
SYN-T-0711,OP-011,M-5,HAUL_TRANSPORT,Haul Cycle,Site B,08:00,09:00,Completed,60,clear,intermediate,3470,,{}
SYN-T-0712,OP-012,M-1,EXCAVATION_LOAD,Excavation — Trench Digging,Site A,08:00,09:00,Completed,45,clear,intermediate,3507,,{}
SYN-T-0713,OP-013,M-3,EXCAVATION_LOAD,Material Loading,Site B,08:00,09:00,Upcoming,60,clear,intermediate,3544,,{}
SYN-T-0714,OP-014,M-5,HAUL_TRANSPORT,Haul Cycle,Site A,08:00,09:00,Completed,60,clear,intermediate,3581,,{}
SYN-T-0715,OP-015,M-1,EXCAVATION_LOAD,Excavation — Trench Digging,Site B,08:00,09:00,Completed,45,clear,intermediate,3618,,{}
SYN-T-0716,OP-016,M-3,EXCAVATION_LOAD,Material Loading,Site A,08:00,09:00,Completed,60,clear,intermediate,3655,,{}
SYN-T-0717,OP-017,M-5,HAUL_TRANSPORT,Haul Cycle,Site B,08:00,09:00,Upcoming,60,clear,intermediate,3692,,{}
SYN-T-0718,OP-018,M-1,EXCAVATION_LOAD,Excavation — Trench Digging,Site A,08:00,09:00,Completed,45,clear,intermediate,3729,,{}
SYN-T-0719,OP-019,M-3,EXCAVATION_LOAD,Material Loading,Site B,08:00,09:00,Completed,60,clear,intermediate,3766,,{}
SYN-T-0720,OP-020,M-5,HAUL_TRANSPORT,Haul Cycle,Site A,08:00,09:00,Completed,60,clear,intermediate,3803,,{}
SYN-T-0721,OP-001,M-1,EXCAVATION_LOAD,Excavation — Trench Digging,Site B,08:00,09:00,Upcoming,45,clear,intermediate,3840,,{}
SYN-T-0722,OP-002,M-3,EXCAVATION_LOAD,Material Loading,Site A,08:00,09:00,Completed,60,clear,intermediate,3877,,{}
SYN-T-0723,OP-003,M-5,HAUL_TRANSPORT,Haul Cycle,Site B,08:00,09:00,Completed,60,clear,intermediate,3914,,{}
SYN-T-0724,OP-004,M-1,EXCAVATION_LOAD,Excavation — Trench Digging,Site A,08:00,09:00,Completed,45,clear,intermediate,3951,,{}
SYN-T-0725,OP-005,M-3,EXCAVATION_LOAD,Material Loading,Site B,08:00,09:00,Upcoming,60,clear,intermediate,3988,,{}
SYN-T-0726,OP-006,M-5,HAUL_TRANSPORT,Haul Cycle,Site A,08:00,09:00,Completed,60,clear,intermediate,4025,,{}
SYN-T-0727,OP-007,M-1,EXCAVATION_LOAD,Excavation — Trench Digging,Site B,08:00,09:00,Completed,45,clear,intermediate,4062,,{}
SYN-T-0728,OP-008,M-3,EXCAVATION_LOAD,Material Loading,Site A,08:00,09:00,Completed,60,clear,intermediate,4099,,{}
SYN-T-0729,OP-009,M-5,HAUL_TRANSPORT,Haul Cycle,Site B,08:00,09:00,Upcoming,60,clear,intermediate,4136,,{}
SYN-T-0730,OP-010,M-1,EXCAVATION_LOAD,Excavation — Trench Digging,Site A,08:00,09:00,Completed,45,clear,intermediate,4173,,{}
SYN-T-0731,OP-011,M-3,EXCAVATION_LOAD,Material Loading,Site B,08:00,09:00,Completed,60,clear,intermediate,4210,,{}
SYN-T-0732,OP-012,M-5,HAUL_TRANSPORT,Haul Cycle,Site A,08:00,09:00,Completed,60,clear,intermediate,4247,,{}
SYN-T-0733,OP-013,M-1,EXCAVATION_LOAD,Excavation — Trench Digging,Site B,08:00,09:00,Upcoming,45,clear,intermediate,4284,,{}
SYN-T-0734,OP-014,M-3,EXCAVATION_LOAD,Material Loading,Site A,08:00,09:00,Completed,60,clear,intermediate,4321,,{}
SYN-T-0735,OP-015,M-5,HAUL_TRANSPORT,Haul Cycle,Site B,08:00,09:00,Completed,60,clear,intermediate,4358,,{}
SYN-T-0736,OP-016,M-1,EXCAVATION_LOAD,Excavation — Trench Digging,Site A,08:00,09:00,Completed,45,clear,intermediate,4395,,{}
SYN-T-0737,OP-017,M-3,EXCAVATION_LOAD,Material Loading,Site B,08:00,09:00,Upcoming,60,clear,intermediate,4432,,{}
SYN-T-0738,OP-018,M-5,HAUL_TRANSPORT,Haul Cycle,Site A,08:00,09:00,Completed,60,clear,intermediate,4469,,{}
SYN-T-0739,OP-019,M-1,EXCAVATION_LOAD,Excavation — Trench Digging,Site B,08:00,09:00,Completed,45,clear,intermediate,4506,,{}
SYN-T-0740,OP-020,M-3,EXCAVATION_LOAD,Material Loading,Site A,08:00,09:00,Completed,60,clear,intermediate,4543,,{}
SYN-T-0741,OP-001,M-5,HAUL_TRANSPORT,Haul Cycle,Site B,08:00,09:00,Upcoming,60,clear,intermediate,4580,,{}
SYN-T-0742,OP-002,M-1,EXCAVATION_LOAD,Excavation — Trench Digging,Site A,08:00,09:00,Completed,45,clear,intermediate,4617,,{}
SYN-T-0743,OP-003,M-3,EXCAVATION_LOAD,Material Loading,Site B,08:00,09:00,Completed,60,clear,intermediate,4654,,{}
SYN-T-0744,OP-004,M-5,HAUL_TRANSPORT,Haul Cycle,Site A,08:00,09:00,Completed,60,clear,intermediate,4691,,{}
SYN-T-0745,OP-005,M-1,EXCAVATION_LOAD,Excavation — Trench Digging,Site B,08:00,09:00,Upcoming,45,clear,intermediate,4728,,{}
SYN-T-0746,OP-006,M-3,EXCAVATION_LOAD,Material Loading,Site A,08:00,09:00,Completed,60,clear,intermediate,4765,,{}
SYN-T-0747,OP-007,M-5,HAUL_TRANSPORT,Haul Cycle,Site B,08:00,09:00,Completed,60,clear,intermediate,4802,,{}
SYN-T-0748,OP-008,M-1,EXCAVATION_LOAD,Excavation — Trench Digging,Site A,08:00,09:00,Completed,45,clear,intermediate,4839,,{}
SYN-T-0749,OP-009,M-3,EXCAVATION_LOAD,Material Loading,Site B,08:00,09:00,Upcoming,60,clear,intermediate,4876,,{}
SYN-T-0750,OP-010,M-5,HAUL_TRANSPORT,Haul Cycle,Site A,08:00,09:00,Completed,60,clear,intermediate,4913,,{}
SYN-T-0751,OP-011,M-1,EXCAVATION_LOAD,Excavation — Trench Digging,Site B,08:00,09:00,Completed,45,clear,intermediate,4950,,{}
SYN-T-0752,OP-012,M-3,EXCAVATION_LOAD,Material Loading,Site A,08:00,09:00,Completed,60,clear,intermediate,4987,,{}
SYN-T-0753,OP-013,M-5,HAUL_TRANSPORT,Haul Cycle,Site B,08:00,09:00,Upcoming,60,clear,intermediate,5024,,{}
SYN-T-0754,OP-014,M-1,EXCAVATION_LOAD,Excavation — Trench Digging,Site A,08:00,09:00,Completed,45,clear,intermediate,5061,,{}
SYN-T-0755,OP-015,M-3,EXCAVATION_LOAD,Material Loading,Site B,08:00,09:00,Completed,60,clear,intermediate,5098,,{}
SYN-T-0756,OP-016,M-5,HAUL_TRANSPORT,Haul Cycle,Site A,08:00,09:00,Completed,60,clear,intermediate,5135,,{}
SYN-T-0757,OP-017,M-1,EXCAVATION_LOAD,Excavation — Trench Digging,Site B,08:00,09:00,Upcoming,45,clear,intermediate,5172,,{}
SYN-T-0758,OP-018,M-3,EXCAVATION_LOAD,Material Loading,Site A,08:00,09:00,Completed,60,clear,intermediate,5209,,{}
SYN-T-0759,OP-019,M-5,HAUL_TRANSPORT,Haul Cycle,Site B,08:00,09:00,Completed,60,clear,intermediate,5246,,{}
SYN-T-0760,OP-020,M-1,EXCAVATION_LOAD,Excavation — Trench Digging,Site A,08:00,09:00,Completed,45,clear,intermediate,5283,,{}
SYN-T-0761,OP-001,M-3,EXCAVATION_LOAD,Material Loading,Site B,08:00,09:00,Upcoming,60,clear,intermediate,5320,,{}
SYN-T-0762,OP-002,M-5,HAUL_TRANSPORT,Haul Cycle,Site A,08:00,09:00,Completed,60,clear,intermediate,5357,,{}
SYN-T-0763,OP-003,M-1,EXCAVATION_LOAD,Excavation — Trench Digging,Site B,08:00,09:00,Completed,45,clear,intermediate,5394,,{}
SYN-T-0764,OP-004,M-3,EXCAVATION_LOAD,Material Loading,Site A,08:00,09:00,Completed,60,clear,intermediate,5431,,{}
SYN-T-0765,OP-005,M-5,HAUL_TRANSPORT,Haul Cycle,Site B,08:00,09:00,Upcoming,60,clear,intermediate,5468,,{}
SYN-T-0766,OP-006,M-1,EXCAVATION_LOAD,Excavation — Trench Digging,Site A,08:00,09:00,Completed,45,clear,intermediate,5505,,{}
SYN-T-0767,OP-007,M-3,EXCAVATION_LOAD,Material Loading,Site B,08:00,09:00,Completed,60,clear,intermediate,5542,,{}
SYN-T-0768,OP-008,M-5,HAUL_TRANSPORT,Haul Cycle,Site A,08:00,09:00,Completed,60,clear,intermediate,5579,,{}
SYN-T-0769,OP-009,M-1,EXCAVATION_LOAD,Excavation — Trench Digging,Site B,08:00,09:00,Upcoming,45,clear,intermediate,5616,,{}
SYN-T-0770,OP-010,M-3,EXCAVATION_LOAD,Material Loading,Site A,08:00,09:00,Completed,60,clear,intermediate,5653,,{}
SYN-T-0771,OP-011,M-5,HAUL_TRANSPORT,Haul Cycle,Site B,08:00,09:00,Completed,60,clear,intermediate,5690,,{}
SYN-T-0772,OP-012,M-1,EXCAVATION_LOAD,Excavation — Trench Digging,Site A,08:00,09:00,Completed,45,clear,intermediate,5727,,{}
SYN-T-0773,OP-013,M-3,EXCAVATION_LOAD,Material Loading,Site B,08:00,09:00,Upcoming,60,clear,intermediate,5764,,{}
SYN-T-0774,OP-014,M-5,HAUL_TRANSPORT,Haul Cycle,Site A,08:00,09:00,Completed,60,clear,intermediate,5801,,{}
SYN-T-0775,OP-015,M-1,EXCAVATION_LOAD,Excavation — Trench Digging,Site B,08:00,09:00,Completed,45,clear,intermediate,5838,,{}
SYN-T-0776,OP-016,M-3,EXCAVATION_LOAD,Material Loading,Site A,08:00,09:00,Completed,60,clear,intermediate,5875,,{}
SYN-T-0777,OP-017,M-5,HAUL_TRANSPORT,Haul Cycle,Site B,08:00,09:00,Upcoming,60,clear,intermediate,5912,,{}
SYN-T-0778,OP-018,M-1,EXCAVATION_LOAD,Excavation — Trench Digging,Site A,08:00,09:00,Completed,45,clear,intermediate,5949,,{}
SYN-T-0779,OP-019,M-3,EXCAVATION_LOAD,Material Loading,Site B,08:00,09:00,Completed,60,clear,intermediate,5986,,{}
SYN-T-0780,OP-020,M-5,HAUL_TRANSPORT,Haul Cycle,Site A,08:00,09:00,Completed,60,clear,intermediate,1223,,{}
SYN-T-0781,OP-001,M-1,EXCAVATION_LOAD,Excavation — Trench Digging,Site B,08:00,09:00,Upcoming,45,clear,intermediate,1260,,{}
SYN-T-0782,OP-002,M-3,EXCAVATION_LOAD,Material Loading,Site A,08:00,09:00,Completed,60,clear,intermediate,1297,,{}
SYN-T-0783,OP-003,M-5,HAUL_TRANSPORT,Haul Cycle,Site B,08:00,09:00,Completed,60,clear,intermediate,1334,,{}
SYN-T-0784,OP-004,M-1,EXCAVATION_LOAD,Excavation — Trench Digging,Site A,08:00,09:00,Completed,45,clear,intermediate,1371,,{}
SYN-T-0785,OP-005,M-3,EXCAVATION_LOAD,Material Loading,Site B,08:00,09:00,Upcoming,60,clear,intermediate,1408,,{}
SYN-T-0786,OP-006,M-5,HAUL_TRANSPORT,Haul Cycle,Site A,08:00,09:00,Completed,60,clear,intermediate,1445,,{}
SYN-T-0787,OP-007,M-1,EXCAVATION_LOAD,Excavation — Trench Digging,Site B,08:00,09:00,Completed,45,clear,intermediate,1482,,{}
SYN-T-0788,OP-008,M-3,EXCAVATION_LOAD,Material Loading,Site A,08:00,09:00,Completed,60,clear,intermediate,1519,,{}
SYN-T-0789,OP-009,M-5,HAUL_TRANSPORT,Haul Cycle,Site B,08:00,09:00,Upcoming,60,clear,intermediate,1556,,{}
SYN-T-0790,OP-010,M-1,EXCAVATION_LOAD,Excavation — Trench Digging,Site A,08:00,09:00,Completed,45,clear,intermediate,1593,,{}
SYN-T-0791,OP-011,M-3,EXCAVATION_LOAD,Material Loading,Site B,08:00,09:00,Completed,60,clear,intermediate,1630,,{}
SYN-T-0792,OP-012,M-5,HAUL_TRANSPORT,Haul Cycle,Site A,08:00,09:00,Completed,60,clear,intermediate,1667,,{}
SYN-T-0793,OP-013,M-1,EXCAVATION_LOAD,Excavation — Trench Digging,Site B,08:00,09:00,Upcoming,45,clear,intermediate,1704,,{}
SYN-T-0794,OP-014,M-3,EXCAVATION_LOAD,Material Loading,Site A,08:00,09:00,Completed,60,clear,intermediate,1741,,{}
SYN-T-0795,OP-015,M-5,HAUL_TRANSPORT,Haul Cycle,Site B,08:00,09:00,Completed,60,clear,intermediate,1778,,{}
SYN-T-0796,OP-016,M-1,EXCAVATION_LOAD,Excavation — Trench Digging,Site A,08:00,09:00,Completed,45,clear,intermediate,1815,,{}
SYN-T-0797,OP-017,M-3,EXCAVATION_LOAD,Material Loading,Site B,08:00,09:00,Upcoming,60,clear,intermediate,1852,,{}
SYN-T-0798,OP-018,M-5,HAUL_TRANSPORT,Haul Cycle,Site A,08:00,09:00,Completed,60,clear,intermediate,1889,,{}
SYN-T-0799,OP-019,M-1,EXCAVATION_LOAD,Excavation — Trench Digging,Site B,08:00,09:00,Completed,45,clear,intermediate,1926,,{}
SYN-T-0800,OP-020,M-3,EXCAVATION_LOAD,Material Loading,Site A,08:00,09:00,Completed,60,clear,intermediate,1963,,{}
SYN-T-0801,OP-001,M-5,HAUL_TRANSPORT,Haul Cycle,Site B,08:00,09:00,Upcoming,60,clear,intermediate,2000,,{}
SYN-T-0802,OP-002,M-1,EXCAVATION_LOAD,Excavation — Trench Digging,Site A,08:00,09:00,Completed,45,clear,intermediate,2037,,{}
SYN-T-0803,OP-003,M-3,EXCAVATION_LOAD,Material Loading,Site B,08:00,09:00,Completed,60,clear,intermediate,2074,,{}
SYN-T-0804,OP-004,M-5,HAUL_TRANSPORT,Haul Cycle,Site A,08:00,09:00,Completed,60,clear,intermediate,2111,,{}
SYN-T-0805,OP-005,M-1,EXCAVATION_LOAD,Excavation — Trench Digging,Site B,08:00,09:00,Upcoming,45,clear,intermediate,2148,,{}
SYN-T-0806,OP-006,M-3,EXCAVATION_LOAD,Material Loading,Site A,08:00,09:00,Completed,60,clear,intermediate,2185,,{}
SYN-T-0807,OP-007,M-5,HAUL_TRANSPORT,Haul Cycle,Site B,08:00,09:00,Completed,60,clear,intermediate,2222,,{}
SYN-T-0808,OP-008,M-1,EXCAVATION_LOAD,Excavation — Trench Digging,Site A,08:00,09:00,Completed,45,clear,intermediate,2259,,{}
SYN-T-0809,OP-009,M-3,EXCAVATION_LOAD,Material Loading,Site B,08:00,09:00,Upcoming,60,clear,intermediate,2296,,{}
SYN-T-0810,OP-010,M-5,HAUL_TRANSPORT,Haul Cycle,Site A,08:00,09:00,Completed,60,clear,intermediate,2333,,{}
SYN-T-0811,OP-011,M-1,EXCAVATION_LOAD,Excavation — Trench Digging,Site B,08:00,09:00,Completed,45,clear,intermediate,2370,,{}
SYN-T-0812,OP-012,M-3,EXCAVATION_LOAD,Material Loading,Site A,08:00,09:00,Completed,60,clear,intermediate,2407,,{}
SYN-T-0813,OP-013,M-5,HAUL_TRANSPORT,Haul Cycle,Site B,08:00,09:00,Upcoming,60,clear,intermediate,2444,,{}
SYN-T-0814,OP-014,M-1,EXCAVATION_LOAD,Excavation — Trench Digging,Site A,08:00,09:00,Completed,45,clear,intermediate,2481,,{}
SYN-T-0815,OP-015,M-3,EXCAVATION_LOAD,Material Loading,Site B,08:00,09:00,Completed,60,clear,intermediate,2518,,{}
SYN-T-0816,OP-016,M-5,HAUL_TRANSPORT,Haul Cycle,Site A,08:00,09:00,Completed,60,clear,intermediate,2555,,{}
SYN-T-0817,OP-017,M-1,EXCAVATION_LOAD,Excavation — Trench Digging,Site B,08:00,09:00,Upcoming,45,clear,intermediate,2592,,{}
SYN-T-0818,OP-018,M-3,EXCAVATION_LOAD,Material Loading,Site A,08:00,09:00,Completed,60,clear,intermediate,2629,,{}
SYN-T-0819,OP-019,M-5,HAUL_TRANSPORT,Haul Cycle,Site B,08:00,09:00,Completed,60,clear,intermediate,2666,,{}
SYN-T-0820,OP-020,M-1,EXCAVATION_LOAD,Excavation — Trench Digging,Site A,08:00,09:00,Completed,45,clear,intermediate,2703,,{}
SYN-T-0821,OP-001,M-3,EXCAVATION_LOAD,Material Loading,Site B,08:00,09:00,Upcoming,60,clear,intermediate,2740,,{}
SYN-T-0822,OP-002,M-5,HAUL_TRANSPORT,Haul Cycle,Site A,08:00,09:00,Completed,60,clear,intermediate,2777,,{}
SYN-T-0823,OP-003,M-1,EXCAVATION_LOAD,Excavation — Trench Digging,Site B,08:00,09:00,Completed,45,clear,intermediate,2814,,{}
SYN-T-0824,OP-004,M-3,EXCAVATION_LOAD,Material Loading,Site A,08:00,09:00,Completed,60,clear,intermediate,2851,,{}
SYN-T-0825,OP-005,M-5,HAUL_TRANSPORT,Haul Cycle,Site B,08:00,09:00,Upcoming,60,clear,intermediate,2888,,{}
SYN-T-0826,OP-006,M-1,EXCAVATION_LOAD,Excavation — Trench Digging,Site A,08:00,09:00,Completed,45,clear,intermediate,2925,,{}
SYN-T-0827,OP-007,M-3,EXCAVATION_LOAD,Material Loading,Site B,08:00,09:00,Completed,60,clear,intermediate,2962,,{}
SYN-T-0828,OP-008,M-5,HAUL_TRANSPORT,Haul Cycle,Site A,08:00,09:00,Completed,60,clear,intermediate,2999,,{}
SYN-T-0829,OP-009,M-1,EXCAVATION_LOAD,Excavation — Trench Digging,Site B,08:00,09:00,Upcoming,45,clear,intermediate,3036,,{}
SYN-T-0830,OP-010,M-3,EXCAVATION_LOAD,Material Loading,Site A,08:00,09:00,Completed,60,clear,intermediate,3073,,{}
SYN-T-0831,OP-011,M-5,HAUL_TRANSPORT,Haul Cycle,Site B,08:00,09:00,Completed,60,clear,intermediate,3110,,{}
SYN-T-0832,OP-012,M-1,EXCAVATION_LOAD,Excavation — Trench Digging,Site A,08:00,09:00,Completed,45,clear,intermediate,3147,,{}
SYN-T-0833,OP-013,M-3,EXCAVATION_LOAD,Material Loading,Site B,08:00,09:00,Upcoming,60,clear,intermediate,3184,,{}
SYN-T-0834,OP-014,M-5,HAUL_TRANSPORT,Haul Cycle,Site A,08:00,09:00,Completed,60,clear,intermediate,3221,,{}
SYN-T-0835,OP-015,M-1,EXCAVATION_LOAD,Excavation — Trench Digging,Site B,08:00,09:00,Completed,45,clear,intermediate,3258,,{}
SYN-T-0836,OP-016,M-3,EXCAVATION_LOAD,Material Loading,Site A,08:00,09:00,Completed,60,clear,intermediate,3295,,{}
SYN-T-0837,OP-017,M-5,HAUL_TRANSPORT,Haul Cycle,Site B,08:00,09:00,Upcoming,60,clear,intermediate,3332,,{}
SYN-T-0838,OP-018,M-1,EXCAVATION_LOAD,Excavation — Trench Digging,Site A,08:00,09:00,Completed,45,clear,intermediate,3369,,{}
SYN-T-0839,OP-019,M-3,EXCAVATION_LOAD,Material Loading,Site B,08:00,09:00,Completed,60,clear,intermediate,3406,,{}
SYN-T-0840,OP-020,M-5,HAUL_TRANSPORT,Haul Cycle,Site A,08:00,09:00,Completed,60,clear,intermediate,3443,,{}
SYN-T-0841,OP-001,M-1,EXCAVATION_LOAD,Excavation — Trench Digging,Site B,08:00,09:00,Upcoming,45,clear,intermediate,3480,,{}
SYN-T-0842,OP-002,M-3,EXCAVATION_LOAD,Material Loading,Site A,08:00,09:00,Completed,60,clear,intermediate,3517,,{}
SYN-T-0843,OP-003,M-5,HAUL_TRANSPORT,Haul Cycle,Site B,08:00,09:00,Completed,60,clear,intermediate,3554,,{}
SYN-T-0844,OP-004,M-1,EXCAVATION_LOAD,Excavation — Trench Digging,Site A,08:00,09:00,Completed,45,clear,intermediate,3591,,{}
SYN-T-0845,OP-005,M-3,EXCAVATION_LOAD,Material Loading,Site B,08:00,09:00,Upcoming,60,clear,intermediate,3628,,{}
SYN-T-0846,OP-006,M-5,HAUL_TRANSPORT,Haul Cycle,Site A,08:00,09:00,Completed,60,clear,intermediate,3665,,{}
SYN-T-0847,OP-007,M-1,EXCAVATION_LOAD,Excavation — Trench Digging,Site B,08:00,09:00,Completed,45,clear,intermediate,3702,,{}
SYN-T-0848,OP-008,M-3,EXCAVATION_LOAD,Material Loading,Site A,08:00,09:00,Completed,60,clear,intermediate,3739,,{}
SYN-T-0849,OP-009,M-5,HAUL_TRANSPORT,Haul Cycle,Site B,08:00,09:00,Upcoming,60,clear,intermediate,3776,,{}
SYN-T-0850,OP-010,M-1,EXCAVATION_LOAD,Excavation — Trench Digging,Site A,08:00,09:00,Completed,45,clear,intermediate,3813,,{}
SYN-T-0851,OP-011,M-3,EXCAVATION_LOAD,Material Loading,Site B,08:00,09:00,Completed,60,clear,intermediate,3850,,{}
SYN-T-0852,OP-012,M-5,HAUL_TRANSPORT,Haul Cycle,Site A,08:00,09:00,Completed,60,clear,intermediate,3887,,{}
SYN-T-0853,OP-013,M-1,EXCAVATION_LOAD,Excavation — Trench Digging,Site B,08:00,09:00,Upcoming,45,clear,intermediate,3924,,{}
SYN-T-0854,OP-014,M-3,EXCAVATION_LOAD,Material Loading,Site A,08:00,09:00,Completed,60,clear,intermediate,3961,,{}
SYN-T-0855,OP-015,M-5,HAUL_TRANSPORT,Haul Cycle,Site B,08:00,09:00,Completed,60,clear,intermediate,3998,,{}
SYN-T-0856,OP-016,M-1,EXCAVATION_LOAD,Excavation — Trench Digging,Site A,08:00,09:00,Completed,45,clear,intermediate,4035,,{}
SYN-T-0857,OP-017,M-3,EXCAVATION_LOAD,Material Loading,Site B,08:00,09:00,Upcoming,60,clear,intermediate,4072,,{}
SYN-T-0858,OP-018,M-5,HAUL_TRANSPORT,Haul Cycle,Site A,08:00,09:00,Completed,60,clear,intermediate,4109,,{}
SYN-T-0859,OP-019,M-1,EXCAVATION_LOAD,Excavation — Trench Digging,Site B,08:00,09:00,Completed,45,clear,intermediate,4146,,{}
SYN-T-0860,OP-020,M-3,EXCAVATION_LOAD,Material Loading,Site A,08:00,09:00,Completed,60,clear,intermediate,4183,,{}
SYN-T-0861,OP-001,M-5,HAUL_TRANSPORT,Haul Cycle,Site B,08:00,09:00,Upcoming,60,clear,intermediate,4220,,{}
SYN-T-0862,OP-002,M-1,EXCAVATION_LOAD,Excavation — Trench Digging,Site A,08:00,09:00,Completed,45,clear,intermediate,4257,,{}
SYN-T-0863,OP-003,M-3,EXCAVATION_LOAD,Material Loading,Site B,08:00,09:00,Completed,60,clear,intermediate,4294,,{}
SYN-T-0864,OP-004,M-5,HAUL_TRANSPORT,Haul Cycle,Site A,08:00,09:00,Completed,60,clear,intermediate,4331,,{}
SYN-T-0865,OP-005,M-1,EXCAVATION_LOAD,Excavation — Trench Digging,Site B,08:00,09:00,Upcoming,45,clear,intermediate,4368,,{}
SYN-T-0866,OP-006,M-3,EXCAVATION_LOAD,Material Loading,Site A,08:00,09:00,Completed,60,clear,intermediate,4405,,{}
SYN-T-0867,OP-007,M-5,HAUL_TRANSPORT,Haul Cycle,Site B,08:00,09:00,Completed,60,clear,intermediate,4442,,{}
SYN-T-0868,OP-008,M-1,EXCAVATION_LOAD,Excavation — Trench Digging,Site A,08:00,09:00,Completed,45,clear,intermediate,4479,,{}
SYN-T-0869,OP-009,M-3,EXCAVATION_LOAD,Material Loading,Site B,08:00,09:00,Upcoming,60,clear,intermediate,4516,,{}
SYN-T-0870,OP-010,M-5,HAUL_TRANSPORT,Haul Cycle,Site A,08:00,09:00,Completed,60,clear,intermediate,4553,,{}
SYN-T-0871,OP-011,M-1,EXCAVATION_LOAD,Excavation — Trench Digging,Site B,08:00,09:00,Completed,45,clear,intermediate,4590,,{}
SYN-T-0872,OP-012,M-3,EXCAVATION_LOAD,Material Loading,Site A,08:00,09:00,Completed,60,clear,intermediate,4627,,{}
SYN-T-0873,OP-013,M-5,HAUL_TRANSPORT,Haul Cycle,Site B,08:00,09:00,Upcoming,60,clear,intermediate,4664,,{}
SYN-T-0874,OP-014,M-1,EXCAVATION_LOAD,Excavation — Trench Digging,Site A,08:00,09:00,Completed,45,clear,intermediate,4701,,{}
SYN-T-0875,OP-015,M-3,EXCAVATION_LOAD,Material Loading,Site B,08:00,09:00,Completed,60,clear,intermediate,4738,,{}
SYN-T-0876,OP-016,M-5,HAUL_TRANSPORT,Haul Cycle,Site A,08:00,09:00,Completed,60,clear,intermediate,4775,,{}
SYN-T-0877,OP-017,M-1,EXCAVATION_LOAD,Excavation — Trench Digging,Site B,08:00,09:00,Upcoming,45,clear,intermediate,4812,,{}
SYN-T-0878,OP-018,M-3,EXCAVATION_LOAD,Material Loading,Site A,08:00,09:00,Completed,60,clear,intermediate,4849,,{}
SYN-T-0879,OP-019,M-5,HAUL_TRANSPORT,Haul Cycle,Site B,08:00,09:00,Completed,60,clear,intermediate,4886,,{}
SYN-T-0880,OP-020,M-1,EXCAVATION_LOAD,Excavation — Trench Digging,Site A,08:00,09:00,Completed,45,clear,intermediate,4923,,{}
SYN-T-0881,OP-001,M-3,EXCAVATION_LOAD,Material Loading,Site B,08:00,09:00,Upcoming,60,clear,intermediate,4960,,{}
SYN-T-0882,OP-002,M-5,HAUL_TRANSPORT,Haul Cycle,Site A,08:00,09:00,Completed,60,clear,intermediate,4997,,{}
SYN-T-0883,OP-003,M-1,EXCAVATION_LOAD,Excavation — Trench Digging,Site B,08:00,09:00,Completed,45,clear,intermediate,5034,,{}
SYN-T-0884,OP-004,M-3,EXCAVATION_LOAD,Material Loading,Site A,08:00,09:00,Completed,60,clear,intermediate,5071,,{}
SYN-T-0885,OP-005,M-5,HAUL_TRANSPORT,Haul Cycle,Site B,08:00,09:00,Upcoming,60,clear,intermediate,5108,,{}
SYN-T-0886,OP-006,M-1,EXCAVATION_LOAD,Excavation — Trench Digging,Site A,08:00,09:00,Completed,45,clear,intermediate,5145,,{}
SYN-T-0887,OP-007,M-3,EXCAVATION_LOAD,Material Loading,Site B,08:00,09:00,Completed,60,clear,intermediate,5182,,{}
SYN-T-0888,OP-008,M-5,HAUL_TRANSPORT,Haul Cycle,Site A,08:00,09:00,Completed,60,clear,intermediate,5219,,{}
SYN-T-0889,OP-009,M-1,EXCAVATION_LOAD,Excavation — Trench Digging,Site B,08:00,09:00,Upcoming,45,clear,intermediate,5256,,{}
SYN-T-0890,OP-010,M-3,EXCAVATION_LOAD,Material Loading,Site A,08:00,09:00,Completed,60,clear,intermediate,5293,,{}
SYN-T-0891,OP-011,M-5,HAUL_TRANSPORT,Haul Cycle,Site B,08:00,09:00,Completed,60,clear,intermediate,5330,,{}
SYN-T-0892,OP-012,M-1,EXCAVATION_LOAD,Excavation — Trench Digging,Site A,08:00,09:00,Completed,45,clear,intermediate,5367,,{}
SYN-T-0893,OP-013,M-3,EXCAVATION_LOAD,Material Loading,Site B,08:00,09:00,Upcoming,60,clear,intermediate,5404,,{}
SYN-T-0894,OP-014,M-5,HAUL_TRANSPORT,Haul Cycle,Site A,08:00,09:00,Completed,60,clear,intermediate,5441,,{}
SYN-T-0895,OP-015,M-1,EXCAVATION_LOAD,Excavation — Trench Digging,Site B,08:00,09:00,Completed,45,clear,intermediate,5478,,{}
SYN-T-0896,OP-016,M-3,EXCAVATION_LOAD,Material Loading,Site A,08:00,09:00,Completed,60,clear,intermediate,5515,,{}
SYN-T-0897,OP-017,M-5,HAUL_TRANSPORT,Haul Cycle,Site B,08:00,09:00,Upcoming,60,clear,intermediate,5552,,{}
SYN-T-0898,OP-018,M-1,EXCAVATION_LOAD,Excavation — Trench Digging,Site A,08:00,09:00,Completed,45,clear,intermediate,5589,,{}
SYN-T-0899,OP-019,M-3,EXCAVATION_LOAD,Material Loading,Site B,08:00,09:00,Completed,60,clear,intermediate,5626,,{}
SYN-T-0900,OP-020,M-5,HAUL_TRANSPORT,Haul Cycle,Site A,08:00,09:00,Completed,60,clear,intermediate,5663,,{}
SYN-T-0901,OP-001,M-1,EXCAVATION_LOAD,Excavation — Trench Digging,Site B,08:00,09:00,Upcoming,45,clear,intermediate,5700,,{}
SYN-T-0902,OP-002,M-3,EXCAVATION_LOAD,Material Loading,Site A,08:00,09:00,Completed,60,clear,intermediate,5737,,{}
SYN-T-0903,OP-003,M-5,HAUL_TRANSPORT,Haul Cycle,Site B,08:00,09:00,Completed,60,clear,intermediate,5774,,{}
SYN-T-0904,OP-004,M-1,EXCAVATION_LOAD,Excavation — Trench Digging,Site A,08:00,09:00,Completed,45,clear,intermediate,5811,,{}
SYN-T-0905,OP-005,M-3,EXCAVATION_LOAD,Material Loading,Site B,08:00,09:00,Upcoming,60,clear,intermediate,5848,,{}
SYN-T-0906,OP-006,M-5,HAUL_TRANSPORT,Haul Cycle,Site A,08:00,09:00,Completed,60,clear,intermediate,5885,,{}
SYN-T-0907,OP-007,M-1,EXCAVATION_LOAD,Excavation — Trench Digging,Site B,08:00,09:00,Completed,45,clear,intermediate,5922,,{}
SYN-T-0908,OP-008,M-3,EXCAVATION_LOAD,Material Loading,Site A,08:00,09:00,Completed,60,clear,intermediate,5959,,{}
SYN-T-0909,OP-009,M-5,HAUL_TRANSPORT,Haul Cycle,Site B,08:00,09:00,Upcoming,60,clear,intermediate,5996,,{}
SYN-T-0910,OP-010,M-1,EXCAVATION_LOAD,Excavation — Trench Digging,Site A,08:00,09:00,Completed,45,clear,intermediate,1233,,{}
SYN-T-0911,OP-011,M-3,EXCAVATION_LOAD,Material Loading,Site B,08:00,09:00,Completed,60,clear,intermediate,1270,,{}
SYN-T-0912,OP-012,M-5,HAUL_TRANSPORT,Haul Cycle,Site A,08:00,09:00,Completed,60,clear,intermediate,1307,,{}
SYN-T-0913,OP-013,M-1,EXCAVATION_LOAD,Excavation — Trench Digging,Site B,08:00,09:00,Upcoming,45,clear,intermediate,1344,,{}
SYN-T-0914,OP-014,M-3,EXCAVATION_LOAD,Material Loading,Site A,08:00,09:00,Completed,60,clear,intermediate,1381,,{}
SYN-T-0915,OP-015,M-5,HAUL_TRANSPORT,Haul Cycle,Site B,08:00,09:00,Completed,60,clear,intermediate,1418,,{}
SYN-T-0916,OP-016,M-1,EXCAVATION_LOAD,Excavation — Trench Digging,Site A,08:00,09:00,Completed,45,clear,intermediate,1455,,{}
SYN-T-0917,OP-017,M-3,EXCAVATION_LOAD,Material Loading,Site B,08:00,09:00,Upcoming,60,clear,intermediate,1492,,{}
SYN-T-0918,OP-018,M-5,HAUL_TRANSPORT,Haul Cycle,Site A,08:00,09:00,Completed,60,clear,intermediate,1529,,{}
SYN-T-0919,OP-019,M-1,EXCAVATION_LOAD,Excavation — Trench Digging,Site B,08:00,09:00,Completed,45,clear,intermediate,1566,,{}
SYN-T-0920,OP-020,M-3,EXCAVATION_LOAD,Material Loading,Site A,08:00,09:00,Completed,60,clear,intermediate,1603,,{}
SYN-T-0921,OP-001,M-5,HAUL_TRANSPORT,Haul Cycle,Site B,08:00,09:00,Upcoming,60,clear,intermediate,1640,,{}
SYN-T-0922,OP-002,M-1,EXCAVATION_LOAD,Excavation — Trench Digging,Site A,08:00,09:00,Completed,45,clear,intermediate,1677,,{}
SYN-T-0923,OP-003,M-3,EXCAVATION_LOAD,Material Loading,Site B,08:00,09:00,Completed,60,clear,intermediate,1714,,{}
SYN-T-0924,OP-004,M-5,HAUL_TRANSPORT,Haul Cycle,Site A,08:00,09:00,Completed,60,clear,intermediate,1751,,{}
SYN-T-0925,OP-005,M-1,EXCAVATION_LOAD,Excavation — Trench Digging,Site B,08:00,09:00,Upcoming,45,clear,intermediate,1788,,{}
SYN-T-0926,OP-006,M-3,EXCAVATION_LOAD,Material Loading,Site A,08:00,09:00,Completed,60,clear,intermediate,1825,,{}
SYN-T-0927,OP-007,M-5,HAUL_TRANSPORT,Haul Cycle,Site B,08:00,09:00,Completed,60,clear,intermediate,1862,,{}
SYN-T-0928,OP-008,M-1,EXCAVATION_LOAD,Excavation — Trench Digging,Site A,08:00,09:00,Completed,45,clear,intermediate,1899,,{}
SYN-T-0929,OP-009,M-3,EXCAVATION_LOAD,Material Loading,Site B,08:00,09:00,Upcoming,60,clear,intermediate,1936,,{}
SYN-T-0930,OP-010,M-5,HAUL_TRANSPORT,Haul Cycle,Site A,08:00,09:00,Completed,60,clear,intermediate,1973,,{}
SYN-T-0931,OP-011,M-1,EXCAVATION_LOAD,Excavation — Trench Digging,Site B,08:00,09:00,Completed,45,clear,intermediate,2010,,{}
SYN-T-0932,OP-012,M-3,EXCAVATION_LOAD,Material Loading,Site A,08:00,09:00,Completed,60,clear,intermediate,2047,,{}
SYN-T-0933,OP-013,M-5,HAUL_TRANSPORT,Haul Cycle,Site B,08:00,09:00,Upcoming,60,clear,intermediate,2084,,{}
SYN-T-0934,OP-014,M-1,EXCAVATION_LOAD,Excavation — Trench Digging,Site A,08:00,09:00,Completed,45,clear,intermediate,2121,,{}
SYN-T-0935,OP-015,M-3,EXCAVATION_LOAD,Material Loading,Site B,08:00,09:00,Completed,60,clear,intermediate,2158,,{}
SYN-T-0936,OP-016,M-5,HAUL_TRANSPORT,Haul Cycle,Site A,08:00,09:00,Completed,60,clear,intermediate,2195,,{}
SYN-T-0937,OP-017,M-1,EXCAVATION_LOAD,Excavation — Trench Digging,Site B,08:00,09:00,Upcoming,45,clear,intermediate,2232,,{}
SYN-T-0938,OP-018,M-3,EXCAVATION_LOAD,Material Loading,Site A,08:00,09:00,Completed,60,clear,intermediate,2269,,{}
SYN-T-0939,OP-019,M-5,HAUL_TRANSPORT,Haul Cycle,Site B,08:00,09:00,Completed,60,clear,intermediate,2306,,{}
SYN-T-0940,OP-020,M-1,EXCAVATION_LOAD,Excavation — Trench Digging,Site A,08:00,09:00,Completed,45,clear,intermediate,2343,,{}
SYN-T-0941,OP-001,M-3,EXCAVATION_LOAD,Material Loading,Site B,08:00,09:00,Upcoming,60,clear,intermediate,2380,,{}
SYN-T-0942,OP-002,M-5,HAUL_TRANSPORT,Haul Cycle,Site A,08:00,09:00,Completed,60,clear,intermediate,2417,,{}
SYN-T-0943,OP-003,M-1,EXCAVATION_LOAD,Excavation — Trench Digging,Site B,08:00,09:00,Completed,45,clear,intermediate,2454,,{}
SYN-T-0944,OP-004,M-3,EXCAVATION_LOAD,Material Loading,Site A,08:00,09:00,Completed,60,clear,intermediate,2491,,{}
SYN-T-0945,OP-005,M-5,HAUL_TRANSPORT,Haul Cycle,Site B,08:00,09:00,Upcoming,60,clear,intermediate,2528,,{}
SYN-T-0946,OP-006,M-1,EXCAVATION_LOAD,Excavation — Trench Digging,Site A,08:00,09:00,Completed,45,clear,intermediate,2565,,{}
SYN-T-0947,OP-007,M-3,EXCAVATION_LOAD,Material Loading,Site B,08:00,09:00,Completed,60,clear,intermediate,2602,,{}
SYN-T-0948,OP-008,M-5,HAUL_TRANSPORT,Haul Cycle,Site A,08:00,09:00,Completed,60,clear,intermediate,2639,,{}
SYN-T-0949,OP-009,M-1,EXCAVATION_LOAD,Excavation — Trench Digging,Site B,08:00,09:00,Upcoming,45,clear,intermediate,2676,,{}
SYN-T-0950,OP-010,M-3,EXCAVATION_LOAD,Material Loading,Site A,08:00,09:00,Completed,60,clear,intermediate,2713,,{}
SYN-T-0951,OP-011,M-5,HAUL_TRANSPORT,Haul Cycle,Site B,08:00,09:00,Completed,60,clear,intermediate,2750,,{}
SYN-T-0952,OP-012,M-1,EXCAVATION_LOAD,Excavation — Trench Digging,Site A,08:00,09:00,Completed,45,clear,intermediate,2787,,{}
SYN-T-0953,OP-013,M-3,EXCAVATION_LOAD,Material Loading,Site B,08:00,09:00,Upcoming,60,clear,intermediate,2824,,{}
SYN-T-0954,OP-014,M-5,HAUL_TRANSPORT,Haul Cycle,Site A,08:00,09:00,Completed,60,clear,intermediate,2861,,{}
SYN-T-0955,OP-015,M-1,EXCAVATION_LOAD,Excavation — Trench Digging,Site B,08:00,09:00,Completed,45,clear,intermediate,2898,,{}
SYN-T-0956,OP-016,M-3,EXCAVATION_LOAD,Material Loading,Site A,08:00,09:00,Completed,60,clear,intermediate,2935,,{}
SYN-T-0957,OP-017,M-5,HAUL_TRANSPORT,Haul Cycle,Site B,08:00,09:00,Upcoming,60,clear,intermediate,2972,,{}
SYN-T-0958,OP-018,M-1,EXCAVATION_LOAD,Excavation — Trench Digging,Site A,08:00,09:00,Completed,45,clear,intermediate,3009,,{}
SYN-T-0959,OP-019,M-3,EXCAVATION_LOAD,Material Loading,Site B,08:00,09:00,Completed,60,clear,intermediate,3046,,{}
SYN-T-0960,OP-020,M-5,HAUL_TRANSPORT,Haul Cycle,Site A,08:00,09:00,Completed,60,clear,intermediate,3083,,{}
SYN-T-0961,OP-001,M-1,EXCAVATION_LOAD,Excavation — Trench Digging,Site B,08:00,09:00,Upcoming,45,clear,intermediate,3120,,{}
SYN-T-0962,OP-002,M-3,EXCAVATION_LOAD,Material Loading,Site A,08:00,09:00,Completed,60,clear,intermediate,3157,,{}
SYN-T-0963,OP-003,M-5,HAUL_TRANSPORT,Haul Cycle,Site B,08:00,09:00,Completed,60,clear,intermediate,3194,,{}
SYN-T-0964,OP-004,M-1,EXCAVATION_LOAD,Excavation — Trench Digging,Site A,08:00,09:00,Completed,45,clear,intermediate,3231,,{}
SYN-T-0965,OP-005,M-3,EXCAVATION_LOAD,Material Loading,Site B,08:00,09:00,Upcoming,60,clear,intermediate,3268,,{}
SYN-T-0966,OP-006,M-5,HAUL_TRANSPORT,Haul Cycle,Site A,08:00,09:00,Completed,60,clear,intermediate,3305,,{}
SYN-T-0967,OP-007,M-1,EXCAVATION_LOAD,Excavation — Trench Digging,Site B,08:00,09:00,Completed,45,clear,intermediate,3342,,{}
SYN-T-0968,OP-008,M-3,EXCAVATION_LOAD,Material Loading,Site A,08:00,09:00,Completed,60,clear,intermediate,3379,,{}
SYN-T-0969,OP-009,M-5,HAUL_TRANSPORT,Haul Cycle,Site B,08:00,09:00,Upcoming,60,clear,intermediate,3416,,{}
SYN-T-0970,OP-010,M-1,EXCAVATION_LOAD,Excavation — Trench Digging,Site A,08:00,09:00,Completed,45,clear,intermediate,3453,,{}
SYN-T-0971,OP-011,M-3,EXCAVATION_LOAD,Material Loading,Site B,08:00,09:00,Completed,60,clear,intermediate,3490,,{}
SYN-T-0972,OP-012,M-5,HAUL_TRANSPORT,Haul Cycle,Site A,08:00,09:00,Completed,60,clear,intermediate,3527,,{}
SYN-T-0973,OP-013,M-1,EXCAVATION_LOAD,Excavation — Trench Digging,Site B,08:00,09:00,Upcoming,45,clear,intermediate,3564,,{}
SYN-T-0974,OP-014,M-3,EXCAVATION_LOAD,Material Loading,Site A,08:00,09:00,Completed,60,clear,intermediate,3601,,{}
SYN-T-0975,OP-015,M-5,HAUL_TRANSPORT,Haul Cycle,Site B,08:00,09:00,Completed,60,clear,intermediate,3638,,{}
SYN-T-0976,OP-016,M-1,EXCAVATION_LOAD,Excavation — Trench Digging,Site A,08:00,09:00,Completed,45,clear,intermediate,3675,,{}
SYN-T-0977,OP-017,M-3,EXCAVATION_LOAD,Material Loading,Site B,08:00,09:00,Upcoming,60,clear,intermediate,3712,,{}
SYN-T-0978,OP-018,M-5,HAUL_TRANSPORT,Haul Cycle,Site A,08:00,09:00,Completed,60,clear,intermediate,3749,,{}
SYN-T-0979,OP-019,M-1,EXCAVATION_LOAD,Excavation — Trench Digging,Site B,08:00,09:00,Completed,45,clear,intermediate,3786,,{}
SYN-T-0980,OP-020,M-3,EXCAVATION_LOAD,Material Loading,Site A,08:00,09:00,Completed,60,clear,intermediate,3823,,{}
SYN-T-0981,OP-001,M-5,HAUL_TRANSPORT,Haul Cycle,Site B,08:00,09:00,Upcoming,60,clear,intermediate,3860,,{}
SYN-T-0982,OP-002,M-1,EXCAVATION_LOAD,Excavation — Trench Digging,Site A,08:00,09:00,Completed,45,clear,intermediate,3897,,{}
SYN-T-0983,OP-003,M-3,EXCAVATION_LOAD,Material Loading,Site B,08:00,09:00,Completed,60,clear,intermediate,3934,,{}
SYN-T-0984,OP-004,M-5,HAUL_TRANSPORT,Haul Cycle,Site A,08:00,09:00,Completed,60,clear,intermediate,3971,,{}
SYN-T-0985,OP-005,M-1,EXCAVATION_LOAD,Excavation — Trench Digging,Site B,08:00,09:00,Upcoming,45,clear,intermediate,4008,,{}
SYN-T-0986,OP-006,M-3,EXCAVATION_LOAD,Material Loading,Site A,08:00,09:00,Completed,60,clear,intermediate,4045,,{}
SYN-T-0987,OP-007,M-5,HAUL_TRANSPORT,Haul Cycle,Site B,08:00,09:00,Completed,60,clear,intermediate,4082,,{}
SYN-T-0988,OP-008,M-1,EXCAVATION_LOAD,Excavation — Trench Digging,Site A,08:00,09:00,Completed,45,clear,intermediate,4119,,{}
SYN-T-0989,OP-009,M-3,EXCAVATION_LOAD,Material Loading,Site B,08:00,09:00,Upcoming,60,clear,intermediate,4156,,{}
SYN-T-0990,OP-010,M-5,HAUL_TRANSPORT,Haul Cycle,Site A,08:00,09:00,Completed,60,clear,intermediate,4193,,{}
SYN-T-0991,OP-011,M-1,EXCAVATION_LOAD,Excavation — Trench Digging,Site B,08:00,09:00,Completed,45,clear,intermediate,4230,,{}
SYN-T-0992,OP-012,M-3,EXCAVATION_LOAD,Material Loading,Site A,08:00,09:00,Completed,60,clear,intermediate,4267,,{}
SYN-T-0993,OP-013,M-5,HAUL_TRANSPORT,Haul Cycle,Site B,08:00,09:00,Upcoming,60,clear,intermediate,4304,,{}
SYN-T-0994,OP-014,M-1,EXCAVATION_LOAD,Excavation — Trench Digging,Site A,08:00,09:00,Completed,45,clear,intermediate,4341,,{}
SYN-T-0995,OP-015,M-3,EXCAVATION_LOAD,Material Loading,Site B,08:00,09:00,Completed,60,clear,intermediate,4378,,{}
SYN-T-0996,OP-016,M-5,HAUL_TRANSPORT,Haul Cycle,Site A,08:00,09:00,Completed,60,clear,intermediate,4415,,{}
SYN-T-0997,OP-017,M-1,EXCAVATION_LOAD,Excavation — Trench Digging,Site B,08:00,09:00,Upcoming,45,clear,intermediate,4452,,{}
SYN-T-0998,OP-018,M-3,EXCAVATION_LOAD,Material Loading,Site A,08:00,09:00,Completed,60,clear,intermediate,4489,,{}
SYN-T-0999,OP-019,M-5,HAUL_TRANSPORT,Haul Cycle,Site B,08:00,09:00,Completed,60,clear,intermediate,4526,,{}
SYN-T-1000,OP-020,M-1,EXCAVATION_LOAD,Excavation — Trench Digging,Site A,08:00,09:00,Completed,45,clear,intermediate,4563,,{}
SYN-T-1001,OP-001,M-3,EXCAVATION_LOAD,Material Loading,Site B,08:00,09:00,Upcoming,60,clear,intermediate,4600,,{}
SYN-T-1002,OP-002,M-5,HAUL_TRANSPORT,Haul Cycle,Site A,08:00,09:00,Completed,60,clear,intermediate,4637,,{}
SYN-T-1003,OP-003,M-1,EXCAVATION_LOAD,Excavation — Trench Digging,Site B,08:00,09:00,Completed,45,clear,intermediate,4674,,{}
SYN-T-1004,OP-004,M-3,EXCAVATION_LOAD,Material Loading,Site A,08:00,09:00,Completed,60,clear,intermediate,4711,,{}
SYN-T-1005,OP-005,M-5,HAUL_TRANSPORT,Haul Cycle,Site B,08:00,09:00,Upcoming,60,clear,intermediate,4748,,{}
SYN-T-1006,OP-006,M-1,EXCAVATION_LOAD,Excavation — Trench Digging,Site A,08:00,09:00,Completed,45,clear,intermediate,4785,,{}
SYN-T-1007,OP-007,M-3,EXCAVATION_LOAD,Material Loading,Site B,08:00,09:00,Completed,60,clear,intermediate,4822,,{}
SYN-T-1008,OP-008,M-5,HAUL_TRANSPORT,Haul Cycle,Site A,08:00,09:00,Completed,60,clear,intermediate,4859,,{}
SYN-T-1009,OP-009,M-1,EXCAVATION_LOAD,Excavation — Trench Digging,Site B,08:00,09:00,Upcoming,45,clear,intermediate,4896,,{}
SYN-T-1010,OP-010,M-3,EXCAVATION_LOAD,Material Loading,Site A,08:00,09:00,Completed,60,clear,intermediate,4933,,{}
SYN-T-1011,OP-011,M-5,HAUL_TRANSPORT,Haul Cycle,Site B,08:00,09:00,Completed,60,clear,intermediate,4970,,{}
SYN-T-1012,OP-012,M-1,EXCAVATION_LOAD,Excavation — Trench Digging,Site A,08:00,09:00,Completed,45,clear,intermediate,5007,,{}
SYN-T-1013,OP-013,M-3,EXCAVATION_LOAD,Material Loading,Site B,08:00,09:00,Upcoming,60,clear,intermediate,5044,,{}
SYN-T-1014,OP-014,M-5,HAUL_TRANSPORT,Haul Cycle,Site A,08:00,09:00,Completed,60,clear,intermediate,5081,,{}
SYN-T-1015,OP-015,M-1,EXCAVATION_LOAD,Excavation — Trench Digging,Site B,08:00,09:00,Completed,45,clear,intermediate,5118,,{}
SYN-T-1016,OP-016,M-3,EXCAVATION_LOAD,Material Loading,Site A,08:00,09:00,Completed,60,clear,intermediate,5155,,{}
SYN-T-1017,OP-017,M-5,HAUL_TRANSPORT,Haul Cycle,Site B,08:00,09:00,Upcoming,60,clear,intermediate,5192,,{}
SYN-T-1018,OP-018,M-1,EXCAVATION_LOAD,Excavation — Trench Digging,Site A,08:00,09:00,Completed,45,clear,intermediate,5229,,{}
SYN-T-1019,OP-019,M-3,EXCAVATION_LOAD,Material Loading,Site B,08:00,09:00,Completed,60,clear,intermediate,5266,,{}
SYN-T-1020,OP-020,M-5,HAUL_TRANSPORT,Haul Cycle,Site A,08:00,09:00,Completed,60,clear,intermediate,5303,,{}
SYN-T-1021,OP-001,M-1,EXCAVATION_LOAD,Excavation — Trench Digging,Site B,08:00,09:00,Upcoming,45,clear,intermediate,5340,,{}
SYN-T-1022,OP-002,M-3,EXCAVATION_LOAD,Material Loading,Site A,08:00,09:00,Completed,60,clear,intermediate,5377,,{}
SYN-T-1023,OP-003,M-5,HAUL_TRANSPORT,Haul Cycle,Site B,08:00,09:00,Completed,60,clear,intermediate,5414,,{}
SYN-T-1024,OP-004,M-1,EXCAVATION_LOAD,Excavation — Trench Digging,Site A,08:00,09:00,Completed,45,clear,intermediate,5451,,{}
SYN-T-1025,OP-005,M-3,EXCAVATION_LOAD,Material Loading,Site B,08:00,09:00,Upcoming,60,clear,intermediate,5488,,{}
SYN-T-1026,OP-006,M-5,HAUL_TRANSPORT,Haul Cycle,Site A,08:00,09:00,Completed,60,clear,intermediate,5525,,{}
SYN-T-1027,OP-007,M-1,EXCAVATION_LOAD,Excavation — Trench Digging,Site B,08:00,09:00,Completed,45,clear,intermediate,5562,,{}
SYN-T-1028,OP-008,M-3,EXCAVATION_LOAD,Material Loading,Site A,08:00,09:00,Completed,60,clear,intermediate,5599,,{}
SYN-T-1029,OP-009,M-5,HAUL_TRANSPORT,Haul Cycle,Site B,08:00,09:00,Upcoming,60,clear,intermediate,5636,,{}
SYN-T-1030,OP-010,M-1,EXCAVATION_LOAD,Excavation — Trench Digging,Site A,08:00,09:00,Completed,45,clear,intermediate,5673,,{}
SYN-T-1031,OP-011,M-3,EXCAVATION_LOAD,Material Loading,Site B,08:00,09:00,Completed,60,clear,intermediate,5710,,{}
SYN-T-1032,OP-012,M-5,HAUL_TRANSPORT,Haul Cycle,Site A,08:00,09:00,Completed,60,clear,intermediate,5747,,{}
SYN-T-1033,OP-013,M-1,EXCAVATION_LOAD,Excavation — Trench Digging,Site B,08:00,09:00,Upcoming,45,clear,intermediate,5784,,{}
SYN-T-1034,OP-014,M-3,EXCAVATION_LOAD,Material Loading,Site A,08:00,09:00,Completed,60,clear,intermediate,5821,,{}
SYN-T-1035,OP-015,M-5,HAUL_TRANSPORT,Haul Cycle,Site B,08:00,09:00,Completed,60,clear,intermediate,5858,,{}
SYN-T-1036,OP-016,M-1,EXCAVATION_LOAD,Excavation — Trench Digging,Site A,08:00,09:00,Completed,45,clear,intermediate,5895,,{}
SYN-T-1037,OP-017,M-3,EXCAVATION_LOAD,Material Loading,Site B,08:00,09:00,Upcoming,60,clear,intermediate,5932,,{}
SYN-T-1038,OP-018,M-5,HAUL_TRANSPORT,Haul Cycle,Site A,08:00,09:00,Completed,60,clear,intermediate,5969,,{}
SYN-T-1039,OP-019,M-1,EXCAVATION_LOAD,Excavation — Trench Digging,Site B,08:00,09:00,Completed,45,clear,intermediate,1206,,{}
SYN-T-1040,OP-020,M-3,EXCAVATION_LOAD,Material Loading,Site A,08:00,09:00,Completed,60,clear,intermediate,1243,,{}
SYN-T-1041,OP-001,M-5,HAUL_TRANSPORT,Haul Cycle,Site B,08:00,09:00,Upcoming,60,clear,intermediate,1280,,{}
SYN-T-1042,OP-002,M-1,EXCAVATION_LOAD,Excavation — Trench Digging,Site A,08:00,09:00,Completed,45,clear,intermediate,1317,,{}
SYN-T-1043,OP-003,M-3,EXCAVATION_LOAD,Material Loading,Site B,08:00,09:00,Completed,60,clear,intermediate,1354,,{}
SYN-T-1044,OP-004,M-5,HAUL_TRANSPORT,Haul Cycle,Site A,08:00,09:00,Completed,60,clear,intermediate,1391,,{}
SYN-T-1045,OP-005,M-1,EXCAVATION_LOAD,Excavation — Trench Digging,Site B,08:00,09:00,Upcoming,45,clear,intermediate,1428,,{}
SYN-T-1046,OP-006,M-3,EXCAVATION_LOAD,Material Loading,Site A,08:00,09:00,Completed,60,clear,intermediate,1465,,{}
SYN-T-1047,OP-007,M-5,HAUL_TRANSPORT,Haul Cycle,Site B,08:00,09:00,Completed,60,clear,intermediate,1502,,{}
SYN-T-1048,OP-008,M-1,EXCAVATION_LOAD,Excavation — Trench Digging,Site A,08:00,09:00,Completed,45,clear,intermediate,1539,,{}
SYN-T-1049,OP-009,M-3,EXCAVATION_LOAD,Material Loading,Site B,08:00,09:00,Upcoming,60,clear,intermediate,1576,,{}
SYN-T-1050,OP-010,M-5,HAUL_TRANSPORT,Haul Cycle,Site A,08:00,09:00,Completed,60,clear,intermediate,1613,,{}
SYN-T-1051,OP-011,M-1,EXCAVATION_LOAD,Excavation — Trench Digging,Site B,08:00,09:00,Completed,45,clear,intermediate,1650,,{}
SYN-T-1052,OP-012,M-3,EXCAVATION_LOAD,Material Loading,Site A,08:00,09:00,Completed,60,clear,intermediate,1687,,{}
SYN-T-1053,OP-013,M-5,HAUL_TRANSPORT,Haul Cycle,Site B,08:00,09:00,Upcoming,60,clear,intermediate,1724,,{}
SYN-T-1054,OP-014,M-1,EXCAVATION_LOAD,Excavation — Trench Digging,Site A,08:00,09:00,Completed,45,clear,intermediate,1761,,{}
SYN-T-1055,OP-015,M-3,EXCAVATION_LOAD,Material Loading,Site B,08:00,09:00,Completed,60,clear,intermediate,1798,,{}
SYN-T-1056,OP-016,M-5,HAUL_TRANSPORT,Haul Cycle,Site A,08:00,09:00,Completed,60,clear,intermediate,1835,,{}
SYN-T-1057,OP-017,M-1,EXCAVATION_LOAD,Excavation — Trench Digging,Site B,08:00,09:00,Upcoming,45,clear,intermediate,1872,,{}
SYN-T-1058,OP-018,M-3,EXCAVATION_LOAD,Material Loading,Site A,08:00,09:00,Completed,60,clear,intermediate,1909,,{}
SYN-T-1059,OP-019,M-5,HAUL_TRANSPORT,Haul Cycle,Site B,08:00,09:00,Completed,60,clear,intermediate,1946,,{}
SYN-T-1060,OP-020,M-1,EXCAVATION_LOAD,Excavation — Trench Digging,Site A,08:00,09:00,Completed,45,clear,intermediate,1983,,{}
SYN-T-1061,OP-001,M-3,EXCAVATION_LOAD,Material Loading,Site B,08:00,09:00,Upcoming,60,clear,intermediate,2020,,{}
SYN-T-1062,OP-002,M-5,HAUL_TRANSPORT,Haul Cycle,Site A,08:00,09:00,Completed,60,clear,intermediate,2057,,{}
SYN-T-1063,OP-003,M-1,EXCAVATION_LOAD,Excavation — Trench Digging,Site B,08:00,09:00,Completed,45,clear,intermediate,2094,,{}
SYN-T-1064,OP-004,M-3,EXCAVATION_LOAD,Material Loading,Site A,08:00,09:00,Completed,60,clear,intermediate,2131,,{}
SYN-T-1065,OP-005,M-5,HAUL_TRANSPORT,Haul Cycle,Site B,08:00,09:00,Upcoming,60,clear,intermediate,2168,,{}
SYN-T-1066,OP-006,M-1,EXCAVATION_LOAD,Excavation — Trench Digging,Site A,08:00,09:00,Completed,45,clear,intermediate,2205,,{}
SYN-T-1067,OP-007,M-3,EXCAVATION_LOAD,Material Loading,Site B,08:00,09:00,Completed,60,clear,intermediate,2242,,{}
SYN-T-1068,OP-008,M-5,HAUL_TRANSPORT,Haul Cycle,Site A,08:00,09:00,Completed,60,clear,intermediate,2279,,{}
SYN-T-1069,OP-009,M-1,EXCAVATION_LOAD,Excavation — Trench Digging,Site B,08:00,09:00,Upcoming,45,clear,intermediate,2316,,{}
SYN-T-1070,OP-010,M-3,EXCAVATION_LOAD,Material Loading,Site A,08:00,09:00,Completed,60,clear,intermediate,2353,,{}
SYN-T-1071,OP-011,M-5,HAUL_TRANSPORT,Haul Cycle,Site B,08:00,09:00,Completed,60,clear,intermediate,2390,,{}
SYN-T-1072,OP-012,M-1,EXCAVATION_LOAD,Excavation — Trench Digging,Site A,08:00,09:00,Completed,45,clear,intermediate,2427,,{}
SYN-T-1073,OP-013,M-3,EXCAVATION_LOAD,Material Loading,Site B,08:00,09:00,Upcoming,60,clear,intermediate,2464,,{}
SYN-T-1074,OP-014,M-5,HAUL_TRANSPORT,Haul Cycle,Site A,08:00,09:00,Completed,60,clear,intermediate,2501,,{}
SYN-T-1075,OP-015,M-1,EXCAVATION_LOAD,Excavation — Trench Digging,Site B,08:00,09:00,Completed,45,clear,intermediate,2538,,{}
SYN-T-1076,OP-016,M-3,EXCAVATION_LOAD,Material Loading,Site A,08:00,09:00,Completed,60,clear,intermediate,2575,,{}
SYN-T-1077,OP-017,M-5,HAUL_TRANSPORT,Haul Cycle,Site B,08:00,09:00,Upcoming,60,clear,intermediate,2612,,{}
SYN-T-1078,OP-018,M-1,EXCAVATION_LOAD,Excavation — Trench Digging,Site A,08:00,09:00,Completed,45,clear,intermediate,2649,,{}
SYN-T-1079,OP-019,M-3,EXCAVATION_LOAD,Material Loading,Site B,08:00,09:00,Completed,60,clear,intermediate,2686,,{}
SYN-T-1080,OP-020,M-5,HAUL_TRANSPORT,Haul Cycle,Site A,08:00,09:00,Completed,60,clear,intermediate,2723,,{}
SYN-T-1081,OP-001,M-1,EXCAVATION_LOAD,Excavation — Trench Digging,Site B,08:00,09:00,Upcoming,45,clear,intermediate,2760,,{}
SYN-T-1082,OP-002,M-3,EXCAVATION_LOAD,Material Loading,Site A,08:00,09:00,Completed,60,clear,intermediate,2797,,{}
SYN-T-1083,OP-003,M-5,HAUL_TRANSPORT,Haul Cycle,Site B,08:00,09:00,Completed,60,clear,intermediate,2834,,{}
SYN-T-1084,OP-004,M-1,EXCAVATION_LOAD,Excavation — Trench Digging,Site A,08:00,09:00,Completed,45,clear,intermediate,2871,,{}
SYN-T-1085,OP-005,M-3,EXCAVATION_LOAD,Material Loading,Site B,08:00,09:00,Upcoming,60,clear,intermediate,2908,,{}
SYN-T-1086,OP-006,M-5,HAUL_TRANSPORT,Haul Cycle,Site A,08:00,09:00,Completed,60,clear,intermediate,2945,,{}
SYN-T-1087,OP-007,M-1,EXCAVATION_LOAD,Excavation — Trench Digging,Site B,08:00,09:00,Completed,45,clear,intermediate,2982,,{}
SYN-T-1088,OP-008,M-3,EXCAVATION_LOAD,Material Loading,Site A,08:00,09:00,Completed,60,clear,intermediate,3019,,{}
SYN-T-1089,OP-009,M-5,HAUL_TRANSPORT,Haul Cycle,Site B,08:00,09:00,Upcoming,60,clear,intermediate,3056,,{}
SYN-T-1090,OP-010,M-1,EXCAVATION_LOAD,Excavation — Trench Digging,Site A,08:00,09:00,Completed,45,clear,intermediate,3093,,{}
SYN-T-1091,OP-011,M-3,EXCAVATION_LOAD,Material Loading,Site B,08:00,09:00,Completed,60,clear,intermediate,3130,,{}
SYN-T-1092,OP-012,M-5,HAUL_TRANSPORT,Haul Cycle,Site A,08:00,09:00,Completed,60,clear,intermediate,3167,,{}
SYN-T-1093,OP-013,M-1,EXCAVATION_LOAD,Excavation — Trench Digging,Site B,08:00,09:00,Upcoming,45,clear,intermediate,3204,,{}
SYN-T-1094,OP-014,M-3,EXCAVATION_LOAD,Material Loading,Site A,08:00,09:00,Completed,60,clear,intermediate,3241,,{}
SYN-T-1095,OP-015,M-5,HAUL_TRANSPORT,Haul Cycle,Site B,08:00,09:00,Completed,60,clear,intermediate,3278,,{}
SYN-T-1096,OP-016,M-1,EXCAVATION_LOAD,Excavation — Trench Digging,Site A,08:00,09:00,Completed,45,clear,intermediate,3315,,{}
SYN-T-1097,OP-017,M-3,EXCAVATION_LOAD,Material Loading,Site B,08:00,09:00,Upcoming,60,clear,intermediate,3352,,{}
SYN-T-1098,OP-018,M-5,HAUL_TRANSPORT,Haul Cycle,Site A,08:00,09:00,Completed,60,clear,intermediate,3389,,{}
SYN-T-1099,OP-019,M-1,EXCAVATION_LOAD,Excavation — Trench Digging,Site B,08:00,09:00,Completed,45,clear,intermediate,3426,,{}
SYN-T-1100,OP-020,M-3,EXCAVATION_LOAD,Material Loading,Site A,08:00,09:00,Completed,60,clear,intermediate,3463,,{}
SYN-T-1101,OP-001,M-5,HAUL_TRANSPORT,Haul Cycle,Site B,08:00,09:00,Upcoming,60,clear,intermediate,3500,,{}
SYN-T-1102,OP-002,M-1,EXCAVATION_LOAD,Excavation — Trench Digging,Site A,08:00,09:00,Completed,45,clear,intermediate,3537,,{}
SYN-T-1103,OP-003,M-3,EXCAVATION_LOAD,Material Loading,Site B,08:00,09:00,Completed,60,clear,intermediate,3574,,{}
SYN-T-1104,OP-004,M-5,HAUL_TRANSPORT,Haul Cycle,Site A,08:00,09:00,Completed,60,clear,intermediate,3611,,{}
SYN-T-1105,OP-005,M-1,EXCAVATION_LOAD,Excavation — Trench Digging,Site B,08:00,09:00,Upcoming,45,clear,intermediate,3648,,{}
SYN-T-1106,OP-006,M-3,EXCAVATION_LOAD,Material Loading,Site A,08:00,09:00,Completed,60,clear,intermediate,3685,,{}
SYN-T-1107,OP-007,M-5,HAUL_TRANSPORT,Haul Cycle,Site B,08:00,09:00,Completed,60,clear,intermediate,3722,,{}
SYN-T-1108,OP-008,M-1,EXCAVATION_LOAD,Excavation — Trench Digging,Site A,08:00,09:00,Completed,45,clear,intermediate,3759,,{}
SYN-T-1109,OP-009,M-3,EXCAVATION_LOAD,Material Loading,Site B,08:00,09:00,Upcoming,60,clear,intermediate,3796,,{}
SYN-T-1110,OP-010,M-5,HAUL_TRANSPORT,Haul Cycle,Site A,08:00,09:00,Completed,60,clear,intermediate,3833,,{}
SYN-T-1111,OP-011,M-1,EXCAVATION_LOAD,Excavation — Trench Digging,Site B,08:00,09:00,Completed,45,clear,intermediate,3870,,{}
SYN-T-1112,OP-012,M-3,EXCAVATION_LOAD,Material Loading,Site A,08:00,09:00,Completed,60,clear,intermediate,3907,,{}
SYN-T-1113,OP-013,M-5,HAUL_TRANSPORT,Haul Cycle,Site B,08:00,09:00,Upcoming,60,clear,intermediate,3944,,{}
SYN-T-1114,OP-014,M-1,EXCAVATION_LOAD,Excavation — Trench Digging,Site A,08:00,09:00,Completed,45,clear,intermediate,3981,,{}
SYN-T-1115,OP-015,M-3,EXCAVATION_LOAD,Material Loading,Site B,08:00,09:00,Completed,60,clear,intermediate,4018,,{}
SYN-T-1116,OP-016,M-5,HAUL_TRANSPORT,Haul Cycle,Site A,08:00,09:00,Completed,60,clear,intermediate,4055,,{}
SYN-T-1117,OP-017,M-1,EXCAVATION_LOAD,Excavation — Trench Digging,Site B,08:00,09:00,Upcoming,45,clear,intermediate,4092,,{}
SYN-T-1118,OP-018,M-3,EXCAVATION_LOAD,Material Loading,Site A,08:00,09:00,Completed,60,clear,intermediate,4129,,{}
SYN-T-1119,OP-019,M-5,HAUL_TRANSPORT,Haul Cycle,Site B,08:00,09:00,Completed,60,clear,intermediate,4166,,{}
SYN-T-1120,OP-020,M-1,EXCAVATION_LOAD,Excavation — Trench Digging,Site A,08:00,09:00,Completed,45,clear,intermediate,4203,,{}
SYN-T-1121,OP-001,M-3,EXCAVATION_LOAD,Material Loading,Site B,08:00,09:00,Upcoming,60,clear,intermediate,4240,,{}
SYN-T-1122,OP-002,M-5,HAUL_TRANSPORT,Haul Cycle,Site A,08:00,09:00,Completed,60,clear,intermediate,4277,,{}
SYN-T-1123,OP-003,M-1,EXCAVATION_LOAD,Excavation — Trench Digging,Site B,08:00,09:00,Completed,45,clear,intermediate,4314,,{}
SYN-T-1124,OP-004,M-3,EXCAVATION_LOAD,Material Loading,Site A,08:00,09:00,Completed,60,clear,intermediate,4351,,{}
SYN-T-1125,OP-005,M-5,HAUL_TRANSPORT,Haul Cycle,Site B,08:00,09:00,Upcoming,60,clear,intermediate,4388,,{}
SYN-T-1126,OP-006,M-1,EXCAVATION_LOAD,Excavation — Trench Digging,Site A,08:00,09:00,Completed,45,clear,intermediate,4425,,{}
SYN-T-1127,OP-007,M-3,EXCAVATION_LOAD,Material Loading,Site B,08:00,09:00,Completed,60,clear,intermediate,4462,,{}
SYN-T-1128,OP-008,M-5,HAUL_TRANSPORT,Haul Cycle,Site A,08:00,09:00,Completed,60,clear,intermediate,4499,,{}
SYN-T-1129,OP-009,M-1,EXCAVATION_LOAD,Excavation — Trench Digging,Site B,08:00,09:00,Upcoming,45,clear,intermediate,4536,,{}
SYN-T-1130,OP-010,M-3,EXCAVATION_LOAD,Material Loading,Site A,08:00,09:00,Completed,60,clear,intermediate,4573,,{}
SYN-T-1131,OP-011,M-5,HAUL_TRANSPORT,Haul Cycle,Site B,08:00,09:00,Completed,60,clear,intermediate,4610,,{}
SYN-T-1132,OP-012,M-1,EXCAVATION_LOAD,Excavation — Trench Digging,Site A,08:00,09:00,Completed,45,clear,intermediate,4647,,{}
SYN-T-1133,OP-013,M-3,EXCAVATION_LOAD,Material Loading,Site B,08:00,09:00,Upcoming,60,clear,intermediate,4684,,{}
SYN-T-1134,OP-014,M-5,HAUL_TRANSPORT,Haul Cycle,Site A,08:00,09:00,Completed,60,clear,intermediate,4721,,{}
SYN-T-1135,OP-015,M-1,EXCAVATION_LOAD,Excavation — Trench Digging,Site B,08:00,09:00,Completed,45,clear,intermediate,4758,,{}
SYN-T-1136,OP-016,M-3,EXCAVATION_LOAD,Material Loading,Site A,08:00,09:00,Completed,60,clear,intermediate,4795,,{}
SYN-T-1137,OP-017,M-5,HAUL_TRANSPORT,Haul Cycle,Site B,08:00,09:00,Upcoming,60,clear,intermediate,4832,,{}
SYN-T-1138,OP-018,M-1,EXCAVATION_LOAD,Excavation — Trench Digging,Site A,08:00,09:00,Completed,45,clear,intermediate,4869,,{}
SYN-T-1139,OP-019,M-3,EXCAVATION_LOAD,Material Loading,Site B,08:00,09:00,Completed,60,clear,intermediate,4906,,{}
SYN-T-1140,OP-020,M-5,HAUL_TRANSPORT,Haul Cycle,Site A,08:00,09:00,Completed,60,clear,intermediate,4943,,{}
SYN-T-1141,OP-001,M-1,EXCAVATION_LOAD,Excavation — Trench Digging,Site B,08:00,09:00,Upcoming,45,clear,intermediate,4980,,{}
SYN-T-1142,OP-002,M-3,EXCAVATION_LOAD,Material Loading,Site A,08:00,09:00,Completed,60,clear,intermediate,5017,,{}
SYN-T-1143,OP-003,M-5,HAUL_TRANSPORT,Haul Cycle,Site B,08:00,09:00,Completed,60,clear,intermediate,5054,,{}
SYN-T-1144,OP-004,M-1,EXCAVATION_LOAD,Excavation — Trench Digging,Site A,08:00,09:00,Completed,45,clear,intermediate,5091,,{}
SYN-T-1145,OP-005,M-3,EXCAVATION_LOAD,Material Loading,Site B,08:00,09:00,Upcoming,60,clear,intermediate,5128,,{}
SYN-T-1146,OP-006,M-5,HAUL_TRANSPORT,Haul Cycle,Site A,08:00,09:00,Completed,60,clear,intermediate,5165,,{}
SYN-T-1147,OP-007,M-1,EXCAVATION_LOAD,Excavation — Trench Digging,Site B,08:00,09:00,Completed,45,clear,intermediate,5202,,{}
SYN-T-1148,OP-008,M-3,EXCAVATION_LOAD,Material Loading,Site A,08:00,09:00,Completed,60,clear,intermediate,5239,,{}
SYN-T-1149,OP-009,M-5,HAUL_TRANSPORT,Haul Cycle,Site B,08:00,09:00,Upcoming,60,clear,intermediate,5276,,{}
SYN-T-1150,OP-010,M-1,EXCAVATION_LOAD,Excavation — Trench Digging,Site A,08:00,09:00,Completed,45,clear,intermediate,5313,,{}
SYN-T-1151,OP-011,M-3,EXCAVATION_LOAD,Material Loading,Site B,08:00,09:00,Completed,60,clear,intermediate,5350,,{}
SYN-T-1152,OP-012,M-5,HAUL_TRANSPORT,Haul Cycle,Site A,08:00,09:00,Completed,60,clear,intermediate,5387,,{}
SYN-T-1153,OP-013,M-1,EXCAVATION_LOAD,Excavation — Trench Digging,Site B,08:00,09:00,Upcoming,45,clear,intermediate,5424,,{}
SYN-T-1154,OP-014,M-3,EXCAVATION_LOAD,Material Loading,Site A,08:00,09:00,Completed,60,clear,intermediate,5461,,{}
SYN-T-1155,OP-015,M-5,HAUL_TRANSPORT,Haul Cycle,Site B,08:00,09:00,Completed,60,clear,intermediate,5498,,{}
SYN-T-1156,OP-016,M-1,EXCAVATION_LOAD,Excavation — Trench Digging,Site A,08:00,09:00,Completed,45,clear,intermediate,5535,,{}
SYN-T-1157,OP-017,M-3,EXCAVATION_LOAD,Material Loading,Site B,08:00,09:00,Upcoming,60,clear,intermediate,5572,,{}
SYN-T-1158,OP-018,M-5,HAUL_TRANSPORT,Haul Cycle,Site A,08:00,09:00,Completed,60,clear,intermediate,5609,,{}
SYN-T-1159,OP-019,M-1,EXCAVATION_LOAD,Excavation — Trench Digging,Site B,08:00,09:00,Completed,45,clear,intermediate,5646,,{}
SYN-T-1160,OP-020,M-3,EXCAVATION_LOAD,Material Loading,Site A,08:00,09:00,Completed,60,clear,intermediate,5683,,{}
SYN-T-1161,OP-001,M-5,HAUL_TRANSPORT,Haul Cycle,Site B,08:00,09:00,Upcoming,60,clear,intermediate,5720,,{}
SYN-T-1162,OP-002,M-1,EXCAVATION_LOAD,Excavation — Trench Digging,Site A,08:00,09:00,Completed,45,clear,intermediate,5757,,{}
SYN-T-1163,OP-003,M-3,EXCAVATION_LOAD,Material Loading,Site B,08:00,09:00,Completed,60,clear,intermediate,5794,,{}
SYN-T-1164,OP-004,M-5,HAUL_TRANSPORT,Haul Cycle,Site A,08:00,09:00,Completed,60,clear,intermediate,5831,,{}
SYN-T-1165,OP-005,M-1,EXCAVATION_LOAD,Excavation — Trench Digging,Site B,08:00,09:00,Upcoming,45,clear,intermediate,5868,,{}
SYN-T-1166,OP-006,M-3,EXCAVATION_LOAD,Material Loading,Site A,08:00,09:00,Completed,60,clear,intermediate,5905,,{}
SYN-T-1167,OP-007,M-5,HAUL_TRANSPORT,Haul Cycle,Site B,08:00,09:00,Completed,60,clear,intermediate,5942,,{}
SYN-T-1168,OP-008,M-1,EXCAVATION_LOAD,Excavation — Trench Digging,Site A,08:00,09:00,Completed,45,clear,intermediate,5979,,{}
SYN-T-1169,OP-009,M-3,EXCAVATION_LOAD,Material Loading,Site B,08:00,09:00,Upcoming,60,clear,intermediate,1216,,{}
SYN-T-1170,OP-010,M-5,HAUL_TRANSPORT,Haul Cycle,Site A,08:00,09:00,Completed,60,clear,intermediate,1253,,{}
SYN-T-1171,OP-011,M-1,EXCAVATION_LOAD,Excavation — Trench Digging,Site B,08:00,09:00,Completed,45,clear,intermediate,1290,,{}
SYN-T-1172,OP-012,M-3,EXCAVATION_LOAD,Material Loading,Site A,08:00,09:00,Completed,60,clear,intermediate,1327,,{}
SYN-T-1173,OP-013,M-5,HAUL_TRANSPORT,Haul Cycle,Site B,08:00,09:00,Upcoming,60,clear,intermediate,1364,,{}
SYN-T-1174,OP-014,M-1,EXCAVATION_LOAD,Excavation — Trench Digging,Site A,08:00,09:00,Completed,45,clear,intermediate,1401,,{}
SYN-T-1175,OP-015,M-3,EXCAVATION_LOAD,Material Loading,Site B,08:00,09:00,Completed,60,clear,intermediate,1438,,{}
SYN-T-1176,OP-016,M-5,HAUL_TRANSPORT,Haul Cycle,Site A,08:00,09:00,Completed,60,clear,intermediate,1475,,{}
SYN-T-1177,OP-017,M-1,EXCAVATION_LOAD,Excavation — Trench Digging,Site B,08:00,09:00,Upcoming,45,clear,intermediate,1512,,{}
SYN-T-1178,OP-018,M-3,EXCAVATION_LOAD,Material Loading,Site A,08:00,09:00,Completed,60,clear,intermediate,1549,,{}
SYN-T-1179,OP-019,M-5,HAUL_TRANSPORT,Haul Cycle,Site B,08:00,09:00,Completed,60,clear,intermediate,1586,,{}
SYN-T-1180,OP-020,M-1,EXCAVATION_LOAD,Excavation — Trench Digging,Site A,08:00,09:00,Completed,45,clear,intermediate,1623,,{}
SYN-T-1181,OP-001,M-3,EXCAVATION_LOAD,Material Loading,Site B,08:00,09:00,Upcoming,60,clear,intermediate,1660,,{}
SYN-T-1182,OP-002,M-5,HAUL_TRANSPORT,Haul Cycle,Site A,08:00,09:00,Completed,60,clear,intermediate,1697,,{}
SYN-T-1183,OP-003,M-1,EXCAVATION_LOAD,Excavation — Trench Digging,Site B,08:00,09:00,Completed,45,clear,intermediate,1734,,{}
SYN-T-1184,OP-004,M-3,EXCAVATION_LOAD,Material Loading,Site A,08:00,09:00,Completed,60,clear,intermediate,1771,,{}
SYN-T-1185,OP-005,M-5,HAUL_TRANSPORT,Haul Cycle,Site B,08:00,09:00,Upcoming,60,clear,intermediate,1808,,{}
SYN-T-1186,OP-006,M-1,EXCAVATION_LOAD,Excavation — Trench Digging,Site A,08:00,09:00,Completed,45,clear,intermediate,1845,,{}
SYN-T-1187,OP-007,M-3,EXCAVATION_LOAD,Material Loading,Site B,08:00,09:00,Completed,60,clear,intermediate,1882,,{}
SYN-T-1188,OP-008,M-5,HAUL_TRANSPORT,Haul Cycle,Site A,08:00,09:00,Completed,60,clear,intermediate,1919,,{}
SYN-T-1189,OP-009,M-1,EXCAVATION_LOAD,Excavation — Trench Digging,Site B,08:00,09:00,Upcoming,45,clear,intermediate,1956,,{}
SYN-T-1190,OP-010,M-3,EXCAVATION_LOAD,Material Loading,Site A,08:00,09:00,Completed,60,clear,intermediate,1993,,{}
SYN-T-1191,OP-011,M-5,HAUL_TRANSPORT,Haul Cycle,Site B,08:00,09:00,Completed,60,clear,intermediate,2030,,{}
SYN-T-1192,OP-012,M-1,EXCAVATION_LOAD,Excavation — Trench Digging,Site A,08:00,09:00,Completed,45,clear,intermediate,2067,,{}
SYN-T-1193,OP-013,M-3,EXCAVATION_LOAD,Material Loading,Site B,08:00,09:00,Upcoming,60,clear,intermediate,2104,,{}
SYN-T-1194,OP-014,M-5,HAUL_TRANSPORT,Haul Cycle,Site A,08:00,09:00,Completed,60,clear,intermediate,2141,,{}
SYN-T-1195,OP-015,M-1,EXCAVATION_LOAD,Excavation — Trench Digging,Site B,08:00,09:00,Completed,45,clear,intermediate,2178,,{}
SYN-T-1196,OP-016,M-3,EXCAVATION_LOAD,Material Loading,Site A,08:00,09:00,Completed,60,clear,intermediate,2215,,{}
SYN-T-1197,OP-017,M-5,HAUL_TRANSPORT,Haul Cycle,Site B,08:00,09:00,Upcoming,60,clear,intermediate,2252,,{}
SYN-T-1198,OP-018,M-1,EXCAVATION_LOAD,Excavation — Trench Digging,Site A,08:00,09:00,Completed,45,clear,intermediate,2289,,{}
SYN-T-1199,OP-019,M-3,EXCAVATION_LOAD,Material Loading,Site B,08:00,09:00,Completed,60,clear,intermediate,2326,,{}
SYN-T-1200,OP-020,M-5,HAUL_TRANSPORT,Haul Cycle,Site A,08:00,09:00,Completed,60,clear,intermediate,2363,,{}
SYN-T-1201,OP-001,M-1,EXCAVATION_LOAD,Excavation — Trench Digging,Site B,08:00,09:00,Upcoming,45,clear,intermediate,2400,,{}
SYN-T-1202,OP-002,M-3,EXCAVATION_LOAD,Material Loading,Site A,08:00,09:00,Completed,60,clear,intermediate,2437,,{}
SYN-T-1203,OP-003,M-5,HAUL_TRANSPORT,Haul Cycle,Site B,08:00,09:00,Completed,60,clear,intermediate,2474,,{}
SYN-T-1204,OP-004,M-1,EXCAVATION_LOAD,Excavation — Trench Digging,Site A,08:00,09:00,Completed,45,clear,intermediate,2511,,{}
SYN-T-1205,OP-005,M-3,EXCAVATION_LOAD,Material Loading,Site B,08:00,09:00,Upcoming,60,clear,intermediate,2548,,{}
SYN-T-1206,OP-006,M-5,HAUL_TRANSPORT,Haul Cycle,Site A,08:00,09:00,Completed,60,clear,intermediate,2585,,{}
SYN-T-1207,OP-007,M-1,EXCAVATION_LOAD,Excavation — Trench Digging,Site B,08:00,09:00,Completed,45,clear,intermediate,2622,,{}
SYN-T-1208,OP-008,M-3,EXCAVATION_LOAD,Material Loading,Site A,08:00,09:00,Completed,60,clear,intermediate,2659,,{}
SYN-T-1209,OP-009,M-5,HAUL_TRANSPORT,Haul Cycle,Site B,08:00,09:00,Upcoming,60,clear,intermediate,2696,,{}
SYN-T-1210,OP-010,M-1,EXCAVATION_LOAD,Excavation — Trench Digging,Site A,08:00,09:00,Completed,45,clear,intermediate,2733,,{}
SYN-T-1211,OP-011,M-3,EXCAVATION_LOAD,Material Loading,Site B,08:00,09:00,Completed,60,clear,intermediate,2770,,{}
SYN-T-1212,OP-012,M-5,HAUL_TRANSPORT,Haul Cycle,Site A,08:00,09:00,Completed,60,clear,intermediate,2807,,{}
SYN-T-1213,OP-013,M-1,EXCAVATION_LOAD,Excavation — Trench Digging,Site B,08:00,09:00,Upcoming,45,clear,intermediate,2844,,{}
SYN-T-1214,OP-014,M-3,EXCAVATION_LOAD,Material Loading,Site A,08:00,09:00,Completed,60,clear,intermediate,2881,,{}
SYN-T-1215,OP-015,M-5,HAUL_TRANSPORT,Haul Cycle,Site B,08:00,09:00,Completed,60,clear,intermediate,2918,,{}
SYN-T-1216,OP-016,M-1,EXCAVATION_LOAD,Excavation — Trench Digging,Site A,08:00,09:00,Completed,45,clear,intermediate,2955,,{}
SYN-T-1217,OP-017,M-3,EXCAVATION_LOAD,Material Loading,Site B,08:00,09:00,Upcoming,60,clear,intermediate,2992,,{}
SYN-T-1218,OP-018,M-5,HAUL_TRANSPORT,Haul Cycle,Site A,08:00,09:00,Completed,60,clear,intermediate,3029,,{}
SYN-T-1219,OP-019,M-1,EXCAVATION_LOAD,Excavation — Trench Digging,Site B,08:00,09:00,Completed,45,clear,intermediate,3066,,{}
SYN-T-1220,OP-020,M-3,EXCAVATION_LOAD,Material Loading,Site A,08:00,09:00,Completed,60,clear,intermediate,3103,,{}
SYN-T-1221,OP-001,M-5,HAUL_TRANSPORT,Haul Cycle,Site B,08:00,09:00,Upcoming,60,clear,intermediate,3140,,{}
SYN-T-1222,OP-002,M-1,EXCAVATION_LOAD,Excavation — Trench Digging,Site A,08:00,09:00,Completed,45,clear,intermediate,3177,,{}
SYN-T-1223,OP-003,M-3,EXCAVATION_LOAD,Material Loading,Site B,08:00,09:00,Completed,60,clear,intermediate,3214,,{}
SYN-T-1224,OP-004,M-5,HAUL_TRANSPORT,Haul Cycle,Site A,08:00,09:00,Completed,60,clear,intermediate,3251,,{}
SYN-T-1225,OP-005,M-1,EXCAVATION_LOAD,Excavation — Trench Digging,Site B,08:00,09:00,Upcoming,45,clear,intermediate,3288,,{}
SYN-T-1226,OP-006,M-3,EXCAVATION_LOAD,Material Loading,Site A,08:00,09:00,Completed,60,clear,intermediate,3325,,{}
SYN-T-1227,OP-007,M-5,HAUL_TRANSPORT,Haul Cycle,Site B,08:00,09:00,Completed,60,clear,intermediate,3362,,{}
SYN-T-1228,OP-008,M-1,EXCAVATION_LOAD,Excavation — Trench Digging,Site A,08:00,09:00,Completed,45,clear,intermediate,3399,,{}
SYN-T-1229,OP-009,M-3,EXCAVATION_LOAD,Material Loading,Site B,08:00,09:00,Upcoming,60,clear,intermediate,3436,,{}
SYN-T-1230,OP-010,M-5,HAUL_TRANSPORT,Haul Cycle,Site A,08:00,09:00,Completed,60,clear,intermediate,3473,,{}
SYN-T-1231,OP-011,M-1,EXCAVATION_LOAD,Excavation — Trench Digging,Site B,08:00,09:00,Completed,45,clear,intermediate,3510,,{}
SYN-T-1232,OP-012,M-3,EXCAVATION_LOAD,Material Loading,Site A,08:00,09:00,Completed,60,clear,intermediate,3547,,{}
SYN-T-1233,OP-013,M-5,HAUL_TRANSPORT,Haul Cycle,Site B,08:00,09:00,Upcoming,60,clear,intermediate,3584,,{}
SYN-T-1234,OP-014,M-1,EXCAVATION_LOAD,Excavation — Trench Digging,Site A,08:00,09:00,Completed,45,clear,intermediate,3621,,{}
SYN-T-1235,OP-015,M-3,EXCAVATION_LOAD,Material Loading,Site B,08:00,09:00,Completed,60,clear,intermediate,3658,,{}
SYN-T-1236,OP-016,M-5,HAUL_TRANSPORT,Haul Cycle,Site A,08:00,09:00,Completed,60,clear,intermediate,3695,,{}
SYN-T-1237,OP-017,M-1,EXCAVATION_LOAD,Excavation — Trench Digging,Site B,08:00,09:00,Upcoming,45,clear,intermediate,3732,,{}
SYN-T-1238,OP-018,M-3,EXCAVATION_LOAD,Material Loading,Site A,08:00,09:00,Completed,60,clear,intermediate,3769,,{}
SYN-T-1239,OP-019,M-5,HAUL_TRANSPORT,Haul Cycle,Site B,08:00,09:00,Completed,60,clear,intermediate,3806,,{}
SYN-T-1240,OP-020,M-1,EXCAVATION_LOAD,Excavation — Trench Digging,Site A,08:00,09:00,Completed,45,clear,intermediate,3843,,{}
SYN-T-1241,OP-001,M-3,EXCAVATION_LOAD,Material Loading,Site B,08:00,09:00,Upcoming,60,clear,intermediate,3880,,{}
SYN-T-1242,OP-002,M-5,HAUL_TRANSPORT,Haul Cycle,Site A,08:00,09:00,Completed,60,clear,intermediate,3917,,{}
SYN-T-1243,OP-003,M-1,EXCAVATION_LOAD,Excavation — Trench Digging,Site B,08:00,09:00,Completed,45,clear,intermediate,3954,,{}
SYN-T-1244,OP-004,M-3,EXCAVATION_LOAD,Material Loading,Site A,08:00,09:00,Completed,60,clear,intermediate,3991,,{}
SYN-T-1245,OP-005,M-5,HAUL_TRANSPORT,Haul Cycle,Site B,08:00,09:00,Upcoming,60,clear,intermediate,4028,,{}
SYN-T-1246,OP-006,M-1,EXCAVATION_LOAD,Excavation — Trench Digging,Site A,08:00,09:00,Completed,45,clear,intermediate,4065,,{}
SYN-T-1247,OP-007,M-3,EXCAVATION_LOAD,Material Loading,Site B,08:00,09:00,Completed,60,clear,intermediate,4102,,{}
SYN-T-1248,OP-008,M-5,HAUL_TRANSPORT,Haul Cycle,Site A,08:00,09:00,Completed,60,clear,intermediate,4139,,{}
SYN-T-1249,OP-009,M-1,EXCAVATION_LOAD,Excavation — Trench Digging,Site B,08:00,09:00,Upcoming,45,clear,intermediate,4176,,{}
SYN-T-1250,OP-010,M-3,EXCAVATION_LOAD,Material Loading,Site A,08:00,09:00,Completed,60,clear,intermediate,4213,,{}
SYN-T-1251,OP-011,M-5,HAUL_TRANSPORT,Haul Cycle,Site B,08:00,09:00,Completed,60,clear,intermediate,4250,,{}
SYN-T-1252,OP-012,M-1,EXCAVATION_LOAD,Excavation — Trench Digging,Site A,08:00,09:00,Completed,45,clear,intermediate,4287,,{}
SYN-T-1253,OP-013,M-3,EXCAVATION_LOAD,Material Loading,Site B,08:00,09:00,Upcoming,60,clear,intermediate,4324,,{}
SYN-T-1254,OP-014,M-5,HAUL_TRANSPORT,Haul Cycle,Site A,08:00,09:00,Completed,60,clear,intermediate,4361,,{}
SYN-T-1255,OP-015,M-1,EXCAVATION_LOAD,Excavation — Trench Digging,Site B,08:00,09:00,Completed,45,clear,intermediate,4398,,{}
SYN-T-1256,OP-016,M-3,EXCAVATION_LOAD,Material Loading,Site A,08:00,09:00,Completed,60,clear,intermediate,4435,,{}
SYN-T-1257,OP-017,M-5,HAUL_TRANSPORT,Haul Cycle,Site B,08:00,09:00,Upcoming,60,clear,intermediate,4472,,{}
SYN-T-1258,OP-018,M-1,EXCAVATION_LOAD,Excavation — Trench Digging,Site A,08:00,09:00,Completed,45,clear,intermediate,4509,,{}
SYN-T-1259,OP-019,M-3,EXCAVATION_LOAD,Material Loading,Site B,08:00,09:00,Completed,60,clear,intermediate,4546,,{}
SYN-T-1260,OP-020,M-5,HAUL_TRANSPORT,Haul Cycle,Site A,08:00,09:00,Completed,60,clear,intermediate,4583,,{}
SYN-T-1261,OP-001,M-1,EXCAVATION_LOAD,Excavation — Trench Digging,Site B,08:00,09:00,Upcoming,45,clear,intermediate,4620,,{}
SYN-T-1262,OP-002,M-3,EXCAVATION_LOAD,Material Loading,Site A,08:00,09:00,Completed,60,clear,intermediate,4657,,{}
SYN-T-1263,OP-003,M-5,HAUL_TRANSPORT,Haul Cycle,Site B,08:00,09:00,Completed,60,clear,intermediate,4694,,{}
SYN-T-1264,OP-004,M-1,EXCAVATION_LOAD,Excavation — Trench Digging,Site A,08:00,09:00,Completed,45,clear,intermediate,4731,,{}
SYN-T-1265,OP-005,M-3,EXCAVATION_LOAD,Material Loading,Site B,08:00,09:00,Upcoming,60,clear,intermediate,4768,,{}
SYN-T-1266,OP-006,M-5,HAUL_TRANSPORT,Haul Cycle,Site A,08:00,09:00,Completed,60,clear,intermediate,4805,,{}
SYN-T-1267,OP-007,M-1,EXCAVATION_LOAD,Excavation — Trench Digging,Site B,08:00,09:00,Completed,45,clear,intermediate,4842,,{}
SYN-T-1268,OP-008,M-3,EXCAVATION_LOAD,Material Loading,Site A,08:00,09:00,Completed,60,clear,intermediate,4879,,{}
SYN-T-1269,OP-009,M-5,HAUL_TRANSPORT,Haul Cycle,Site B,08:00,09:00,Upcoming,60,clear,intermediate,4916,,{}
SYN-T-1270,OP-010,M-1,EXCAVATION_LOAD,Excavation — Trench Digging,Site A,08:00,09:00,Completed,45,clear,intermediate,4953,,{}
SYN-T-1271,OP-011,M-3,EXCAVATION_LOAD,Material Loading,Site B,08:00,09:00,Completed,60,clear,intermediate,4990,,{}
SYN-T-1272,OP-012,M-5,HAUL_TRANSPORT,Haul Cycle,Site A,08:00,09:00,Completed,60,clear,intermediate,5027,,{}
SYN-T-1273,OP-013,M-1,EXCAVATION_LOAD,Excavation — Trench Digging,Site B,08:00,09:00,Upcoming,45,clear,intermediate,5064,,{}
SYN-T-1274,OP-014,M-3,EXCAVATION_LOAD,Material Loading,Site A,08:00,09:00,Completed,60,clear,intermediate,5101,,{}
SYN-T-1275,OP-015,M-5,HAUL_TRANSPORT,Haul Cycle,Site B,08:00,09:00,Completed,60,clear,intermediate,5138,,{}
SYN-T-1276,OP-016,M-1,EXCAVATION_LOAD,Excavation — Trench Digging,Site A,08:00,09:00,Completed,45,clear,intermediate,5175,,{}
SYN-T-1277,OP-017,M-3,EXCAVATION_LOAD,Material Loading,Site B,08:00,09:00,Upcoming,60,clear,intermediate,5212,,{}
SYN-T-1278,OP-018,M-5,HAUL_TRANSPORT,Haul Cycle,Site A,08:00,09:00,Completed,60,clear,intermediate,5249,,{}
SYN-T-1279,OP-019,M-1,EXCAVATION_LOAD,Excavation — Trench Digging,Site B,08:00,09:00,Completed,45,clear,intermediate,5286,,{}
SYN-T-1280,OP-020,M-3,EXCAVATION_LOAD,Material Loading,Site A,08:00,09:00,Completed,60,clear,intermediate,5323,,{}
SYN-T-1281,OP-001,M-5,HAUL_TRANSPORT,Haul Cycle,Site B,08:00,09:00,Upcoming,60,clear,intermediate,5360,,{}
SYN-T-1282,OP-002,M-1,EXCAVATION_LOAD,Excavation — Trench Digging,Site A,08:00,09:00,Completed,45,clear,intermediate,5397,,{}
SYN-T-1283,OP-003,M-3,EXCAVATION_LOAD,Material Loading,Site B,08:00,09:00,Completed,60,clear,intermediate,5434,,{}
SYN-T-1284,OP-004,M-5,HAUL_TRANSPORT,Haul Cycle,Site A,08:00,09:00,Completed,60,clear,intermediate,5471,,{}
SYN-T-1285,OP-005,M-1,EXCAVATION_LOAD,Excavation — Trench Digging,Site B,08:00,09:00,Upcoming,45,clear,intermediate,5508,,{}
SYN-T-1286,OP-006,M-3,EXCAVATION_LOAD,Material Loading,Site A,08:00,09:00,Completed,60,clear,intermediate,5545,,{}
SYN-T-1287,OP-007,M-5,HAUL_TRANSPORT,Haul Cycle,Site B,08:00,09:00,Completed,60,clear,intermediate,5582,,{}
SYN-T-1288,OP-008,M-1,EXCAVATION_LOAD,Excavation — Trench Digging,Site A,08:00,09:00,Completed,45,clear,intermediate,5619,,{}
SYN-T-1289,OP-009,M-3,EXCAVATION_LOAD,Material Loading,Site B,08:00,09:00,Upcoming,60,clear,intermediate,5656,,{}
SYN-T-1290,OP-010,M-5,HAUL_TRANSPORT,Haul Cycle,Site A,08:00,09:00,Completed,60,clear,intermediate,5693,,{}
SYN-T-1291,OP-011,M-1,EXCAVATION_LOAD,Excavation — Trench Digging,Site B,08:00,09:00,Completed,45,clear,intermediate,5730,,{}
SYN-T-1292,OP-012,M-3,EXCAVATION_LOAD,Material Loading,Site A,08:00,09:00,Completed,60,clear,intermediate,5767,,{}
SYN-T-1293,OP-013,M-5,HAUL_TRANSPORT,Haul Cycle,Site B,08:00,09:00,Upcoming,60,clear,intermediate,5804,,{}
SYN-T-1294,OP-014,M-1,EXCAVATION_LOAD,Excavation — Trench Digging,Site A,08:00,09:00,Completed,45,clear,intermediate,5841,,{}
SYN-T-1295,OP-015,M-3,EXCAVATION_LOAD,Material Loading,Site B,08:00,09:00,Completed,60,clear,intermediate,5878,,{}
SYN-T-1296,OP-016,M-5,HAUL_TRANSPORT,Haul Cycle,Site A,08:00,09:00,Completed,60,clear,intermediate,5915,,{}
SYN-T-1297,OP-017,M-1,EXCAVATION_LOAD,Excavation — Trench Digging,Site B,08:00,09:00,Upcoming,45,clear,intermediate,5952,,{}
SYN-T-1298,OP-018,M-3,EXCAVATION_LOAD,Material Loading,Site A,08:00,09:00,Completed,60,clear,intermediate,5989,,{}
SYN-T-1299,OP-019,M-5,HAUL_TRANSPORT,Haul Cycle,Site B,08:00,09:00,Completed,60,clear,intermediate,1226,,{}
SYN-T-1300,OP-020,M-1,EXCAVATION_LOAD,Excavation — Trench Digging,Site A,08:00,09:00,Completed,45,clear,intermediate,1263,,{}
SYN-T-1301,OP-001,M-3,EXCAVATION_LOAD,Material Loading,Site B,08:00,09:00,Upcoming,60,clear,intermediate,1300,,{}
SYN-T-1302,OP-002,M-5,HAUL_TRANSPORT,Haul Cycle,Site A,08:00,09:00,Completed,60,clear,intermediate,1337,,{}
SYN-T-1303,OP-003,M-1,EXCAVATION_LOAD,Excavation — Trench Digging,Site B,08:00,09:00,Completed,45,clear,intermediate,1374,,{}
SYN-T-1304,OP-004,M-3,EXCAVATION_LOAD,Material Loading,Site A,08:00,09:00,Completed,60,clear,intermediate,1411,,{}
SYN-T-1305,OP-005,M-5,HAUL_TRANSPORT,Haul Cycle,Site B,08:00,09:00,Upcoming,60,clear,intermediate,1448,,{}
SYN-T-1306,OP-006,M-1,EXCAVATION_LOAD,Excavation — Trench Digging,Site A,08:00,09:00,Completed,45,clear,intermediate,1485,,{}
SYN-T-1307,OP-007,M-3,EXCAVATION_LOAD,Material Loading,Site B,08:00,09:00,Completed,60,clear,intermediate,1522,,{}
SYN-T-1308,OP-008,M-5,HAUL_TRANSPORT,Haul Cycle,Site A,08:00,09:00,Completed,60,clear,intermediate,1559,,{}
SYN-T-1309,OP-009,M-1,EXCAVATION_LOAD,Excavation — Trench Digging,Site B,08:00,09:00,Upcoming,45,clear,intermediate,1596,,{}
SYN-T-1310,OP-010,M-3,EXCAVATION_LOAD,Material Loading,Site A,08:00,09:00,Completed,60,clear,intermediate,1633,,{}
SYN-T-1311,OP-011,M-5,HAUL_TRANSPORT,Haul Cycle,Site B,08:00,09:00,Completed,60,clear,intermediate,1670,,{}
SYN-T-1312,OP-012,M-1,EXCAVATION_LOAD,Excavation — Trench Digging,Site A,08:00,09:00,Completed,45,clear,intermediate,1707,,{}
SYN-T-1313,OP-013,M-3,EXCAVATION_LOAD,Material Loading,Site B,08:00,09:00,Upcoming,60,clear,intermediate,1744,,{}
SYN-T-1314,OP-014,M-5,HAUL_TRANSPORT,Haul Cycle,Site A,08:00,09:00,Completed,60,clear,intermediate,1781,,{}
SYN-T-1315,OP-015,M-1,EXCAVATION_LOAD,Excavation — Trench Digging,Site B,08:00,09:00,Completed,45,clear,intermediate,1818,,{}
SYN-T-1316,OP-016,M-3,EXCAVATION_LOAD,Material Loading,Site A,08:00,09:00,Completed,60,clear,intermediate,1855,,{}
SYN-T-1317,OP-017,M-5,HAUL_TRANSPORT,Haul Cycle,Site B,08:00,09:00,Upcoming,60,clear,intermediate,1892,,{}
SYN-T-1318,OP-018,M-1,EXCAVATION_LOAD,Excavation — Trench Digging,Site A,08:00,09:00,Completed,45,clear,intermediate,1929,,{}
SYN-T-1319,OP-019,M-3,EXCAVATION_LOAD,Material Loading,Site B,08:00,09:00,Completed,60,clear,intermediate,1966,,{}
SYN-T-1320,OP-020,M-5,HAUL_TRANSPORT,Haul Cycle,Site A,08:00,09:00,Completed,60,clear,intermediate,2003,,{}
SYN-T-1321,OP-001,M-1,EXCAVATION_LOAD,Excavation — Trench Digging,Site B,08:00,09:00,Upcoming,45,clear,intermediate,2040,,{}
SYN-T-1322,OP-002,M-3,EXCAVATION_LOAD,Material Loading,Site A,08:00,09:00,Completed,60,clear,intermediate,2077,,{}
SYN-T-1323,OP-003,M-5,HAUL_TRANSPORT,Haul Cycle,Site B,08:00,09:00,Completed,60,clear,intermediate,2114,,{}
SYN-T-1324,OP-004,M-1,EXCAVATION_LOAD,Excavation — Trench Digging,Site A,08:00,09:00,Completed,45,clear,intermediate,2151,,{}
SYN-T-1325,OP-005,M-3,EXCAVATION_LOAD,Material Loading,Site B,08:00,09:00,Upcoming,60,clear,intermediate,2188,,{}
SYN-T-1326,OP-006,M-5,HAUL_TRANSPORT,Haul Cycle,Site A,08:00,09:00,Completed,60,clear,intermediate,2225,,{}
SYN-T-1327,OP-007,M-1,EXCAVATION_LOAD,Excavation — Trench Digging,Site B,08:00,09:00,Completed,45,clear,intermediate,2262,,{}
SYN-T-1328,OP-008,M-3,EXCAVATION_LOAD,Material Loading,Site A,08:00,09:00,Completed,60,clear,intermediate,2299,,{}
SYN-T-1329,OP-009,M-5,HAUL_TRANSPORT,Haul Cycle,Site B,08:00,09:00,Upcoming,60,clear,intermediate,2336,,{}
SYN-T-1330,OP-010,M-1,EXCAVATION_LOAD,Excavation — Trench Digging,Site A,08:00,09:00,Completed,45,clear,intermediate,2373,,{}
SYN-T-1331,OP-011,M-3,EXCAVATION_LOAD,Material Loading,Site B,08:00,09:00,Completed,60,clear,intermediate,2410,,{}
SYN-T-1332,OP-012,M-5,HAUL_TRANSPORT,Haul Cycle,Site A,08:00,09:00,Completed,60,clear,intermediate,2447,,{}
SYN-T-1333,OP-013,M-1,EXCAVATION_LOAD,Excavation — Trench Digging,Site B,08:00,09:00,Upcoming,45,clear,intermediate,2484,,{}
SYN-T-1334,OP-014,M-3,EXCAVATION_LOAD,Material Loading,Site A,08:00,09:00,Completed,60,clear,intermediate,2521,,{}
SYN-T-1335,OP-015,M-5,HAUL_TRANSPORT,Haul Cycle,Site B,08:00,09:00,Completed,60,clear,intermediate,2558,,{}
SYN-T-1336,OP-016,M-1,EXCAVATION_LOAD,Excavation — Trench Digging,Site A,08:00,09:00,Completed,45,clear,intermediate,2595,,{}
SYN-T-1337,OP-017,M-3,EXCAVATION_LOAD,Material Loading,Site B,08:00,09:00,Upcoming,60,clear,intermediate,2632,,{}
SYN-T-1338,OP-018,M-5,HAUL_TRANSPORT,Haul Cycle,Site A,08:00,09:00,Completed,60,clear,intermediate,2669,,{}
SYN-T-1339,OP-019,M-1,EXCAVATION_LOAD,Excavation — Trench Digging,Site B,08:00,09:00,Completed,45,clear,intermediate,2706,,{}
SYN-T-1340,OP-020,M-3,EXCAVATION_LOAD,Material Loading,Site A,08:00,09:00,Completed,60,clear,intermediate,2743,,{}
SYN-T-1341,OP-001,M-5,HAUL_TRANSPORT,Haul Cycle,Site B,08:00,09:00,Upcoming,60,clear,intermediate,2780,,{}
SYN-T-1342,OP-002,M-1,EXCAVATION_LOAD,Excavation — Trench Digging,Site A,08:00,09:00,Completed,45,clear,intermediate,2817,,{}
SYN-T-1343,OP-003,M-3,EXCAVATION_LOAD,Material Loading,Site B,08:00,09:00,Completed,60,clear,intermediate,2854,,{}
SYN-T-1344,OP-004,M-5,HAUL_TRANSPORT,Haul Cycle,Site A,08:00,09:00,Completed,60,clear,intermediate,2891,,{}
SYN-T-1345,OP-005,M-1,EXCAVATION_LOAD,Excavation — Trench Digging,Site B,08:00,09:00,Upcoming,45,clear,intermediate,2928,,{}
SYN-T-1346,OP-006,M-3,EXCAVATION_LOAD,Material Loading,Site A,08:00,09:00,Completed,60,clear,intermediate,2965,,{}
SYN-T-1347,OP-007,M-5,HAUL_TRANSPORT,Haul Cycle,Site B,08:00,09:00,Completed,60,clear,intermediate,3002,,{}
SYN-T-1348,OP-008,M-1,EXCAVATION_LOAD,Excavation — Trench Digging,Site A,08:00,09:00,Completed,45,clear,intermediate,3039,,{}
SYN-T-1349,OP-009,M-3,EXCAVATION_LOAD,Material Loading,Site B,08:00,09:00,Upcoming,60,clear,intermediate,3076,,{}
SYN-T-1350,OP-010,M-5,HAUL_TRANSPORT,Haul Cycle,Site A,08:00,09:00,Completed,60,clear,intermediate,3113,,{}
SYN-T-1351,OP-011,M-1,EXCAVATION_LOAD,Excavation — Trench Digging,Site B,08:00,09:00,Completed,45,clear,intermediate,3150,,{}
SYN-T-1352,OP-012,M-3,EXCAVATION_LOAD,Material Loading,Site A,08:00,09:00,Completed,60,clear,intermediate,3187,,{}
SYN-T-1353,OP-013,M-5,HAUL_TRANSPORT,Haul Cycle,Site B,08:00,09:00,Upcoming,60,clear,intermediate,3224,,{}
SYN-T-1354,OP-014,M-1,EXCAVATION_LOAD,Excavation — Trench Digging,Site A,08:00,09:00,Completed,45,clear,intermediate,3261,,{}
SYN-T-1355,OP-015,M-3,EXCAVATION_LOAD,Material Loading,Site B,08:00,09:00,Completed,60,clear,intermediate,3298,,{}
SYN-T-1356,OP-016,M-5,HAUL_TRANSPORT,Haul Cycle,Site A,08:00,09:00,Completed,60,clear,intermediate,3335,,{}
SYN-T-1357,OP-017,M-1,EXCAVATION_LOAD,Excavation — Trench Digging,Site B,08:00,09:00,Upcoming,45,clear,intermediate,3372,,{}
SYN-T-1358,OP-018,M-3,EXCAVATION_LOAD,Material Loading,Site A,08:00,09:00,Completed,60,clear,intermediate,3409,,{}
SYN-T-1359,OP-019,M-5,HAUL_TRANSPORT,Haul Cycle,Site B,08:00,09:00,Completed,60,clear,intermediate,3446,,{}
SYN-T-1360,OP-020,M-1,EXCAVATION_LOAD,Excavation — Trench Digging,Site A,08:00,09:00,Completed,45,clear,intermediate,3483,,{}
SYN-T-1361,OP-001,M-3,EXCAVATION_LOAD,Material Loading,Site B,08:00,09:00,Upcoming,60,clear,intermediate,3520,,{}
SYN-T-1362,OP-002,M-5,HAUL_TRANSPORT,Haul Cycle,Site A,08:00,09:00,Completed,60,clear,intermediate,3557,,{}
SYN-T-1363,OP-003,M-1,EXCAVATION_LOAD,Excavation — Trench Digging,Site B,08:00,09:00,Completed,45,clear,intermediate,3594,,{}
SYN-T-1364,OP-004,M-3,EXCAVATION_LOAD,Material Loading,Site A,08:00,09:00,Completed,60,clear,intermediate,3631,,{}
SYN-T-1365,OP-005,M-5,HAUL_TRANSPORT,Haul Cycle,Site B,08:00,09:00,Upcoming,60,clear,intermediate,3668,,{}
SYN-T-1366,OP-006,M-1,EXCAVATION_LOAD,Excavation — Trench Digging,Site A,08:00,09:00,Completed,45,clear,intermediate,3705,,{}
SYN-T-1367,OP-007,M-3,EXCAVATION_LOAD,Material Loading,Site B,08:00,09:00,Completed,60,clear,intermediate,3742,,{}
SYN-T-1368,OP-008,M-5,HAUL_TRANSPORT,Haul Cycle,Site A,08:00,09:00,Completed,60,clear,intermediate,3779,,{}
SYN-T-1369,OP-009,M-1,EXCAVATION_LOAD,Excavation — Trench Digging,Site B,08:00,09:00,Upcoming,45,clear,intermediate,3816,,{}
SYN-T-1370,OP-010,M-3,EXCAVATION_LOAD,Material Loading,Site A,08:00,09:00,Completed,60,clear,intermediate,3853,,{}
SYN-T-1371,OP-011,M-5,HAUL_TRANSPORT,Haul Cycle,Site B,08:00,09:00,Completed,60,clear,intermediate,3890,,{}
SYN-T-1372,OP-012,M-1,EXCAVATION_LOAD,Excavation — Trench Digging,Site A,08:00,09:00,Completed,45,clear,intermediate,3927,,{}
SYN-T-1373,OP-013,M-3,EXCAVATION_LOAD,Material Loading,Site B,08:00,09:00,Upcoming,60,clear,intermediate,3964,,{}
SYN-T-1374,OP-014,M-5,HAUL_TRANSPORT,Haul Cycle,Site A,08:00,09:00,Completed,60,clear,intermediate,4001,,{}
SYN-T-1375,OP-015,M-1,EXCAVATION_LOAD,Excavation — Trench Digging,Site B,08:00,09:00,Completed,45,clear,intermediate,4038,,{}
SYN-T-1376,OP-016,M-3,EXCAVATION_LOAD,Material Loading,Site A,08:00,09:00,Completed,60,clear,intermediate,4075,,{}
SYN-T-1377,OP-017,M-5,HAUL_TRANSPORT,Haul Cycle,Site B,08:00,09:00,Upcoming,60,clear,intermediate,4112,,{}
SYN-T-1378,OP-018,M-1,EXCAVATION_LOAD,Excavation — Trench Digging,Site A,08:00,09:00,Completed,45,clear,intermediate,4149,,{}
SYN-T-1379,OP-019,M-3,EXCAVATION_LOAD,Material Loading,Site B,08:00,09:00,Completed,60,clear,intermediate,4186,,{}
SYN-T-1380,OP-020,M-5,HAUL_TRANSPORT,Haul Cycle,Site A,08:00,09:00,Completed,60,clear,intermediate,4223,,{}
SYN-T-1381,OP-001,M-1,EXCAVATION_LOAD,Excavation — Trench Digging,Site B,08:00,09:00,Upcoming,45,clear,intermediate,4260,,{}
SYN-T-1382,OP-002,M-3,EXCAVATION_LOAD,Material Loading,Site A,08:00,09:00,Completed,60,clear,intermediate,4297,,{}
SYN-T-1383,OP-003,M-5,HAUL_TRANSPORT,Haul Cycle,Site B,08:00,09:00,Completed,60,clear,intermediate,4334,,{}
SYN-T-1384,OP-004,M-1,EXCAVATION_LOAD,Excavation — Trench Digging,Site A,08:00,09:00,Completed,45,clear,intermediate,4371,,{}
SYN-T-1385,OP-005,M-3,EXCAVATION_LOAD,Material Loading,Site B,08:00,09:00,Upcoming,60,clear,intermediate,4408,,{}
SYN-T-1386,OP-006,M-5,HAUL_TRANSPORT,Haul Cycle,Site A,08:00,09:00,Completed,60,clear,intermediate,4445,,{}
SYN-T-1387,OP-007,M-1,EXCAVATION_LOAD,Excavation — Trench Digging,Site B,08:00,09:00,Completed,45,clear,intermediate,4482,,{}
SYN-T-1388,OP-008,M-3,EXCAVATION_LOAD,Material Loading,Site A,08:00,09:00,Completed,60,clear,intermediate,4519,,{}
SYN-T-1389,OP-009,M-5,HAUL_TRANSPORT,Haul Cycle,Site B,08:00,09:00,Upcoming,60,clear,intermediate,4556,,{}
SYN-T-1390,OP-010,M-1,EXCAVATION_LOAD,Excavation — Trench Digging,Site A,08:00,09:00,Completed,45,clear,intermediate,4593,,{}
SYN-T-1391,OP-011,M-3,EXCAVATION_LOAD,Material Loading,Site B,08:00,09:00,Completed,60,clear,intermediate,4630,,{}
SYN-T-1392,OP-012,M-5,HAUL_TRANSPORT,Haul Cycle,Site A,08:00,09:00,Completed,60,clear,intermediate,4667,,{}
SYN-T-1393,OP-013,M-1,EXCAVATION_LOAD,Excavation — Trench Digging,Site B,08:00,09:00,Upcoming,45,clear,intermediate,4704,,{}
SYN-T-1394,OP-014,M-3,EXCAVATION_LOAD,Material Loading,Site A,08:00,09:00,Completed,60,clear,intermediate,4741,,{}
SYN-T-1395,OP-015,M-5,HAUL_TRANSPORT,Haul Cycle,Site B,08:00,09:00,Completed,60,clear,intermediate,4778,,{}
SYN-T-1396,OP-016,M-1,EXCAVATION_LOAD,Excavation — Trench Digging,Site A,08:00,09:00,Completed,45,clear,intermediate,4815,,{}
SYN-T-1397,OP-017,M-3,EXCAVATION_LOAD,Material Loading,Site B,08:00,09:00,Upcoming,60,clear,intermediate,4852,,{}
SYN-T-1398,OP-018,M-5,HAUL_TRANSPORT,Haul Cycle,Site A,08:00,09:00,Completed,60,clear,intermediate,4889,,{}
SYN-T-1399,OP-019,M-1,EXCAVATION_LOAD,Excavation — Trench Digging,Site B,08:00,09:00,Completed,45,clear,intermediate,4926,,{}
SYN-T-1400,OP-020,M-3,EXCAVATION_LOAD,Material Loading,Site A,08:00,09:00,Completed,60,clear,intermediate,4963,,{}
SYN-T-1401,OP-001,M-5,HAUL_TRANSPORT,Haul Cycle,Site B,08:00,09:00,Upcoming,60,clear,intermediate,5000,,{}
SYN-T-1402,OP-002,M-1,EXCAVATION_LOAD,Excavation — Trench Digging,Site A,08:00,09:00,Completed,45,clear,intermediate,5037,,{}
SYN-T-1403,OP-003,M-3,EXCAVATION_LOAD,Material Loading,Site B,08:00,09:00,Completed,60,clear,intermediate,5074,,{}
SYN-T-1404,OP-004,M-5,HAUL_TRANSPORT,Haul Cycle,Site A,08:00,09:00,Completed,60,clear,intermediate,5111,,{}
SYN-T-1405,OP-005,M-1,EXCAVATION_LOAD,Excavation — Trench Digging,Site B,08:00,09:00,Upcoming,45,clear,intermediate,5148,,{}
SYN-T-1406,OP-006,M-3,EXCAVATION_LOAD,Material Loading,Site A,08:00,09:00,Completed,60,clear,intermediate,5185,,{}
SYN-T-1407,OP-007,M-5,HAUL_TRANSPORT,Haul Cycle,Site B,08:00,09:00,Completed,60,clear,intermediate,5222,,{}
SYN-T-1408,OP-008,M-1,EXCAVATION_LOAD,Excavation — Trench Digging,Site A,08:00,09:00,Completed,45,clear,intermediate,5259,,{}
SYN-T-1409,OP-009,M-3,EXCAVATION_LOAD,Material Loading,Site B,08:00,09:00,Upcoming,60,clear,intermediate,5296,,{}
SYN-T-1410,OP-010,M-5,HAUL_TRANSPORT,Haul Cycle,Site A,08:00,09:00,Completed,60,clear,intermediate,5333,,{}
SYN-T-1411,OP-011,M-1,EXCAVATION_LOAD,Excavation — Trench Digging,Site B,08:00,09:00,Completed,45,clear,intermediate,5370,,{}
SYN-T-1412,OP-012,M-3,EXCAVATION_LOAD,Material Loading,Site A,08:00,09:00,Completed,60,clear,intermediate,5407,,{}
SYN-T-1413,OP-013,M-5,HAUL_TRANSPORT,Haul Cycle,Site B,08:00,09:00,Upcoming,60,clear,intermediate,5444,,{}
SYN-T-1414,OP-014,M-1,EXCAVATION_LOAD,Excavation — Trench Digging,Site A,08:00,09:00,Completed,45,clear,intermediate,5481,,{}
SYN-T-1415,OP-015,M-3,EXCAVATION_LOAD,Material Loading,Site B,08:00,09:00,Completed,60,clear,intermediate,5518,,{}
SYN-T-1416,OP-016,M-5,HAUL_TRANSPORT,Haul Cycle,Site A,08:00,09:00,Completed,60,clear,intermediate,5555,,{}
SYN-T-1417,OP-017,M-1,EXCAVATION_LOAD,Excavation — Trench Digging,Site B,08:00,09:00,Upcoming,45,clear,intermediate,5592,,{}
SYN-T-1418,OP-018,M-3,EXCAVATION_LOAD,Material Loading,Site A,08:00,09:00,Completed,60,clear,intermediate,5629,,{}
SYN-T-1419,OP-019,M-5,HAUL_TRANSPORT,Haul Cycle,Site B,08:00,09:00,Completed,60,clear,intermediate,5666,,{}
SYN-T-1420,OP-020,M-1,EXCAVATION_LOAD,Excavation — Trench Digging,Site A,08:00,09:00,Completed,45,clear,intermediate,5703,,{}
SYN-T-1421,OP-001,M-3,EXCAVATION_LOAD,Material Loading,Site B,08:00,09:00,Upcoming,60,clear,intermediate,5740,,{}
SYN-T-1422,OP-002,M-5,HAUL_TRANSPORT,Haul Cycle,Site A,08:00,09:00,Completed,60,clear,intermediate,5777,,{}
SYN-T-1423,OP-003,M-1,EXCAVATION_LOAD,Excavation — Trench Digging,Site B,08:00,09:00,Completed,45,clear,intermediate,5814,,{}
SYN-T-1424,OP-004,M-3,EXCAVATION_LOAD,Material Loading,Site A,08:00,09:00,Completed,60,clear,intermediate,5851,,{}
SYN-T-1425,OP-005,M-5,HAUL_TRANSPORT,Haul Cycle,Site B,08:00,09:00,Upcoming,60,clear,intermediate,5888,,{}
SYN-T-1426,OP-006,M-1,EXCAVATION_LOAD,Excavation — Trench Digging,Site A,08:00,09:00,Completed,45,clear,intermediate,5925,,{}
SYN-T-1427,OP-007,M-3,EXCAVATION_LOAD,Material Loading,Site B,08:00,09:00,Completed,60,clear,intermediate,5962,,{}
SYN-T-1428,OP-008,M-5,HAUL_TRANSPORT,Haul Cycle,Site A,08:00,09:00,Completed,60,clear,intermediate,5999,,{}
SYN-T-1429,OP-009,M-1,EXCAVATION_LOAD,Excavation — Trench Digging,Site B,08:00,09:00,Upcoming,45,clear,intermediate,1236,,{}
SYN-T-1430,OP-010,M-3,EXCAVATION_LOAD,Material Loading,Site A,08:00,09:00,Completed,60,clear,intermediate,1273,,{}
SYN-T-1431,OP-011,M-5,HAUL_TRANSPORT,Haul Cycle,Site B,08:00,09:00,Completed,60,clear,intermediate,1310,,{}
SYN-T-1432,OP-012,M-1,EXCAVATION_LOAD,Excavation — Trench Digging,Site A,08:00,09:00,Completed,45,clear,intermediate,1347,,{}
SYN-T-1433,OP-013,M-3,EXCAVATION_LOAD,Material Loading,Site B,08:00,09:00,Upcoming,60,clear,intermediate,1384,,{}
SYN-T-1434,OP-014,M-5,HAUL_TRANSPORT,Haul Cycle,Site A,08:00,09:00,Completed,60,clear,intermediate,1421,,{}
SYN-T-1435,OP-015,M-1,EXCAVATION_LOAD,Excavation — Trench Digging,Site B,08:00,09:00,Completed,45,clear,intermediate,1458,,{}
SYN-T-1436,OP-016,M-3,EXCAVATION_LOAD,Material Loading,Site A,08:00,09:00,Completed,60,clear,intermediate,1495,,{}
SYN-T-1437,OP-017,M-5,HAUL_TRANSPORT,Haul Cycle,Site B,08:00,09:00,Upcoming,60,clear,intermediate,1532,,{}
SYN-T-1438,OP-018,M-1,EXCAVATION_LOAD,Excavation — Trench Digging,Site A,08:00,09:00,Completed,45,clear,intermediate,1569,,{}
SYN-T-1439,OP-019,M-3,EXCAVATION_LOAD,Material Loading,Site B,08:00,09:00,Completed,60,clear,intermediate,1606,,{}
SYN-T-1440,OP-020,M-5,HAUL_TRANSPORT,Haul Cycle,Site A,08:00,09:00,Completed,60,clear,intermediate,1643,,{}
SYN-T-1441,OP-001,M-1,EXCAVATION_LOAD,Excavation — Trench Digging,Site B,08:00,09:00,Upcoming,45,clear,intermediate,1680,,{}
SYN-T-1442,OP-002,M-3,EXCAVATION_LOAD,Material Loading,Site A,08:00,09:00,Completed,60,clear,intermediate,1717,,{}
SYN-T-1443,OP-003,M-5,HAUL_TRANSPORT,Haul Cycle,Site B,08:00,09:00,Completed,60,clear,intermediate,1754,,{}
SYN-T-1444,OP-004,M-1,EXCAVATION_LOAD,Excavation — Trench Digging,Site A,08:00,09:00,Completed,45,clear,intermediate,1791,,{}
SYN-T-1445,OP-005,M-3,EXCAVATION_LOAD,Material Loading,Site B,08:00,09:00,Upcoming,60,clear,intermediate,1828,,{}
SYN-T-1446,OP-006,M-5,HAUL_TRANSPORT,Haul Cycle,Site A,08:00,09:00,Completed,60,clear,intermediate,1865,,{}
SYN-T-1447,OP-007,M-1,EXCAVATION_LOAD,Excavation — Trench Digging,Site B,08:00,09:00,Completed,45,clear,intermediate,1902,,{}
SYN-T-1448,OP-008,M-3,EXCAVATION_LOAD,Material Loading,Site A,08:00,09:00,Completed,60,clear,intermediate,1939,,{}
SYN-T-1449,OP-009,M-5,HAUL_TRANSPORT,Haul Cycle,Site B,08:00,09:00,Upcoming,60,clear,intermediate,1976,,{}
SYN-T-1450,OP-010,M-1,EXCAVATION_LOAD,Excavation — Trench Digging,Site A,08:00,09:00,Completed,45,clear,intermediate,2013,,{}
SYN-T-1451,OP-011,M-3,EXCAVATION_LOAD,Material Loading,Site B,08:00,09:00,Completed,60,clear,intermediate,2050,,{}
SYN-T-1452,OP-012,M-5,HAUL_TRANSPORT,Haul Cycle,Site A,08:00,09:00,Completed,60,clear,intermediate,2087,,{}
SYN-T-1453,OP-013,M-1,EXCAVATION_LOAD,Excavation — Trench Digging,Site B,08:00,09:00,Upcoming,45,clear,intermediate,2124,,{}
SYN-T-1454,OP-014,M-3,EXCAVATION_LOAD,Material Loading,Site A,08:00,09:00,Completed,60,clear,intermediate,2161,,{}
SYN-T-1455,OP-015,M-5,HAUL_TRANSPORT,Haul Cycle,Site B,08:00,09:00,Completed,60,clear,intermediate,2198,,{}
SYN-T-1456,OP-016,M-1,EXCAVATION_LOAD,Excavation — Trench Digging,Site A,08:00,09:00,Completed,45,clear,intermediate,2235,,{}
SYN-T-1457,OP-017,M-3,EXCAVATION_LOAD,Material Loading,Site B,08:00,09:00,Upcoming,60,clear,intermediate,2272,,{}
SYN-T-1458,OP-018,M-5,HAUL_TRANSPORT,Haul Cycle,Site A,08:00,09:00,Completed,60,clear,intermediate,2309,,{}
SYN-T-1459,OP-019,M-1,EXCAVATION_LOAD,Excavation — Trench Digging,Site B,08:00,09:00,Completed,45,clear,intermediate,2346,,{}
SYN-T-1460,OP-020,M-3,EXCAVATION_LOAD,Material Loading,Site A,08:00,09:00,Completed,60,clear,intermediate,2383,,{}
SYN-T-1461,OP-001,M-5,HAUL_TRANSPORT,Haul Cycle,Site B,08:00,09:00,Upcoming,60,clear,intermediate,2420,,{}
SYN-T-1462,OP-002,M-1,EXCAVATION_LOAD,Excavation — Trench Digging,Site A,08:00,09:00,Completed,45,clear,intermediate,2457,,{}
SYN-T-1463,OP-003,M-3,EXCAVATION_LOAD,Material Loading,Site B,08:00,09:00,Completed,60,clear,intermediate,2494,,{}
SYN-T-1464,OP-004,M-5,HAUL_TRANSPORT,Haul Cycle,Site A,08:00,09:00,Completed,60,clear,intermediate,2531,,{}
SYN-T-1465,OP-005,M-1,EXCAVATION_LOAD,Excavation — Trench Digging,Site B,08:00,09:00,Upcoming,45,clear,intermediate,2568,,{}
SYN-T-1466,OP-006,M-3,EXCAVATION_LOAD,Material Loading,Site A,08:00,09:00,Completed,60,clear,intermediate,2605,,{}
SYN-T-1467,OP-007,M-5,HAUL_TRANSPORT,Haul Cycle,Site B,08:00,09:00,Completed,60,clear,intermediate,2642,,{}
SYN-T-1468,OP-008,M-1,EXCAVATION_LOAD,Excavation — Trench Digging,Site A,08:00,09:00,Completed,45,clear,intermediate,2679,,{}
SYN-T-1469,OP-009,M-3,EXCAVATION_LOAD,Material Loading,Site B,08:00,09:00,Upcoming,60,clear,intermediate,2716,,{}
SYN-T-1470,OP-010,M-5,HAUL_TRANSPORT,Haul Cycle,Site A,08:00,09:00,Completed,60,clear,intermediate,2753,,{}
SYN-T-1471,OP-011,M-1,EXCAVATION_LOAD,Excavation — Trench Digging,Site B,08:00,09:00,Completed,45,clear,intermediate,2790,,{}
SYN-T-1472,OP-012,M-3,EXCAVATION_LOAD,Material Loading,Site A,08:00,09:00,Completed,60,clear,intermediate,2827,,{}
SYN-T-1473,OP-013,M-5,HAUL_TRANSPORT,Haul Cycle,Site B,08:00,09:00,Upcoming,60,clear,intermediate,2864,,{}
SYN-T-1474,OP-014,M-1,EXCAVATION_LOAD,Excavation — Trench Digging,Site A,08:00,09:00,Completed,45,clear,intermediate,2901,,{}
SYN-T-1475,OP-015,M-3,EXCAVATION_LOAD,Material Loading,Site B,08:00,09:00,Completed,60,clear,intermediate,2938,,{}
SYN-T-1476,OP-016,M-5,HAUL_TRANSPORT,Haul Cycle,Site A,08:00,09:00,Completed,60,clear,intermediate,2975,,{}
SYN-T-1477,OP-017,M-1,EXCAVATION_LOAD,Excavation — Trench Digging,Site B,08:00,09:00,Upcoming,45,clear,intermediate,3012,,{}
SYN-T-1478,OP-018,M-3,EXCAVATION_LOAD,Material Loading,Site A,08:00,09:00,Completed,60,clear,intermediate,3049,,{}
SYN-T-1479,OP-019,M-5,HAUL_TRANSPORT,Haul Cycle,Site B,08:00,09:00,Completed,60,clear,intermediate,3086,,{}
SYN-T-1480,OP-020,M-1,EXCAVATION_LOAD,Excavation — Trench Digging,Site A,08:00,09:00,Completed,45,clear,intermediate,3123,,{}
SYN-T-1481,OP-001,M-3,EXCAVATION_LOAD,Material Loading,Site B,08:00,09:00,Upcoming,60,clear,intermediate,3160,,{}
SYN-T-1482,OP-002,M-5,HAUL_TRANSPORT,Haul Cycle,Site A,08:00,09:00,Completed,60,clear,intermediate,3197,,{}
SYN-T-1483,OP-003,M-1,EXCAVATION_LOAD,Excavation — Trench Digging,Site B,08:00,09:00,Completed,45,clear,intermediate,3234,,{}
SYN-T-1484,OP-004,M-3,EXCAVATION_LOAD,Material Loading,Site A,08:00,09:00,Completed,60,clear,intermediate,3271,,{}
SYN-T-1485,OP-005,M-5,HAUL_TRANSPORT,Haul Cycle,Site B,08:00,09:00,Upcoming,60,clear,intermediate,3308,,{}
SYN-T-1486,OP-006,M-1,EXCAVATION_LOAD,Excavation — Trench Digging,Site A,08:00,09:00,Completed,45,clear,intermediate,3345,,{}
SYN-T-1487,OP-007,M-3,EXCAVATION_LOAD,Material Loading,Site B,08:00,09:00,Completed,60,clear,intermediate,3382,,{}
SYN-T-1488,OP-008,M-5,HAUL_TRANSPORT,Haul Cycle,Site A,08:00,09:00,Completed,60,clear,intermediate,3419,,{}
SYN-T-1489,OP-009,M-1,EXCAVATION_LOAD,Excavation — Trench Digging,Site B,08:00,09:00,Upcoming,45,clear,intermediate,3456,,{}
SYN-T-1490,OP-010,M-3,EXCAVATION_LOAD,Material Loading,Site A,08:00,09:00,Completed,60,clear,intermediate,3493,,{}
SYN-T-1491,OP-011,M-5,HAUL_TRANSPORT,Haul Cycle,Site B,08:00,09:00,Completed,60,clear,intermediate,3530,,{}
SYN-T-1492,OP-012,M-1,EXCAVATION_LOAD,Excavation — Trench Digging,Site A,08:00,09:00,Completed,45,clear,intermediate,3567,,{}
SYN-T-1493,OP-013,M-3,EXCAVATION_LOAD,Material Loading,Site B,08:00,09:00,Upcoming,60,clear,intermediate,3604,,{}
SYN-T-1494,OP-014,M-5,HAUL_TRANSPORT,Haul Cycle,Site A,08:00,09:00,Completed,60,clear,intermediate,3641,,{}
SYN-T-1495,OP-015,M-1,EXCAVATION_LOAD,Excavation — Trench Digging,Site B,08:00,09:00,Completed,45,clear,intermediate,3678,,{}
SYN-T-1496,OP-016,M-3,EXCAVATION_LOAD,Material Loading,Site A,08:00,09:00,Completed,60,clear,intermediate,3715,,{}
SYN-T-1497,OP-017,M-5,HAUL_TRANSPORT,Haul Cycle,Site B,08:00,09:00,Upcoming,60,clear,intermediate,3752,,{}
SYN-T-1498,OP-018,M-1,EXCAVATION_LOAD,Excavation — Trench Digging,Site A,08:00,09:00,Completed,45,clear,intermediate,3789,,{}
SYN-T-1499,OP-019,M-3,EXCAVATION_LOAD,Material Loading,Site B,08:00,09:00,Completed,60,clear,intermediate,3826,,{}
SYN-T-1500,OP-020,M-5,HAUL_TRANSPORT,Haul Cycle,Site A,08:00,09:00,Completed,60,clear,intermediate,3863,,{}
SYN-T-1501,OP-001,M-1,EXCAVATION_LOAD,Excavation — Trench Digging,Site B,08:00,09:00,Upcoming,45,clear,intermediate,3900,,{}
SYN-T-1502,OP-002,M-3,EXCAVATION_LOAD,Material Loading,Site A,08:00,09:00,Completed,60,clear,intermediate,3937,,{}
SYN-T-1503,OP-003,M-5,HAUL_TRANSPORT,Haul Cycle,Site B,08:00,09:00,Completed,60,clear,intermediate,3974,,{}
SYN-T-1504,OP-004,M-1,EXCAVATION_LOAD,Excavation — Trench Digging,Site A,08:00,09:00,Completed,45,clear,intermediate,4011,,{}
SYN-T-1505,OP-005,M-3,EXCAVATION_LOAD,Material Loading,Site B,08:00,09:00,Upcoming,60,clear,intermediate,4048,,{}
SYN-T-1506,OP-006,M-5,HAUL_TRANSPORT,Haul Cycle,Site A,08:00,09:00,Completed,60,clear,intermediate,4085,,{}
SYN-T-1507,OP-007,M-1,EXCAVATION_LOAD,Excavation — Trench Digging,Site B,08:00,09:00,Completed,45,clear,intermediate,4122,,{}
SYN-T-1508,OP-008,M-3,EXCAVATION_LOAD,Material Loading,Site A,08:00,09:00,Completed,60,clear,intermediate,4159,,{}
SYN-T-1509,OP-009,M-5,HAUL_TRANSPORT,Haul Cycle,Site B,08:00,09:00,Upcoming,60,clear,intermediate,4196,,{}
SYN-T-1510,OP-010,M-1,EXCAVATION_LOAD,Excavation — Trench Digging,Site A,08:00,09:00,Completed,45,clear,intermediate,4233,,{}
SYN-T-1511,OP-011,M-3,EXCAVATION_LOAD,Material Loading,Site B,08:00,09:00,Completed,60,clear,intermediate,4270,,{}
SYN-T-1512,OP-012,M-5,HAUL_TRANSPORT,Haul Cycle,Site A,08:00,09:00,Completed,60,clear,intermediate,4307,,{}
SYN-T-1513,OP-013,M-1,EXCAVATION_LOAD,Excavation — Trench Digging,Site B,08:00,09:00,Upcoming,45,clear,intermediate,4344,,{}
SYN-T-1514,OP-014,M-3,EXCAVATION_LOAD,Material Loading,Site A,08:00,09:00,Completed,60,clear,intermediate,4381,,{}
SYN-T-1515,OP-015,M-5,HAUL_TRANSPORT,Haul Cycle,Site B,08:00,09:00,Completed,60,clear,intermediate,4418,,{}
SYN-T-1516,OP-016,M-1,EXCAVATION_LOAD,Excavation — Trench Digging,Site A,08:00,09:00,Completed,45,clear,intermediate,4455,,{}
SYN-T-1517,OP-017,M-3,EXCAVATION_LOAD,Material Loading,Site B,08:00,09:00,Upcoming,60,clear,intermediate,4492,,{}
SYN-T-1518,OP-018,M-5,HAUL_TRANSPORT,Haul Cycle,Site A,08:00,09:00,Completed,60,clear,intermediate,4529,,{}
SYN-T-1519,OP-019,M-1,EXCAVATION_LOAD,Excavation — Trench Digging,Site B,08:00,09:00,Completed,45,clear,intermediate,4566,,{}
SYN-T-1520,OP-020,M-3,EXCAVATION_LOAD,Material Loading,Site A,08:00,09:00,Completed,60,clear,intermediate,4603,,{}
SYN-T-1521,OP-001,M-5,HAUL_TRANSPORT,Haul Cycle,Site B,08:00,09:00,Upcoming,60,clear,intermediate,4640,,{}
SYN-T-1522,OP-002,M-1,EXCAVATION_LOAD,Excavation — Trench Digging,Site A,08:00,09:00,Completed,45,clear,intermediate,4677,,{}
SYN-T-1523,OP-003,M-3,EXCAVATION_LOAD,Material Loading,Site B,08:00,09:00,Completed,60,clear,intermediate,4714,,{}
SYN-T-1524,OP-004,M-5,HAUL_TRANSPORT,Haul Cycle,Site A,08:00,09:00,Completed,60,clear,intermediate,4751,,{}
SYN-T-1525,OP-005,M-1,EXCAVATION_LOAD,Excavation — Trench Digging,Site B,08:00,09:00,Upcoming,45,clear,intermediate,4788,,{}
SYN-T-1526,OP-006,M-3,EXCAVATION_LOAD,Material Loading,Site A,08:00,09:00,Completed,60,clear,intermediate,4825,,{}
SYN-T-1527,OP-007,M-5,HAUL_TRANSPORT,Haul Cycle,Site B,08:00,09:00,Completed,60,clear,intermediate,4862,,{}
SYN-T-1528,OP-008,M-1,EXCAVATION_LOAD,Excavation — Trench Digging,Site A,08:00,09:00,Completed,45,clear,intermediate,4899,,{}
SYN-T-1529,OP-009,M-3,EXCAVATION_LOAD,Material Loading,Site B,08:00,09:00,Upcoming,60,clear,intermediate,4936,,{}
SYN-T-1530,OP-010,M-5,HAUL_TRANSPORT,Haul Cycle,Site A,08:00,09:00,Completed,60,clear,intermediate,4973,,{}
SYN-T-1531,OP-011,M-1,EXCAVATION_LOAD,Excavation — Trench Digging,Site B,08:00,09:00,Completed,45,clear,intermediate,5010,,{}
SYN-T-1532,OP-012,M-3,EXCAVATION_LOAD,Material Loading,Site A,08:00,09:00,Completed,60,clear,intermediate,5047,,{}
SYN-T-1533,OP-013,M-5,HAUL_TRANSPORT,Haul Cycle,Site B,08:00,09:00,Upcoming,60,clear,intermediate,5084,,{}
SYN-T-1534,OP-014,M-1,EXCAVATION_LOAD,Excavation — Trench Digging,Site A,08:00,09:00,Completed,45,clear,intermediate,5121,,{}
SYN-T-1535,OP-015,M-3,EXCAVATION_LOAD,Material Loading,Site B,08:00,09:00,Completed,60,clear,intermediate,5158,,{}
SYN-T-1536,OP-016,M-5,HAUL_TRANSPORT,Haul Cycle,Site A,08:00,09:00,Completed,60,clear,intermediate,5195,,{}
SYN-T-1537,OP-017,M-1,EXCAVATION_LOAD,Excavation — Trench Digging,Site B,08:00,09:00,Upcoming,45,clear,intermediate,5232,,{}
SYN-T-1538,OP-018,M-3,EXCAVATION_LOAD,Material Loading,Site A,08:00,09:00,Completed,60,clear,intermediate,5269,,{}
SYN-T-1539,OP-019,M-5,HAUL_TRANSPORT,Haul Cycle,Site B,08:00,09:00,Completed,60,clear,intermediate,5306,,{}
SYN-T-1540,OP-020,M-1,EXCAVATION_LOAD,Excavation — Trench Digging,Site A,08:00,09:00,Completed,45,clear,intermediate,5343,,{}
SYN-T-1541,OP-001,M-3,EXCAVATION_LOAD,Material Loading,Site B,08:00,09:00,Upcoming,60,clear,intermediate,5380,,{}
SYN-T-1542,OP-002,M-5,HAUL_TRANSPORT,Haul Cycle,Site A,08:00,09:00,Completed,60,clear,intermediate,5417,,{}
SYN-T-1543,OP-003,M-1,EXCAVATION_LOAD,Excavation — Trench Digging,Site B,08:00,09:00,Completed,45,clear,intermediate,5454,,{}
SYN-T-1544,OP-004,M-3,EXCAVATION_LOAD,Material Loading,Site A,08:00,09:00,Completed,60,clear,intermediate,5491,,{}
SYN-T-1545,OP-005,M-5,HAUL_TRANSPORT,Haul Cycle,Site B,08:00,09:00,Upcoming,60,clear,intermediate,5528,,{}
SYN-T-1546,OP-006,M-1,EXCAVATION_LOAD,Excavation — Trench Digging,Site A,08:00,09:00,Completed,45,clear,intermediate,5565,,{}
SYN-T-1547,OP-007,M-3,EXCAVATION_LOAD,Material Loading,Site B,08:00,09:00,Completed,60,clear,intermediate,5602,,{}
SYN-T-1548,OP-008,M-5,HAUL_TRANSPORT,Haul Cycle,Site A,08:00,09:00,Completed,60,clear,intermediate,5639,,{}
SYN-T-1549,OP-009,M-1,EXCAVATION_LOAD,Excavation — Trench Digging,Site B,08:00,09:00,Upcoming,45,clear,intermediate,5676,,{}
SYN-T-1550,OP-010,M-3,EXCAVATION_LOAD,Material Loading,Site A,08:00,09:00,Completed,60,clear,intermediate,5713,,{}
SYN-T-1551,OP-011,M-5,HAUL_TRANSPORT,Haul Cycle,Site B,08:00,09:00,Completed,60,clear,intermediate,5750,,{}
SYN-T-1552,OP-012,M-1,EXCAVATION_LOAD,Excavation — Trench Digging,Site A,08:00,09:00,Completed,45,clear,intermediate,5787,,{}
SYN-T-1553,OP-013,M-3,EXCAVATION_LOAD,Material Loading,Site B,08:00,09:00,Upcoming,60,clear,intermediate,5824,,{}
SYN-T-1554,OP-014,M-5,HAUL_TRANSPORT,Haul Cycle,Site A,08:00,09:00,Completed,60,clear,intermediate,5861,,{}
SYN-T-1555,OP-015,M-1,EXCAVATION_LOAD,Excavation — Trench Digging,Site B,08:00,09:00,Completed,45,clear,intermediate,5898,,{}
SYN-T-1556,OP-016,M-3,EXCAVATION_LOAD,Material Loading,Site A,08:00,09:00,Completed,60,clear,intermediate,5935,,{}
SYN-T-1557,OP-017,M-5,HAUL_TRANSPORT,Haul Cycle,Site B,08:00,09:00,Upcoming,60,clear,intermediate,5972,,{}
SYN-T-1558,OP-018,M-1,EXCAVATION_LOAD,Excavation — Trench Digging,Site A,08:00,09:00,Completed,45,clear,intermediate,1209,,{}
SYN-T-1559,OP-019,M-3,EXCAVATION_LOAD,Material Loading,Site B,08:00,09:00,Completed,60,clear,intermediate,1246,,{}
SYN-T-1560,OP-020,M-5,HAUL_TRANSPORT,Haul Cycle,Site A,08:00,09:00,Completed,60,clear,intermediate,1283,,{}
SYN-T-1561,OP-001,M-1,EXCAVATION_LOAD,Excavation — Trench Digging,Site B,08:00,09:00,Upcoming,45,clear,intermediate,1320,,{}
SYN-T-1562,OP-002,M-3,EXCAVATION_LOAD,Material Loading,Site A,08:00,09:00,Completed,60,clear,intermediate,1357,,{}
SYN-T-1563,OP-003,M-5,HAUL_TRANSPORT,Haul Cycle,Site B,08:00,09:00,Completed,60,clear,intermediate,1394,,{}
SYN-T-1564,OP-004,M-1,EXCAVATION_LOAD,Excavation — Trench Digging,Site A,08:00,09:00,Completed,45,clear,intermediate,1431,,{}
SYN-T-1565,OP-005,M-3,EXCAVATION_LOAD,Material Loading,Site B,08:00,09:00,Upcoming,60,clear,intermediate,1468,,{}
SYN-T-1566,OP-006,M-5,HAUL_TRANSPORT,Haul Cycle,Site A,08:00,09:00,Completed,60,clear,intermediate,1505,,{}
SYN-T-1567,OP-007,M-1,EXCAVATION_LOAD,Excavation — Trench Digging,Site B,08:00,09:00,Completed,45,clear,intermediate,1542,,{}
SYN-T-1568,OP-008,M-3,EXCAVATION_LOAD,Material Loading,Site A,08:00,09:00,Completed,60,clear,intermediate,1579,,{}
SYN-T-1569,OP-009,M-5,HAUL_TRANSPORT,Haul Cycle,Site B,08:00,09:00,Upcoming,60,clear,intermediate,1616,,{}
SYN-T-1570,OP-010,M-1,EXCAVATION_LOAD,Excavation — Trench Digging,Site A,08:00,09:00,Completed,45,clear,intermediate,1653,,{}
SYN-T-1571,OP-011,M-3,EXCAVATION_LOAD,Material Loading,Site B,08:00,09:00,Completed,60,clear,intermediate,1690,,{}
SYN-T-1572,OP-012,M-5,HAUL_TRANSPORT,Haul Cycle,Site A,08:00,09:00,Completed,60,clear,intermediate,1727,,{}
SYN-T-1573,OP-013,M-1,EXCAVATION_LOAD,Excavation — Trench Digging,Site B,08:00,09:00,Upcoming,45,clear,intermediate,1764,,{}
SYN-T-1574,OP-014,M-3,EXCAVATION_LOAD,Material Loading,Site A,08:00,09:00,Completed,60,clear,intermediate,1801,,{}
SYN-T-1575,OP-015,M-5,HAUL_TRANSPORT,Haul Cycle,Site B,08:00,09:00,Completed,60,clear,intermediate,1838,,{}
SYN-T-1576,OP-016,M-1,EXCAVATION_LOAD,Excavation — Trench Digging,Site A,08:00,09:00,Completed,45,clear,intermediate,1875,,{}
SYN-T-1577,OP-017,M-3,EXCAVATION_LOAD,Material Loading,Site B,08:00,09:00,Upcoming,60,clear,intermediate,1912,,{}
SYN-T-1578,OP-018,M-5,HAUL_TRANSPORT,Haul Cycle,Site A,08:00,09:00,Completed,60,clear,intermediate,1949,,{}
SYN-T-1579,OP-019,M-1,EXCAVATION_LOAD,Excavation — Trench Digging,Site B,08:00,09:00,Completed,45,clear,intermediate,1986,,{}
SYN-T-1580,OP-020,M-3,EXCAVATION_LOAD,Material Loading,Site A,08:00,09:00,Completed,60,clear,intermediate,2023,,{}
SYN-T-1581,OP-001,M-5,HAUL_TRANSPORT,Haul Cycle,Site B,08:00,09:00,Upcoming,60,clear,intermediate,2060,,{}
SYN-T-1582,OP-002,M-1,EXCAVATION_LOAD,Excavation — Trench Digging,Site A,08:00,09:00,Completed,45,clear,intermediate,2097,,{}
SYN-T-1583,OP-003,M-3,EXCAVATION_LOAD,Material Loading,Site B,08:00,09:00,Completed,60,clear,intermediate,2134,,{}
SYN-T-1584,OP-004,M-5,HAUL_TRANSPORT,Haul Cycle,Site A,08:00,09:00,Completed,60,clear,intermediate,2171,,{}
SYN-T-1585,OP-005,M-1,EXCAVATION_LOAD,Excavation — Trench Digging,Site B,08:00,09:00,Upcoming,45,clear,intermediate,2208,,{}
SYN-T-1586,OP-006,M-3,EXCAVATION_LOAD,Material Loading,Site A,08:00,09:00,Completed,60,clear,intermediate,2245,,{}
SYN-T-1587,OP-007,M-5,HAUL_TRANSPORT,Haul Cycle,Site B,08:00,09:00,Completed,60,clear,intermediate,2282,,{}
SYN-T-1588,OP-008,M-1,EXCAVATION_LOAD,Excavation — Trench Digging,Site A,08:00,09:00,Completed,45,clear,intermediate,2319,,{}
SYN-T-1589,OP-009,M-3,EXCAVATION_LOAD,Material Loading,Site B,08:00,09:00,Upcoming,60,clear,intermediate,2356,,{}
SYN-T-1590,OP-010,M-5,HAUL_TRANSPORT,Haul Cycle,Site A,08:00,09:00,Completed,60,clear,intermediate,2393,,{}
SYN-T-1591,OP-011,M-1,EXCAVATION_LOAD,Excavation — Trench Digging,Site B,08:00,09:00,Completed,45,clear,intermediate,2430,,{}
SYN-T-1592,OP-012,M-3,EXCAVATION_LOAD,Material Loading,Site A,08:00,09:00,Completed,60,clear,intermediate,2467,,{}
SYN-T-1593,OP-013,M-5,HAUL_TRANSPORT,Haul Cycle,Site B,08:00,09:00,Upcoming,60,clear,intermediate,2504,,{}
SYN-T-1594,OP-014,M-1,EXCAVATION_LOAD,Excavation — Trench Digging,Site A,08:00,09:00,Completed,45,clear,intermediate,2541,,{}
SYN-T-1595,OP-015,M-3,EXCAVATION_LOAD,Material Loading,Site B,08:00,09:00,Completed,60,clear,intermediate,2578,,{}
SYN-T-1596,OP-016,M-5,HAUL_TRANSPORT,Haul Cycle,Site A,08:00,09:00,Completed,60,clear,intermediate,2615,,{}
SYN-T-1597,OP-017,M-1,EXCAVATION_LOAD,Excavation — Trench Digging,Site B,08:00,09:00,Upcoming,45,clear,intermediate,2652,,{}
SYN-T-1598,OP-018,M-3,EXCAVATION_LOAD,Material Loading,Site A,08:00,09:00,Completed,60,clear,intermediate,2689,,{}
SYN-T-1599,OP-019,M-5,HAUL_TRANSPORT,Haul Cycle,Site B,08:00,09:00,Completed,60,clear,intermediate,2726,,{}
SYN-T-1600,OP-020,M-1,EXCAVATION_LOAD,Excavation — Trench Digging,Site A,08:00,09:00,Completed,45,clear,intermediate,2763,,{}
SYN-T-1601,OP-001,M-3,EXCAVATION_LOAD,Material Loading,Site B,08:00,09:00,Upcoming,60,clear,intermediate,2800,,{}
SYN-T-1602,OP-002,M-5,HAUL_TRANSPORT,Haul Cycle,Site A,08:00,09:00,Completed,60,clear,intermediate,2837,,{}
SYN-T-1603,OP-003,M-1,EXCAVATION_LOAD,Excavation — Trench Digging,Site B,08:00,09:00,Completed,45,clear,intermediate,2874,,{}
SYN-T-1604,OP-004,M-3,EXCAVATION_LOAD,Material Loading,Site A,08:00,09:00,Completed,60,clear,intermediate,2911,,{}
SYN-T-1605,OP-005,M-5,HAUL_TRANSPORT,Haul Cycle,Site B,08:00,09:00,Upcoming,60,clear,intermediate,2948,,{}
SYN-T-1606,OP-006,M-1,EXCAVATION_LOAD,Excavation — Trench Digging,Site A,08:00,09:00,Completed,45,clear,intermediate,2985,,{}
SYN-T-1607,OP-007,M-3,EXCAVATION_LOAD,Material Loading,Site B,08:00,09:00,Completed,60,clear,intermediate,3022,,{}
SYN-T-1608,OP-008,M-5,HAUL_TRANSPORT,Haul Cycle,Site A,08:00,09:00,Completed,60,clear,intermediate,3059,,{}
SYN-T-1609,OP-009,M-1,EXCAVATION_LOAD,Excavation — Trench Digging,Site B,08:00,09:00,Upcoming,45,clear,intermediate,3096,,{}
SYN-T-1610,OP-010,M-3,EXCAVATION_LOAD,Material Loading,Site A,08:00,09:00,Completed,60,clear,intermediate,3133,,{}
SYN-T-1611,OP-011,M-5,HAUL_TRANSPORT,Haul Cycle,Site B,08:00,09:00,Completed,60,clear,intermediate,3170,,{}
SYN-T-1612,OP-012,M-1,EXCAVATION_LOAD,Excavation — Trench Digging,Site A,08:00,09:00,Completed,45,clear,intermediate,3207,,{}
SYN-T-1613,OP-013,M-3,EXCAVATION_LOAD,Material Loading,Site B,08:00,09:00,Upcoming,60,clear,intermediate,3244,,{}
SYN-T-1614,OP-014,M-5,HAUL_TRANSPORT,Haul Cycle,Site A,08:00,09:00,Completed,60,clear,intermediate,3281,,{}
SYN-T-1615,OP-015,M-1,EXCAVATION_LOAD,Excavation — Trench Digging,Site B,08:00,09:00,Completed,45,clear,intermediate,3318,,{}
SYN-T-1616,OP-016,M-3,EXCAVATION_LOAD,Material Loading,Site A,08:00,09:00,Completed,60,clear,intermediate,3355,,{}
SYN-T-1617,OP-017,M-5,HAUL_TRANSPORT,Haul Cycle,Site B,08:00,09:00,Upcoming,60,clear,intermediate,3392,,{}
SYN-T-1618,OP-018,M-1,EXCAVATION_LOAD,Excavation — Trench Digging,Site A,08:00,09:00,Completed,45,clear,intermediate,3429,,{}
SYN-T-1619,OP-019,M-3,EXCAVATION_LOAD,Material Loading,Site B,08:00,09:00,Completed,60,clear,intermediate,3466,,{}
SYN-T-1620,OP-020,M-5,HAUL_TRANSPORT,Haul Cycle,Site A,08:00,09:00,Completed,60,clear,intermediate,3503,,{}
SYN-T-1621,OP-001,M-1,EXCAVATION_LOAD,Excavation — Trench Digging,Site B,08:00,09:00,Upcoming,45,clear,intermediate,3540,,{}
SYN-T-1622,OP-002,M-3,EXCAVATION_LOAD,Material Loading,Site A,08:00,09:00,Completed,60,clear,intermediate,3577,,{}
SYN-T-1623,OP-003,M-5,HAUL_TRANSPORT,Haul Cycle,Site B,08:00,09:00,Completed,60,clear,intermediate,3614,,{}
SYN-T-1624,OP-004,M-1,EXCAVATION_LOAD,Excavation — Trench Digging,Site A,08:00,09:00,Completed,45,clear,intermediate,3651,,{}
SYN-T-1625,OP-005,M-3,EXCAVATION_LOAD,Material Loading,Site B,08:00,09:00,Upcoming,60,clear,intermediate,3688,,{}
SYN-T-1626,OP-006,M-5,HAUL_TRANSPORT,Haul Cycle,Site A,08:00,09:00,Completed,60,clear,intermediate,3725,,{}
SYN-T-1627,OP-007,M-1,EXCAVATION_LOAD,Excavation — Trench Digging,Site B,08:00,09:00,Completed,45,clear,intermediate,3762,,{}
SYN-T-1628,OP-008,M-3,EXCAVATION_LOAD,Material Loading,Site A,08:00,09:00,Completed,60,clear,intermediate,3799,,{}
SYN-T-1629,OP-009,M-5,HAUL_TRANSPORT,Haul Cycle,Site B,08:00,09:00,Upcoming,60,clear,intermediate,3836,,{}
SYN-T-1630,OP-010,M-1,EXCAVATION_LOAD,Excavation — Trench Digging,Site A,08:00,09:00,Completed,45,clear,intermediate,3873,,{}
SYN-T-1631,OP-011,M-3,EXCAVATION_LOAD,Material Loading,Site B,08:00,09:00,Completed,60,clear,intermediate,3910,,{}
SYN-T-1632,OP-012,M-5,HAUL_TRANSPORT,Haul Cycle,Site A,08:00,09:00,Completed,60,clear,intermediate,3947,,{}
SYN-T-1633,OP-013,M-1,EXCAVATION_LOAD,Excavation — Trench Digging,Site B,08:00,09:00,Upcoming,45,clear,intermediate,3984,,{}
SYN-T-1634,OP-014,M-3,EXCAVATION_LOAD,Material Loading,Site A,08:00,09:00,Completed,60,clear,intermediate,4021,,{}
SYN-T-1635,OP-015,M-5,HAUL_TRANSPORT,Haul Cycle,Site B,08:00,09:00,Completed,60,clear,intermediate,4058,,{}
SYN-T-1636,OP-016,M-1,EXCAVATION_LOAD,Excavation — Trench Digging,Site A,08:00,09:00,Completed,45,clear,intermediate,4095,,{}
SYN-T-1637,OP-017,M-3,EXCAVATION_LOAD,Material Loading,Site B,08:00,09:00,Upcoming,60,clear,intermediate,4132,,{}
SYN-T-1638,OP-018,M-5,HAUL_TRANSPORT,Haul Cycle,Site A,08:00,09:00,Completed,60,clear,intermediate,4169,,{}
SYN-T-1639,OP-019,M-1,EXCAVATION_LOAD,Excavation — Trench Digging,Site B,08:00,09:00,Completed,45,clear,intermediate,4206,,{}
SYN-T-1640,OP-020,M-3,EXCAVATION_LOAD,Material Loading,Site A,08:00,09:00,Completed,60,clear,intermediate,4243,,{}
SYN-T-1641,OP-001,M-5,HAUL_TRANSPORT,Haul Cycle,Site B,08:00,09:00,Upcoming,60,clear,intermediate,4280,,{}
SYN-T-1642,OP-002,M-1,EXCAVATION_LOAD,Excavation — Trench Digging,Site A,08:00,09:00,Completed,45,clear,intermediate,4317,,{}
SYN-T-1643,OP-003,M-3,EXCAVATION_LOAD,Material Loading,Site B,08:00,09:00,Completed,60,clear,intermediate,4354,,{}
SYN-T-1644,OP-004,M-5,HAUL_TRANSPORT,Haul Cycle,Site A,08:00,09:00,Completed,60,clear,intermediate,4391,,{}
SYN-T-1645,OP-005,M-1,EXCAVATION_LOAD,Excavation — Trench Digging,Site B,08:00,09:00,Upcoming,45,clear,intermediate,4428,,{}
SYN-T-1646,OP-006,M-3,EXCAVATION_LOAD,Material Loading,Site A,08:00,09:00,Completed,60,clear,intermediate,4465,,{}
SYN-T-1647,OP-007,M-5,HAUL_TRANSPORT,Haul Cycle,Site B,08:00,09:00,Completed,60,clear,intermediate,4502,,{}
SYN-T-1648,OP-008,M-1,EXCAVATION_LOAD,Excavation — Trench Digging,Site A,08:00,09:00,Completed,45,clear,intermediate,4539,,{}
SYN-T-1649,OP-009,M-3,EXCAVATION_LOAD,Material Loading,Site B,08:00,09:00,Upcoming,60,clear,intermediate,4576,,{}
SYN-T-1650,OP-010,M-5,HAUL_TRANSPORT,Haul Cycle,Site A,08:00,09:00,Completed,60,clear,intermediate,4613,,{}
SYN-T-1651,OP-011,M-1,EXCAVATION_LOAD,Excavation — Trench Digging,Site B,08:00,09:00,Completed,45,clear,intermediate,4650,,{}
SYN-T-1652,OP-012,M-3,EXCAVATION_LOAD,Material Loading,Site A,08:00,09:00,Completed,60,clear,intermediate,4687,,{}
SYN-T-1653,OP-013,M-5,HAUL_TRANSPORT,Haul Cycle,Site B,08:00,09:00,Upcoming,60,clear,intermediate,4724,,{}
SYN-T-1654,OP-014,M-1,EXCAVATION_LOAD,Excavation — Trench Digging,Site A,08:00,09:00,Completed,45,clear,intermediate,4761,,{}
SYN-T-1655,OP-015,M-3,EXCAVATION_LOAD,Material Loading,Site B,08:00,09:00,Completed,60,clear,intermediate,4798,,{}
SYN-T-1656,OP-016,M-5,HAUL_TRANSPORT,Haul Cycle,Site A,08:00,09:00,Completed,60,clear,intermediate,4835,,{}
SYN-T-1657,OP-017,M-1,EXCAVATION_LOAD,Excavation — Trench Digging,Site B,08:00,09:00,Upcoming,45,clear,intermediate,4872,,{}
SYN-T-1658,OP-018,M-3,EXCAVATION_LOAD,Material Loading,Site A,08:00,09:00,Completed,60,clear,intermediate,4909,,{}
SYN-T-1659,OP-019,M-5,HAUL_TRANSPORT,Haul Cycle,Site B,08:00,09:00,Completed,60,clear,intermediate,4946,,{}
SYN-T-1660,OP-020,M-1,EXCAVATION_LOAD,Excavation — Trench Digging,Site A,08:00,09:00,Completed,45,clear,intermediate,4983,,{}
SYN-T-1661,OP-001,M-3,EXCAVATION_LOAD,Material Loading,Site B,08:00,09:00,Upcoming,60,clear,intermediate,5020,,{}
SYN-T-1662,OP-002,M-5,HAUL_TRANSPORT,Haul Cycle,Site A,08:00,09:00,Completed,60,clear,intermediate,5057,,{}
SYN-T-1663,OP-003,M-1,EXCAVATION_LOAD,Excavation — Trench Digging,Site B,08:00,09:00,Completed,45,clear,intermediate,5094,,{}
SYN-T-1664,OP-004,M-3,EXCAVATION_LOAD,Material Loading,Site A,08:00,09:00,Completed,60,clear,intermediate,5131,,{}
SYN-T-1665,OP-005,M-5,HAUL_TRANSPORT,Haul Cycle,Site B,08:00,09:00,Upcoming,60,clear,intermediate,5168,,{}
SYN-T-1666,OP-006,M-1,EXCAVATION_LOAD,Excavation — Trench Digging,Site A,08:00,09:00,Completed,45,clear,intermediate,5205,,{}
SYN-T-1667,OP-007,M-3,EXCAVATION_LOAD,Material Loading,Site B,08:00,09:00,Completed,60,clear,intermediate,5242,,{}
SYN-T-1668,OP-008,M-5,HAUL_TRANSPORT,Haul Cycle,Site A,08:00,09:00,Completed,60,clear,intermediate,5279,,{}
SYN-T-1669,OP-009,M-1,EXCAVATION_LOAD,Excavation — Trench Digging,Site B,08:00,09:00,Upcoming,45,clear,intermediate,5316,,{}
SYN-T-1670,OP-010,M-3,EXCAVATION_LOAD,Material Loading,Site A,08:00,09:00,Completed,60,clear,intermediate,5353,,{}
SYN-T-1671,OP-011,M-5,HAUL_TRANSPORT,Haul Cycle,Site B,08:00,09:00,Completed,60,clear,intermediate,5390,,{}
SYN-T-1672,OP-012,M-1,EXCAVATION_LOAD,Excavation — Trench Digging,Site A,08:00,09:00,Completed,45,clear,intermediate,5427,,{}
SYN-T-1673,OP-013,M-3,EXCAVATION_LOAD,Material Loading,Site B,08:00,09:00,Upcoming,60,clear,intermediate,5464,,{}
SYN-T-1674,OP-014,M-5,HAUL_TRANSPORT,Haul Cycle,Site A,08:00,09:00,Completed,60,clear,intermediate,5501,,{}
SYN-T-1675,OP-015,M-1,EXCAVATION_LOAD,Excavation — Trench Digging,Site B,08:00,09:00,Completed,45,clear,intermediate,5538,,{}
SYN-T-1676,OP-016,M-3,EXCAVATION_LOAD,Material Loading,Site A,08:00,09:00,Completed,60,clear,intermediate,5575,,{}
SYN-T-1677,OP-017,M-5,HAUL_TRANSPORT,Haul Cycle,Site B,08:00,09:00,Upcoming,60,clear,intermediate,5612,,{}
SYN-T-1678,OP-018,M-1,EXCAVATION_LOAD,Excavation — Trench Digging,Site A,08:00,09:00,Completed,45,clear,intermediate,5649,,{}
SYN-T-1679,OP-019,M-3,EXCAVATION_LOAD,Material Loading,Site B,08:00,09:00,Completed,60,clear,intermediate,5686,,{}
SYN-T-1680,OP-020,M-5,HAUL_TRANSPORT,Haul Cycle,Site A,08:00,09:00,Completed,60,clear,intermediate,5723,,{}
SYN-T-1681,OP-001,M-1,EXCAVATION_LOAD,Excavation — Trench Digging,Site B,08:00,09:00,Upcoming,45,clear,intermediate,5760,,{}
SYN-T-1682,OP-002,M-3,EXCAVATION_LOAD,Material Loading,Site A,08:00,09:00,Completed,60,clear,intermediate,5797,,{}
SYN-T-1683,OP-003,M-5,HAUL_TRANSPORT,Haul Cycle,Site B,08:00,09:00,Completed,60,clear,intermediate,5834,,{}
SYN-T-1684,OP-004,M-1,EXCAVATION_LOAD,Excavation — Trench Digging,Site A,08:00,09:00,Completed,45,clear,intermediate,5871,,{}
SYN-T-1685,OP-005,M-3,EXCAVATION_LOAD,Material Loading,Site B,08:00,09:00,Upcoming,60,clear,intermediate,5908,,{}
SYN-T-1686,OP-006,M-5,HAUL_TRANSPORT,Haul Cycle,Site A,08:00,09:00,Completed,60,clear,intermediate,5945,,{}
SYN-T-1687,OP-007,M-1,EXCAVATION_LOAD,Excavation — Trench Digging,Site B,08:00,09:00,Completed,45,clear,intermediate,5982,,{}
SYN-T-1688,OP-008,M-3,EXCAVATION_LOAD,Material Loading,Site A,08:00,09:00,Completed,60,clear,intermediate,1219,,{}
SYN-T-1689,OP-009,M-5,HAUL_TRANSPORT,Haul Cycle,Site B,08:00,09:00,Upcoming,60,clear,intermediate,1256,,{}
SYN-T-1690,OP-010,M-1,EXCAVATION_LOAD,Excavation — Trench Digging,Site A,08:00,09:00,Completed,45,clear,intermediate,1293,,{}
SYN-T-1691,OP-011,M-3,EXCAVATION_LOAD,Material Loading,Site B,08:00,09:00,Completed,60,clear,intermediate,1330,,{}
SYN-T-1692,OP-012,M-5,HAUL_TRANSPORT,Haul Cycle,Site A,08:00,09:00,Completed,60,clear,intermediate,1367,,{}
SYN-T-1693,OP-013,M-1,EXCAVATION_LOAD,Excavation — Trench Digging,Site B,08:00,09:00,Upcoming,45,clear,intermediate,1404,,{}
SYN-T-1694,OP-014,M-3,EXCAVATION_LOAD,Material Loading,Site A,08:00,09:00,Completed,60,clear,intermediate,1441,,{}
SYN-T-1695,OP-015,M-5,HAUL_TRANSPORT,Haul Cycle,Site B,08:00,09:00,Completed,60,clear,intermediate,1478,,{}
SYN-T-1696,OP-016,M-1,EXCAVATION_LOAD,Excavation — Trench Digging,Site A,08:00,09:00,Completed,45,clear,intermediate,1515,,{}
SYN-T-1697,OP-017,M-3,EXCAVATION_LOAD,Material Loading,Site B,08:00,09:00,Upcoming,60,clear,intermediate,1552,,{}
SYN-T-1698,OP-018,M-5,HAUL_TRANSPORT,Haul Cycle,Site A,08:00,09:00,Completed,60,clear,intermediate,1589,,{}
SYN-T-1699,OP-019,M-1,EXCAVATION_LOAD,Excavation — Trench Digging,Site B,08:00,09:00,Completed,45,clear,intermediate,1626,,{}
SYN-T-1700,OP-020,M-3,EXCAVATION_LOAD,Material Loading,Site A,08:00,09:00,Completed,60,clear,intermediate,1663,,{}
SYN-T-1701,OP-001,M-5,HAUL_TRANSPORT,Haul Cycle,Site B,08:00,09:00,Upcoming,60,clear,intermediate,1700,,{}
SYN-T-1702,OP-002,M-1,EXCAVATION_LOAD,Excavation — Trench Digging,Site A,08:00,09:00,Completed,45,clear,intermediate,1737,,{}
SYN-T-1703,OP-003,M-3,EXCAVATION_LOAD,Material Loading,Site B,08:00,09:00,Completed,60,clear,intermediate,1774,,{}
SYN-T-1704,OP-004,M-5,HAUL_TRANSPORT,Haul Cycle,Site A,08:00,09:00,Completed,60,clear,intermediate,1811,,{}
SYN-T-1705,OP-005,M-1,EXCAVATION_LOAD,Excavation — Trench Digging,Site B,08:00,09:00,Upcoming,45,clear,intermediate,1848,,{}
SYN-T-1706,OP-006,M-3,EXCAVATION_LOAD,Material Loading,Site A,08:00,09:00,Completed,60,clear,intermediate,1885,,{}
SYN-T-1707,OP-007,M-5,HAUL_TRANSPORT,Haul Cycle,Site B,08:00,09:00,Completed,60,clear,intermediate,1922,,{}
SYN-T-1708,OP-008,M-1,EXCAVATION_LOAD,Excavation — Trench Digging,Site A,08:00,09:00,Completed,45,clear,intermediate,1959,,{}
SYN-T-1709,OP-009,M-3,EXCAVATION_LOAD,Material Loading,Site B,08:00,09:00,Upcoming,60,clear,intermediate,1996,,{}
SYN-T-1710,OP-010,M-5,HAUL_TRANSPORT,Haul Cycle,Site A,08:00,09:00,Completed,60,clear,intermediate,2033,,{}
SYN-T-1711,OP-011,M-1,EXCAVATION_LOAD,Excavation — Trench Digging,Site B,08:00,09:00,Completed,45,clear,intermediate,2070,,{}
SYN-T-1712,OP-012,M-3,EXCAVATION_LOAD,Material Loading,Site A,08:00,09:00,Completed,60,clear,intermediate,2107,,{}
SYN-T-1713,OP-013,M-5,HAUL_TRANSPORT,Haul Cycle,Site B,08:00,09:00,Upcoming,60,clear,intermediate,2144,,{}
SYN-T-1714,OP-014,M-1,EXCAVATION_LOAD,Excavation — Trench Digging,Site A,08:00,09:00,Completed,45,clear,intermediate,2181,,{}
SYN-T-1715,OP-015,M-3,EXCAVATION_LOAD,Material Loading,Site B,08:00,09:00,Completed,60,clear,intermediate,2218,,{}
SYN-T-1716,OP-016,M-5,HAUL_TRANSPORT,Haul Cycle,Site A,08:00,09:00,Completed,60,clear,intermediate,2255,,{}
SYN-T-1717,OP-017,M-1,EXCAVATION_LOAD,Excavation — Trench Digging,Site B,08:00,09:00,Upcoming,45,clear,intermediate,2292,,{}
SYN-T-1718,OP-018,M-3,EXCAVATION_LOAD,Material Loading,Site A,08:00,09:00,Completed,60,clear,intermediate,2329,,{}
SYN-T-1719,OP-019,M-5,HAUL_TRANSPORT,Haul Cycle,Site B,08:00,09:00,Completed,60,clear,intermediate,2366,,{}
SYN-T-1720,OP-020,M-1,EXCAVATION_LOAD,Excavation — Trench Digging,Site A,08:00,09:00,Completed,45,clear,intermediate,2403,,{}
SYN-T-1721,OP-001,M-3,EXCAVATION_LOAD,Material Loading,Site B,08:00,09:00,Upcoming,60,clear,intermediate,2440,,{}
SYN-T-1722,OP-002,M-5,HAUL_TRANSPORT,Haul Cycle,Site A,08:00,09:00,Completed,60,clear,intermediate,2477,,{}
SYN-T-1723,OP-003,M-1,EXCAVATION_LOAD,Excavation — Trench Digging,Site B,08:00,09:00,Completed,45,clear,intermediate,2514,,{}
SYN-T-1724,OP-004,M-3,EXCAVATION_LOAD,Material Loading,Site A,08:00,09:00,Completed,60,clear,intermediate,2551,,{}
SYN-T-1725,OP-005,M-5,HAUL_TRANSPORT,Haul Cycle,Site B,08:00,09:00,Upcoming,60,clear,intermediate,2588,,{}
SYN-T-1726,OP-006,M-1,EXCAVATION_LOAD,Excavation — Trench Digging,Site A,08:00,09:00,Completed,45,clear,intermediate,2625,,{}
SYN-T-1727,OP-007,M-3,EXCAVATION_LOAD,Material Loading,Site B,08:00,09:00,Completed,60,clear,intermediate,2662,,{}
SYN-T-1728,OP-008,M-5,HAUL_TRANSPORT,Haul Cycle,Site A,08:00,09:00,Completed,60,clear,intermediate,2699,,{}
SYN-T-1729,OP-009,M-1,EXCAVATION_LOAD,Excavation — Trench Digging,Site B,08:00,09:00,Upcoming,45,clear,intermediate,2736,,{}
SYN-T-1730,OP-010,M-3,EXCAVATION_LOAD,Material Loading,Site A,08:00,09:00,Completed,60,clear,intermediate,2773,,{}
SYN-T-1731,OP-011,M-5,HAUL_TRANSPORT,Haul Cycle,Site B,08:00,09:00,Completed,60,clear,intermediate,2810,,{}
SYN-T-1732,OP-012,M-1,EXCAVATION_LOAD,Excavation — Trench Digging,Site A,08:00,09:00,Completed,45,clear,intermediate,2847,,{}
SYN-T-1733,OP-013,M-3,EXCAVATION_LOAD,Material Loading,Site B,08:00,09:00,Upcoming,60,clear,intermediate,2884,,{}
SYN-T-1734,OP-014,M-5,HAUL_TRANSPORT,Haul Cycle,Site A,08:00,09:00,Completed,60,clear,intermediate,2921,,{}
SYN-T-1735,OP-015,M-1,EXCAVATION_LOAD,Excavation — Trench Digging,Site B,08:00,09:00,Completed,45,clear,intermediate,2958,,{}
SYN-T-1736,OP-016,M-3,EXCAVATION_LOAD,Material Loading,Site A,08:00,09:00,Completed,60,clear,intermediate,2995,,{}
SYN-T-1737,OP-017,M-5,HAUL_TRANSPORT,Haul Cycle,Site B,08:00,09:00,Upcoming,60,clear,intermediate,3032,,{}
SYN-T-1738,OP-018,M-1,EXCAVATION_LOAD,Excavation — Trench Digging,Site A,08:00,09:00,Completed,45,clear,intermediate,3069,,{}
SYN-T-1739,OP-019,M-3,EXCAVATION_LOAD,Material Loading,Site B,08:00,09:00,Completed,60,clear,intermediate,3106,,{}
SYN-T-1740,OP-020,M-5,HAUL_TRANSPORT,Haul Cycle,Site A,08:00,09:00,Completed,60,clear,intermediate,3143,,{}
SYN-T-1741,OP-001,M-1,EXCAVATION_LOAD,Excavation — Trench Digging,Site B,08:00,09:00,Upcoming,45,clear,intermediate,3180,,{}
SYN-T-1742,OP-002,M-3,EXCAVATION_LOAD,Material Loading,Site A,08:00,09:00,Completed,60,clear,intermediate,3217,,{}
SYN-T-1743,OP-003,M-5,HAUL_TRANSPORT,Haul Cycle,Site B,08:00,09:00,Completed,60,clear,intermediate,3254,,{}
SYN-T-1744,OP-004,M-1,EXCAVATION_LOAD,Excavation — Trench Digging,Site A,08:00,09:00,Completed,45,clear,intermediate,3291,,{}
SYN-T-1745,OP-005,M-3,EXCAVATION_LOAD,Material Loading,Site B,08:00,09:00,Upcoming,60,clear,intermediate,3328,,{}
SYN-T-1746,OP-006,M-5,HAUL_TRANSPORT,Haul Cycle,Site A,08:00,09:00,Completed,60,clear,intermediate,3365,,{}
SYN-T-1747,OP-007,M-1,EXCAVATION_LOAD,Excavation — Trench Digging,Site B,08:00,09:00,Completed,45,clear,intermediate,3402,,{}
SYN-T-1748,OP-008,M-3,EXCAVATION_LOAD,Material Loading,Site A,08:00,09:00,Completed,60,clear,intermediate,3439,,{}
SYN-T-1749,OP-009,M-5,HAUL_TRANSPORT,Haul Cycle,Site B,08:00,09:00,Upcoming,60,clear,intermediate,3476,,{}
SYN-T-1750,OP-010,M-1,EXCAVATION_LOAD,Excavation — Trench Digging,Site A,08:00,09:00,Completed,45,clear,intermediate,3513,,{}
SYN-T-1751,OP-011,M-3,EXCAVATION_LOAD,Material Loading,Site B,08:00,09:00,Completed,60,clear,intermediate,3550,,{}
SYN-T-1752,OP-012,M-5,HAUL_TRANSPORT,Haul Cycle,Site A,08:00,09:00,Completed,60,clear,intermediate,3587,,{}
SYN-T-1753,OP-013,M-1,EXCAVATION_LOAD,Excavation — Trench Digging,Site B,08:00,09:00,Upcoming,45,clear,intermediate,3624,,{}
SYN-T-1754,OP-014,M-3,EXCAVATION_LOAD,Material Loading,Site A,08:00,09:00,Completed,60,clear,intermediate,3661,,{}
SYN-T-1755,OP-015,M-5,HAUL_TRANSPORT,Haul Cycle,Site B,08:00,09:00,Completed,60,clear,intermediate,3698,,{}
SYN-T-1756,OP-016,M-1,EXCAVATION_LOAD,Excavation — Trench Digging,Site A,08:00,09:00,Completed,45,clear,intermediate,3735,,{}
SYN-T-1757,OP-017,M-3,EXCAVATION_LOAD,Material Loading,Site B,08:00,09:00,Upcoming,60,clear,intermediate,3772,,{}
SYN-T-1758,OP-018,M-5,HAUL_TRANSPORT,Haul Cycle,Site A,08:00,09:00,Completed,60,clear,intermediate,3809,,{}
SYN-T-1759,OP-019,M-1,EXCAVATION_LOAD,Excavation — Trench Digging,Site B,08:00,09:00,Completed,45,clear,intermediate,3846,,{}
SYN-T-1760,OP-020,M-3,EXCAVATION_LOAD,Material Loading,Site A,08:00,09:00,Completed,60,clear,intermediate,3883,,{}
SYN-T-1761,OP-001,M-5,HAUL_TRANSPORT,Haul Cycle,Site B,08:00,09:00,Upcoming,60,clear,intermediate,3920,,{}
SYN-T-1762,OP-002,M-1,EXCAVATION_LOAD,Excavation — Trench Digging,Site A,08:00,09:00,Completed,45,clear,intermediate,3957,,{}
SYN-T-1763,OP-003,M-3,EXCAVATION_LOAD,Material Loading,Site B,08:00,09:00,Completed,60,clear,intermediate,3994,,{}
SYN-T-1764,OP-004,M-5,HAUL_TRANSPORT,Haul Cycle,Site A,08:00,09:00,Completed,60,clear,intermediate,4031,,{}
SYN-T-1765,OP-005,M-1,EXCAVATION_LOAD,Excavation — Trench Digging,Site B,08:00,09:00,Upcoming,45,clear,intermediate,4068,,{}
SYN-T-1766,OP-006,M-3,EXCAVATION_LOAD,Material Loading,Site A,08:00,09:00,Completed,60,clear,intermediate,4105,,{}
SYN-T-1767,OP-007,M-5,HAUL_TRANSPORT,Haul Cycle,Site B,08:00,09:00,Completed,60,clear,intermediate,4142,,{}
SYN-T-1768,OP-008,M-1,EXCAVATION_LOAD,Excavation — Trench Digging,Site A,08:00,09:00,Completed,45,clear,intermediate,4179,,{}
SYN-T-1769,OP-009,M-3,EXCAVATION_LOAD,Material Loading,Site B,08:00,09:00,Upcoming,60,clear,intermediate,4216,,{}
SYN-T-1770,OP-010,M-5,HAUL_TRANSPORT,Haul Cycle,Site A,08:00,09:00,Completed,60,clear,intermediate,4253,,{}
SYN-T-1771,OP-011,M-1,EXCAVATION_LOAD,Excavation — Trench Digging,Site B,08:00,09:00,Completed,45,clear,intermediate,4290,,{}
SYN-T-1772,OP-012,M-3,EXCAVATION_LOAD,Material Loading,Site A,08:00,09:00,Completed,60,clear,intermediate,4327,,{}
SYN-T-1773,OP-013,M-5,HAUL_TRANSPORT,Haul Cycle,Site B,08:00,09:00,Upcoming,60,clear,intermediate,4364,,{}
SYN-T-1774,OP-014,M-1,EXCAVATION_LOAD,Excavation — Trench Digging,Site A,08:00,09:00,Completed,45,clear,intermediate,4401,,{}
SYN-T-1775,OP-015,M-3,EXCAVATION_LOAD,Material Loading,Site B,08:00,09:00,Completed,60,clear,intermediate,4438,,{}
SYN-T-1776,OP-016,M-5,HAUL_TRANSPORT,Haul Cycle,Site A,08:00,09:00,Completed,60,clear,intermediate,4475,,{}
SYN-T-1777,OP-017,M-1,EXCAVATION_LOAD,Excavation — Trench Digging,Site B,08:00,09:00,Upcoming,45,clear,intermediate,4512,,{}
SYN-T-1778,OP-018,M-3,EXCAVATION_LOAD,Material Loading,Site A,08:00,09:00,Completed,60,clear,intermediate,4549,,{}
SYN-T-1779,OP-019,M-5,HAUL_TRANSPORT,Haul Cycle,Site B,08:00,09:00,Completed,60,clear,intermediate,4586,,{}
SYN-T-1780,OP-020,M-1,EXCAVATION_LOAD,Excavation — Trench Digging,Site A,08:00,09:00,Completed,45,clear,intermediate,4623,,{}
SYN-T-1781,OP-001,M-3,EXCAVATION_LOAD,Material Loading,Site B,08:00,09:00,Upcoming,60,clear,intermediate,4660,,{}
SYN-T-1782,OP-002,M-5,HAUL_TRANSPORT,Haul Cycle,Site A,08:00,09:00,Completed,60,clear,intermediate,4697,,{}
SYN-T-1783,OP-003,M-1,EXCAVATION_LOAD,Excavation — Trench Digging,Site B,08:00,09:00,Completed,45,clear,intermediate,4734,,{}
SYN-T-1784,OP-004,M-3,EXCAVATION_LOAD,Material Loading,Site A,08:00,09:00,Completed,60,clear,intermediate,4771,,{}
SYN-T-1785,OP-005,M-5,HAUL_TRANSPORT,Haul Cycle,Site B,08:00,09:00,Upcoming,60,clear,intermediate,4808,,{}
SYN-T-1786,OP-006,M-1,EXCAVATION_LOAD,Excavation — Trench Digging,Site A,08:00,09:00,Completed,45,clear,intermediate,4845,,{}
SYN-T-1787,OP-007,M-3,EXCAVATION_LOAD,Material Loading,Site B,08:00,09:00,Completed,60,clear,intermediate,4882,,{}
SYN-T-1788,OP-008,M-5,HAUL_TRANSPORT,Haul Cycle,Site A,08:00,09:00,Completed,60,clear,intermediate,4919,,{}
SYN-T-1789,OP-009,M-1,EXCAVATION_LOAD,Excavation — Trench Digging,Site B,08:00,09:00,Upcoming,45,clear,intermediate,4956,,{}
SYN-T-1790,OP-010,M-3,EXCAVATION_LOAD,Material Loading,Site A,08:00,09:00,Completed,60,clear,intermediate,4993,,{}
SYN-T-1791,OP-011,M-5,HAUL_TRANSPORT,Haul Cycle,Site B,08:00,09:00,Completed,60,clear,intermediate,5030,,{}
SYN-T-1792,OP-012,M-1,EXCAVATION_LOAD,Excavation — Trench Digging,Site A,08:00,09:00,Completed,45,clear,intermediate,5067,,{}
SYN-T-1793,OP-013,M-3,EXCAVATION_LOAD,Material Loading,Site B,08:00,09:00,Upcoming,60,clear,intermediate,5104,,{}
SYN-T-1794,OP-014,M-5,HAUL_TRANSPORT,Haul Cycle,Site A,08:00,09:00,Completed,60,clear,intermediate,5141,,{}
SYN-T-1795,OP-015,M-1,EXCAVATION_LOAD,Excavation — Trench Digging,Site B,08:00,09:00,Completed,45,clear,intermediate,5178,,{}
SYN-T-1796,OP-016,M-3,EXCAVATION_LOAD,Material Loading,Site A,08:00,09:00,Completed,60,clear,intermediate,5215,,{}
SYN-T-1797,OP-017,M-5,HAUL_TRANSPORT,Haul Cycle,Site B,08:00,09:00,Upcoming,60,clear,intermediate,5252,,{}
SYN-T-1798,OP-018,M-1,EXCAVATION_LOAD,Excavation — Trench Digging,Site A,08:00,09:00,Completed,45,clear,intermediate,5289,,{}
SYN-T-1799,OP-019,M-3,EXCAVATION_LOAD,Material Loading,Site B,08:00,09:00,Completed,60,clear,intermediate,5326,,{}
SYN-T-1800,OP-020,M-5,HAUL_TRANSPORT,Haul Cycle,Site A,08:00,09:00,Completed,60,clear,intermediate,5363,,{}
SYN-T-1801,OP-001,M-1,EXCAVATION_LOAD,Excavation — Trench Digging,Site B,08:00,09:00,Upcoming,45,clear,intermediate,5400,,{}
SYN-T-1802,OP-002,M-3,EXCAVATION_LOAD,Material Loading,Site A,08:00,09:00,Completed,60,clear,intermediate,5437,,{}
SYN-T-1803,OP-003,M-5,HAUL_TRANSPORT,Haul Cycle,Site B,08:00,09:00,Completed,60,clear,intermediate,5474,,{}
SYN-T-1804,OP-004,M-1,EXCAVATION_LOAD,Excavation — Trench Digging,Site A,08:00,09:00,Completed,45,clear,intermediate,5511,,{}
SYN-T-1805,OP-005,M-3,EXCAVATION_LOAD,Material Loading,Site B,08:00,09:00,Upcoming,60,clear,intermediate,5548,,{}
SYN-T-1806,OP-006,M-5,HAUL_TRANSPORT,Haul Cycle,Site A,08:00,09:00,Completed,60,clear,intermediate,5585,,{}
SYN-T-1807,OP-007,M-1,EXCAVATION_LOAD,Excavation — Trench Digging,Site B,08:00,09:00,Completed,45,clear,intermediate,5622,,{}
SYN-T-1808,OP-008,M-3,EXCAVATION_LOAD,Material Loading,Site A,08:00,09:00,Completed,60,clear,intermediate,5659,,{}
SYN-T-1809,OP-009,M-5,HAUL_TRANSPORT,Haul Cycle,Site B,08:00,09:00,Upcoming,60,clear,intermediate,5696,,{}
SYN-T-1810,OP-010,M-1,EXCAVATION_LOAD,Excavation — Trench Digging,Site A,08:00,09:00,Completed,45,clear,intermediate,5733,,{}
SYN-T-1811,OP-011,M-3,EXCAVATION_LOAD,Material Loading,Site B,08:00,09:00,Completed,60,clear,intermediate,5770,,{}
SYN-T-1812,OP-012,M-5,HAUL_TRANSPORT,Haul Cycle,Site A,08:00,09:00,Completed,60,clear,intermediate,5807,,{}
SYN-T-1813,OP-013,M-1,EXCAVATION_LOAD,Excavation — Trench Digging,Site B,08:00,09:00,Upcoming,45,clear,intermediate,5844,,{}
SYN-T-1814,OP-014,M-3,EXCAVATION_LOAD,Material Loading,Site A,08:00,09:00,Completed,60,clear,intermediate,5881,,{}
SYN-T-1815,OP-015,M-5,HAUL_TRANSPORT,Haul Cycle,Site B,08:00,09:00,Completed,60,clear,intermediate,5918,,{}
SYN-T-1816,OP-016,M-1,EXCAVATION_LOAD,Excavation — Trench Digging,Site A,08:00,09:00,Completed,45,clear,intermediate,5955,,{}
SYN-T-1817,OP-017,M-3,EXCAVATION_LOAD,Material Loading,Site B,08:00,09:00,Upcoming,60,clear,intermediate,5992,,{}
SYN-T-1818,OP-018,M-5,HAUL_TRANSPORT,Haul Cycle,Site A,08:00,09:00,Completed,60,clear,intermediate,1229,,{}
SYN-T-1819,OP-019,M-1,EXCAVATION_LOAD,Excavation — Trench Digging,Site B,08:00,09:00,Completed,45,clear,intermediate,1266,,{}
SYN-T-1820,OP-020,M-3,EXCAVATION_LOAD,Material Loading,Site A,08:00,09:00,Completed,60,clear,intermediate,1303,,{}
SYN-T-1821,OP-001,M-5,HAUL_TRANSPORT,Haul Cycle,Site B,08:00,09:00,Upcoming,60,clear,intermediate,1340,,{}
SYN-T-1822,OP-002,M-1,EXCAVATION_LOAD,Excavation — Trench Digging,Site A,08:00,09:00,Completed,45,clear,intermediate,1377,,{}
SYN-T-1823,OP-003,M-3,EXCAVATION_LOAD,Material Loading,Site B,08:00,09:00,Completed,60,clear,intermediate,1414,,{}
SYN-T-1824,OP-004,M-5,HAUL_TRANSPORT,Haul Cycle,Site A,08:00,09:00,Completed,60,clear,intermediate,1451,,{}
SYN-T-1825,OP-005,M-1,EXCAVATION_LOAD,Excavation — Trench Digging,Site B,08:00,09:00,Upcoming,45,clear,intermediate,1488,,{}
SYN-T-1826,OP-006,M-3,EXCAVATION_LOAD,Material Loading,Site A,08:00,09:00,Completed,60,clear,intermediate,1525,,{}
SYN-T-1827,OP-007,M-5,HAUL_TRANSPORT,Haul Cycle,Site B,08:00,09:00,Completed,60,clear,intermediate,1562,,{}
SYN-T-1828,OP-008,M-1,EXCAVATION_LOAD,Excavation — Trench Digging,Site A,08:00,09:00,Completed,45,clear,intermediate,1599,,{}
SYN-T-1829,OP-009,M-3,EXCAVATION_LOAD,Material Loading,Site B,08:00,09:00,Upcoming,60,clear,intermediate,1636,,{}
SYN-T-1830,OP-010,M-5,HAUL_TRANSPORT,Haul Cycle,Site A,08:00,09:00,Completed,60,clear,intermediate,1673,,{}
SYN-T-1831,OP-011,M-1,EXCAVATION_LOAD,Excavation — Trench Digging,Site B,08:00,09:00,Completed,45,clear,intermediate,1710,,{}
SYN-T-1832,OP-012,M-3,EXCAVATION_LOAD,Material Loading,Site A,08:00,09:00,Completed,60,clear,intermediate,1747,,{}
SYN-T-1833,OP-013,M-5,HAUL_TRANSPORT,Haul Cycle,Site B,08:00,09:00,Upcoming,60,clear,intermediate,1784,,{}
SYN-T-1834,OP-014,M-1,EXCAVATION_LOAD,Excavation — Trench Digging,Site A,08:00,09:00,Completed,45,clear,intermediate,1821,,{}
SYN-T-1835,OP-015,M-3,EXCAVATION_LOAD,Material Loading,Site B,08:00,09:00,Completed,60,clear,intermediate,1858,,{}
SYN-T-1836,OP-016,M-5,HAUL_TRANSPORT,Haul Cycle,Site A,08:00,09:00,Completed,60,clear,intermediate,1895,,{}
SYN-T-1837,OP-017,M-1,EXCAVATION_LOAD,Excavation — Trench Digging,Site B,08:00,09:00,Upcoming,45,clear,intermediate,1932,,{}
SYN-T-1838,OP-018,M-3,EXCAVATION_LOAD,Material Loading,Site A,08:00,09:00,Completed,60,clear,intermediate,1969,,{}
SYN-T-1839,OP-019,M-5,HAUL_TRANSPORT,Haul Cycle,Site B,08:00,09:00,Completed,60,clear,intermediate,2006,,{}
SYN-T-1840,OP-020,M-1,EXCAVATION_LOAD,Excavation — Trench Digging,Site A,08:00,09:00,Completed,45,clear,intermediate,2043,,{}
SYN-T-1841,OP-001,M-3,EXCAVATION_LOAD,Material Loading,Site B,08:00,09:00,Upcoming,60,clear,intermediate,2080,,{}
SYN-T-1842,OP-002,M-5,HAUL_TRANSPORT,Haul Cycle,Site A,08:00,09:00,Completed,60,clear,intermediate,2117,,{}
SYN-T-1843,OP-003,M-1,EXCAVATION_LOAD,Excavation — Trench Digging,Site B,08:00,09:00,Completed,45,clear,intermediate,2154,,{}
SYN-T-1844,OP-004,M-3,EXCAVATION_LOAD,Material Loading,Site A,08:00,09:00,Completed,60,clear,intermediate,2191,,{}
SYN-T-1845,OP-005,M-5,HAUL_TRANSPORT,Haul Cycle,Site B,08:00,09:00,Upcoming,60,clear,intermediate,2228,,{}
SYN-T-1846,OP-006,M-1,EXCAVATION_LOAD,Excavation — Trench Digging,Site A,08:00,09:00,Completed,45,clear,intermediate,2265,,{}
SYN-T-1847,OP-007,M-3,EXCAVATION_LOAD,Material Loading,Site B,08:00,09:00,Completed,60,clear,intermediate,2302,,{}
SYN-T-1848,OP-008,M-5,HAUL_TRANSPORT,Haul Cycle,Site A,08:00,09:00,Completed,60,clear,intermediate,2339,,{}
SYN-T-1849,OP-009,M-1,EXCAVATION_LOAD,Excavation — Trench Digging,Site B,08:00,09:00,Upcoming,45,clear,intermediate,2376,,{}
SYN-T-1850,OP-010,M-3,EXCAVATION_LOAD,Material Loading,Site A,08:00,09:00,Completed,60,clear,intermediate,2413,,{}
SYN-T-1851,OP-011,M-5,HAUL_TRANSPORT,Haul Cycle,Site B,08:00,09:00,Completed,60,clear,intermediate,2450,,{}
SYN-T-1852,OP-012,M-1,EXCAVATION_LOAD,Excavation — Trench Digging,Site A,08:00,09:00,Completed,45,clear,intermediate,2487,,{}
SYN-T-1853,OP-013,M-3,EXCAVATION_LOAD,Material Loading,Site B,08:00,09:00,Upcoming,60,clear,intermediate,2524,,{}
SYN-T-1854,OP-014,M-5,HAUL_TRANSPORT,Haul Cycle,Site A,08:00,09:00,Completed,60,clear,intermediate,2561,,{}
SYN-T-1855,OP-015,M-1,EXCAVATION_LOAD,Excavation — Trench Digging,Site B,08:00,09:00,Completed,45,clear,intermediate,2598,,{}
SYN-T-1856,OP-016,M-3,EXCAVATION_LOAD,Material Loading,Site A,08:00,09:00,Completed,60,clear,intermediate,2635,,{}
SYN-T-1857,OP-017,M-5,HAUL_TRANSPORT,Haul Cycle,Site B,08:00,09:00,Upcoming,60,clear,intermediate,2672,,{}
SYN-T-1858,OP-018,M-1,EXCAVATION_LOAD,Excavation — Trench Digging,Site A,08:00,09:00,Completed,45,clear,intermediate,2709,,{}
SYN-T-1859,OP-019,M-3,EXCAVATION_LOAD,Material Loading,Site B,08:00,09:00,Completed,60,clear,intermediate,2746,,{}
SYN-T-1860,OP-020,M-5,HAUL_TRANSPORT,Haul Cycle,Site A,08:00,09:00,Completed,60,clear,intermediate,2783,,{}
SYN-T-1861,OP-001,M-1,EXCAVATION_LOAD,Excavation — Trench Digging,Site B,08:00,09:00,Upcoming,45,clear,intermediate,2820,,{}
SYN-T-1862,OP-002,M-3,EXCAVATION_LOAD,Material Loading,Site A,08:00,09:00,Completed,60,clear,intermediate,2857,,{}
SYN-T-1863,OP-003,M-5,HAUL_TRANSPORT,Haul Cycle,Site B,08:00,09:00,Completed,60,clear,intermediate,2894,,{}
SYN-T-1864,OP-004,M-1,EXCAVATION_LOAD,Excavation — Trench Digging,Site A,08:00,09:00,Completed,45,clear,intermediate,2931,,{}
SYN-T-1865,OP-005,M-3,EXCAVATION_LOAD,Material Loading,Site B,08:00,09:00,Upcoming,60,clear,intermediate,2968,,{}
SYN-T-1866,OP-006,M-5,HAUL_TRANSPORT,Haul Cycle,Site A,08:00,09:00,Completed,60,clear,intermediate,3005,,{}
SYN-T-1867,OP-007,M-1,EXCAVATION_LOAD,Excavation — Trench Digging,Site B,08:00,09:00,Completed,45,clear,intermediate,3042,,{}
SYN-T-1868,OP-008,M-3,EXCAVATION_LOAD,Material Loading,Site A,08:00,09:00,Completed,60,clear,intermediate,3079,,{}
SYN-T-1869,OP-009,M-5,HAUL_TRANSPORT,Haul Cycle,Site B,08:00,09:00,Upcoming,60,clear,intermediate,3116,,{}
SYN-T-1870,OP-010,M-1,EXCAVATION_LOAD,Excavation — Trench Digging,Site A,08:00,09:00,Completed,45,clear,intermediate,3153,,{}
SYN-T-1871,OP-011,M-3,EXCAVATION_LOAD,Material Loading,Site B,08:00,09:00,Completed,60,clear,intermediate,3190,,{}
SYN-T-1872,OP-012,M-5,HAUL_TRANSPORT,Haul Cycle,Site A,08:00,09:00,Completed,60,clear,intermediate,3227,,{}
SYN-T-1873,OP-013,M-1,EXCAVATION_LOAD,Excavation — Trench Digging,Site B,08:00,09:00,Upcoming,45,clear,intermediate,3264,,{}
SYN-T-1874,OP-014,M-3,EXCAVATION_LOAD,Material Loading,Site A,08:00,09:00,Completed,60,clear,intermediate,3301,,{}
SYN-T-1875,OP-015,M-5,HAUL_TRANSPORT,Haul Cycle,Site B,08:00,09:00,Completed,60,clear,intermediate,3338,,{}
SYN-T-1876,OP-016,M-1,EXCAVATION_LOAD,Excavation — Trench Digging,Site A,08:00,09:00,Completed,45,clear,intermediate,3375,,{}
SYN-T-1877,OP-017,M-3,EXCAVATION_LOAD,Material Loading,Site B,08:00,09:00,Upcoming,60,clear,intermediate,3412,,{}
SYN-T-1878,OP-018,M-5,HAUL_TRANSPORT,Haul Cycle,Site A,08:00,09:00,Completed,60,clear,intermediate,3449,,{}
SYN-T-1879,OP-019,M-1,EXCAVATION_LOAD,Excavation — Trench Digging,Site B,08:00,09:00,Completed,45,clear,intermediate,3486,,{}
SYN-T-1880,OP-020,M-3,EXCAVATION_LOAD,Material Loading,Site A,08:00,09:00,Completed,60,clear,intermediate,3523,,{}
SYN-T-1881,OP-001,M-5,HAUL_TRANSPORT,Haul Cycle,Site B,08:00,09:00,Upcoming,60,clear,intermediate,3560,,{}
SYN-T-1882,OP-002,M-1,EXCAVATION_LOAD,Excavation — Trench Digging,Site A,08:00,09:00,Completed,45,clear,intermediate,3597,,{}
SYN-T-1883,OP-003,M-3,EXCAVATION_LOAD,Material Loading,Site B,08:00,09:00,Completed,60,clear,intermediate,3634,,{}
SYN-T-1884,OP-004,M-5,HAUL_TRANSPORT,Haul Cycle,Site A,08:00,09:00,Completed,60,clear,intermediate,3671,,{}
SYN-T-1885,OP-005,M-1,EXCAVATION_LOAD,Excavation — Trench Digging,Site B,08:00,09:00,Upcoming,45,clear,intermediate,3708,,{}
SYN-T-1886,OP-006,M-3,EXCAVATION_LOAD,Material Loading,Site A,08:00,09:00,Completed,60,clear,intermediate,3745,,{}
SYN-T-1887,OP-007,M-5,HAUL_TRANSPORT,Haul Cycle,Site B,08:00,09:00,Completed,60,clear,intermediate,3782,,{}
SYN-T-1888,OP-008,M-1,EXCAVATION_LOAD,Excavation — Trench Digging,Site A,08:00,09:00,Completed,45,clear,intermediate,3819,,{}
SYN-T-1889,OP-009,M-3,EXCAVATION_LOAD,Material Loading,Site B,08:00,09:00,Upcoming,60,clear,intermediate,3856,,{}
SYN-T-1890,OP-010,M-5,HAUL_TRANSPORT,Haul Cycle,Site A,08:00,09:00,Completed,60,clear,intermediate,3893,,{}
SYN-T-1891,OP-011,M-1,EXCAVATION_LOAD,Excavation — Trench Digging,Site B,08:00,09:00,Completed,45,clear,intermediate,3930,,{}
SYN-T-1892,OP-012,M-3,EXCAVATION_LOAD,Material Loading,Site A,08:00,09:00,Completed,60,clear,intermediate,3967,,{}
SYN-T-1893,OP-013,M-5,HAUL_TRANSPORT,Haul Cycle,Site B,08:00,09:00,Upcoming,60,clear,intermediate,4004,,{}
SYN-T-1894,OP-014,M-1,EXCAVATION_LOAD,Excavation — Trench Digging,Site A,08:00,09:00,Completed,45,clear,intermediate,4041,,{}
SYN-T-1895,OP-015,M-3,EXCAVATION_LOAD,Material Loading,Site B,08:00,09:00,Completed,60,clear,intermediate,4078,,{}
SYN-T-1896,OP-016,M-5,HAUL_TRANSPORT,Haul Cycle,Site A,08:00,09:00,Completed,60,clear,intermediate,4115,,{}
SYN-T-1897,OP-017,M-1,EXCAVATION_LOAD,Excavation — Trench Digging,Site B,08:00,09:00,Upcoming,45,clear,intermediate,4152,,{}
SYN-T-1898,OP-018,M-3,EXCAVATION_LOAD,Material Loading,Site A,08:00,09:00,Completed,60,clear,intermediate,4189,,{}
SYN-T-1899,OP-019,M-5,HAUL_TRANSPORT,Haul Cycle,Site B,08:00,09:00,Completed,60,clear,intermediate,4226,,{}
SYN-T-1900,OP-020,M-1,EXCAVATION_LOAD,Excavation — Trench Digging,Site A,08:00,09:00,Completed,45,clear,intermediate,4263,,{}
SYN-T-1901,OP-001,M-3,EXCAVATION_LOAD,Material Loading,Site B,08:00,09:00,Upcoming,60,clear,intermediate,4300,,{}
SYN-T-1902,OP-002,M-5,HAUL_TRANSPORT,Haul Cycle,Site A,08:00,09:00,Completed,60,clear,intermediate,4337,,{}
SYN-T-1903,OP-003,M-1,EXCAVATION_LOAD,Excavation — Trench Digging,Site B,08:00,09:00,Completed,45,clear,intermediate,4374,,{}
SYN-T-1904,OP-004,M-3,EXCAVATION_LOAD,Material Loading,Site A,08:00,09:00,Completed,60,clear,intermediate,4411,,{}
SYN-T-1905,OP-005,M-5,HAUL_TRANSPORT,Haul Cycle,Site B,08:00,09:00,Upcoming,60,clear,intermediate,4448,,{}
SYN-T-1906,OP-006,M-1,EXCAVATION_LOAD,Excavation — Trench Digging,Site A,08:00,09:00,Completed,45,clear,intermediate,4485,,{}
SYN-T-1907,OP-007,M-3,EXCAVATION_LOAD,Material Loading,Site B,08:00,09:00,Completed,60,clear,intermediate,4522,,{}
SYN-T-1908,OP-008,M-5,HAUL_TRANSPORT,Haul Cycle,Site A,08:00,09:00,Completed,60,clear,intermediate,4559,,{}
SYN-T-1909,OP-009,M-1,EXCAVATION_LOAD,Excavation — Trench Digging,Site B,08:00,09:00,Upcoming,45,clear,intermediate,4596,,{}
SYN-T-1910,OP-010,M-3,EXCAVATION_LOAD,Material Loading,Site A,08:00,09:00,Completed,60,clear,intermediate,4633,,{}
SYN-T-1911,OP-011,M-5,HAUL_TRANSPORT,Haul Cycle,Site B,08:00,09:00,Completed,60,clear,intermediate,4670,,{}
SYN-T-1912,OP-012,M-1,EXCAVATION_LOAD,Excavation — Trench Digging,Site A,08:00,09:00,Completed,45,clear,intermediate,4707,,{}
SYN-T-1913,OP-013,M-3,EXCAVATION_LOAD,Material Loading,Site B,08:00,09:00,Upcoming,60,clear,intermediate,4744,,{}
SYN-T-1914,OP-014,M-5,HAUL_TRANSPORT,Haul Cycle,Site A,08:00,09:00,Completed,60,clear,intermediate,4781,,{}
SYN-T-1915,OP-015,M-1,EXCAVATION_LOAD,Excavation — Trench Digging,Site B,08:00,09:00,Completed,45,clear,intermediate,4818,,{}
SYN-T-1916,OP-016,M-3,EXCAVATION_LOAD,Material Loading,Site A,08:00,09:00,Completed,60,clear,intermediate,4855,,{}
SYN-T-1917,OP-017,M-5,HAUL_TRANSPORT,Haul Cycle,Site B,08:00,09:00,Upcoming,60,clear,intermediate,4892,,{}
SYN-T-1918,OP-018,M-1,EXCAVATION_LOAD,Excavation — Trench Digging,Site A,08:00,09:00,Completed,45,clear,intermediate,4929,,{}
SYN-T-1919,OP-019,M-3,EXCAVATION_LOAD,Material Loading,Site B,08:00,09:00,Completed,60,clear,intermediate,4966,,{}
SYN-T-1920,OP-020,M-5,HAUL_TRANSPORT,Haul Cycle,Site A,08:00,09:00,Completed,60,clear,intermediate,5003,,{}
SYN-T-1921,OP-001,M-1,EXCAVATION_LOAD,Excavation — Trench Digging,Site B,08:00,09:00,Upcoming,45,clear,intermediate,5040,,{}
SYN-T-1922,OP-002,M-3,EXCAVATION_LOAD,Material Loading,Site A,08:00,09:00,Completed,60,clear,intermediate,5077,,{}
SYN-T-1923,OP-003,M-5,HAUL_TRANSPORT,Haul Cycle,Site B,08:00,09:00,Completed,60,clear,intermediate,5114,,{}
SYN-T-1924,OP-004,M-1,EXCAVATION_LOAD,Excavation — Trench Digging,Site A,08:00,09:00,Completed,45,clear,intermediate,5151,,{}
SYN-T-1925,OP-005,M-3,EXCAVATION_LOAD,Material Loading,Site B,08:00,09:00,Upcoming,60,clear,intermediate,5188,,{}
SYN-T-1926,OP-006,M-5,HAUL_TRANSPORT,Haul Cycle,Site A,08:00,09:00,Completed,60,clear,intermediate,5225,,{}
SYN-T-1927,OP-007,M-1,EXCAVATION_LOAD,Excavation — Trench Digging,Site B,08:00,09:00,Completed,45,clear,intermediate,5262,,{}
SYN-T-1928,OP-008,M-3,EXCAVATION_LOAD,Material Loading,Site A,08:00,09:00,Completed,60,clear,intermediate,5299,,{}
SYN-T-1929,OP-009,M-5,HAUL_TRANSPORT,Haul Cycle,Site B,08:00,09:00,Upcoming,60,clear,intermediate,5336,,{}
SYN-T-1930,OP-010,M-1,EXCAVATION_LOAD,Excavation — Trench Digging,Site A,08:00,09:00,Completed,45,clear,intermediate,5373,,{}
SYN-T-1931,OP-011,M-3,EXCAVATION_LOAD,Material Loading,Site B,08:00,09:00,Completed,60,clear,intermediate,5410,,{}
SYN-T-1932,OP-012,M-5,HAUL_TRANSPORT,Haul Cycle,Site A,08:00,09:00,Completed,60,clear,intermediate,5447,,{}
SYN-T-1933,OP-013,M-1,EXCAVATION_LOAD,Excavation — Trench Digging,Site B,08:00,09:00,Upcoming,45,clear,intermediate,5484,,{}
SYN-T-1934,OP-014,M-3,EXCAVATION_LOAD,Material Loading,Site A,08:00,09:00,Completed,60,clear,intermediate,5521,,{}
SYN-T-1935,OP-015,M-5,HAUL_TRANSPORT,Haul Cycle,Site B,08:00,09:00,Completed,60,clear,intermediate,5558,,{}
SYN-T-1936,OP-016,M-1,EXCAVATION_LOAD,Excavation — Trench Digging,Site A,08:00,09:00,Completed,45,clear,intermediate,5595,,{}
SYN-T-1937,OP-017,M-3,EXCAVATION_LOAD,Material Loading,Site B,08:00,09:00,Upcoming,60,clear,intermediate,5632,,{}
SYN-T-1938,OP-018,M-5,HAUL_TRANSPORT,Haul Cycle,Site A,08:00,09:00,Completed,60,clear,intermediate,5669,,{}
SYN-T-1939,OP-019,M-1,EXCAVATION_LOAD,Excavation — Trench Digging,Site B,08:00,09:00,Completed,45,clear,intermediate,5706,,{}
SYN-T-1940,OP-020,M-3,EXCAVATION_LOAD,Material Loading,Site A,08:00,09:00,Completed,60,clear,intermediate,5743,,{}
SYN-T-1941,OP-001,M-5,HAUL_TRANSPORT,Haul Cycle,Site B,08:00,09:00,Upcoming,60,clear,intermediate,5780,,{}
SYN-T-1942,OP-002,M-1,EXCAVATION_LOAD,Excavation — Trench Digging,Site A,08:00,09:00,Completed,45,clear,intermediate,5817,,{}
SYN-T-1943,OP-003,M-3,EXCAVATION_LOAD,Material Loading,Site B,08:00,09:00,Completed,60,clear,intermediate,5854,,{}
SYN-T-1944,OP-004,M-5,HAUL_TRANSPORT,Haul Cycle,Site A,08:00,09:00,Completed,60,clear,intermediate,5891,,{}
SYN-T-1945,OP-005,M-1,EXCAVATION_LOAD,Excavation — Trench Digging,Site B,08:00,09:00,Upcoming,45,clear,intermediate,5928,,{}
SYN-T-1946,OP-006,M-3,EXCAVATION_LOAD,Material Loading,Site A,08:00,09:00,Completed,60,clear,intermediate,5965,,{}
SYN-T-1947,OP-007,M-5,HAUL_TRANSPORT,Haul Cycle,Site B,08:00,09:00,Completed,60,clear,intermediate,1202,,{}
SYN-T-1948,OP-008,M-1,EXCAVATION_LOAD,Excavation — Trench Digging,Site A,08:00,09:00,Completed,45,clear,intermediate,1239,,{}
SYN-T-1949,OP-009,M-3,EXCAVATION_LOAD,Material Loading,Site B,08:00,09:00,Upcoming,60,clear,intermediate,1276,,{}
SYN-T-1950,OP-010,M-5,HAUL_TRANSPORT,Haul Cycle,Site A,08:00,09:00,Completed,60,clear,intermediate,1313,,{}
SYN-T-1951,OP-011,M-1,EXCAVATION_LOAD,Excavation — Trench Digging,Site B,08:00,09:00,Completed,45,clear,intermediate,1350,,{}
SYN-T-1952,OP-012,M-3,EXCAVATION_LOAD,Material Loading,Site A,08:00,09:00,Completed,60,clear,intermediate,1387,,{}
SYN-T-1953,OP-013,M-5,HAUL_TRANSPORT,Haul Cycle,Site B,08:00,09:00,Upcoming,60,clear,intermediate,1424,,{}
SYN-T-1954,OP-014,M-1,EXCAVATION_LOAD,Excavation — Trench Digging,Site A,08:00,09:00,Completed,45,clear,intermediate,1461,,{}
SYN-T-1955,OP-015,M-3,EXCAVATION_LOAD,Material Loading,Site B,08:00,09:00,Completed,60,clear,intermediate,1498,,{}
SYN-T-1956,OP-016,M-5,HAUL_TRANSPORT,Haul Cycle,Site A,08:00,09:00,Completed,60,clear,intermediate,1535,,{}
SYN-T-1957,OP-017,M-1,EXCAVATION_LOAD,Excavation — Trench Digging,Site B,08:00,09:00,Upcoming,45,clear,intermediate,1572,,{}
SYN-T-1958,OP-018,M-3,EXCAVATION_LOAD,Material Loading,Site A,08:00,09:00,Completed,60,clear,intermediate,1609,,{}
SYN-T-1959,OP-019,M-5,HAUL_TRANSPORT,Haul Cycle,Site B,08:00,09:00,Completed,60,clear,intermediate,1646,,{}
SYN-T-1960,OP-020,M-1,EXCAVATION_LOAD,Excavation — Trench Digging,Site A,08:00,09:00,Completed,45,clear,intermediate,1683,,{}
SYN-T-1961,OP-001,M-3,EXCAVATION_LOAD,Material Loading,Site B,08:00,09:00,Upcoming,60,clear,intermediate,1720,,{}
SYN-T-1962,OP-002,M-5,HAUL_TRANSPORT,Haul Cycle,Site A,08:00,09:00,Completed,60,clear,intermediate,1757,,{}
SYN-T-1963,OP-003,M-1,EXCAVATION_LOAD,Excavation — Trench Digging,Site B,08:00,09:00,Completed,45,clear,intermediate,1794,,{}
SYN-T-1964,OP-004,M-3,EXCAVATION_LOAD,Material Loading,Site A,08:00,09:00,Completed,60,clear,intermediate,1831,,{}
SYN-T-1965,OP-005,M-5,HAUL_TRANSPORT,Haul Cycle,Site B,08:00,09:00,Upcoming,60,clear,intermediate,1868,,{}
SYN-T-1966,OP-006,M-1,EXCAVATION_LOAD,Excavation — Trench Digging,Site A,08:00,09:00,Completed,45,clear,intermediate,1905,,{}
SYN-T-1967,OP-007,M-3,EXCAVATION_LOAD,Material Loading,Site B,08:00,09:00,Completed,60,clear,intermediate,1942,,{}
SYN-T-1968,OP-008,M-5,HAUL_TRANSPORT,Haul Cycle,Site A,08:00,09:00,Completed,60,clear,intermediate,1979,,{}
SYN-T-1969,OP-009,M-1,EXCAVATION_LOAD,Excavation — Trench Digging,Site B,08:00,09:00,Upcoming,45,clear,intermediate,2016,,{}
SYN-T-1970,OP-010,M-3,EXCAVATION_LOAD,Material Loading,Site A,08:00,09:00,Completed,60,clear,intermediate,2053,,{}
SYN-T-1971,OP-011,M-5,HAUL_TRANSPORT,Haul Cycle,Site B,08:00,09:00,Completed,60,clear,intermediate,2090,,{}
SYN-T-1972,OP-012,M-1,EXCAVATION_LOAD,Excavation — Trench Digging,Site A,08:00,09:00,Completed,45,clear,intermediate,2127,,{}
SYN-T-1973,OP-013,M-3,EXCAVATION_LOAD,Material Loading,Site B,08:00,09:00,Upcoming,60,clear,intermediate,2164,,{}
SYN-T-1974,OP-014,M-5,HAUL_TRANSPORT,Haul Cycle,Site A,08:00,09:00,Completed,60,clear,intermediate,2201,,{}
SYN-T-1975,OP-015,M-1,EXCAVATION_LOAD,Excavation — Trench Digging,Site B,08:00,09:00,Completed,45,clear,intermediate,2238,,{}
SYN-T-1976,OP-016,M-3,EXCAVATION_LOAD,Material Loading,Site A,08:00,09:00,Completed,60,clear,intermediate,2275,,{}
SYN-T-1977,OP-017,M-5,HAUL_TRANSPORT,Haul Cycle,Site B,08:00,09:00,Upcoming,60,clear,intermediate,2312,,{}
SYN-T-1978,OP-018,M-1,EXCAVATION_LOAD,Excavation — Trench Digging,Site A,08:00,09:00,Completed,45,clear,intermediate,2349,,{}
SYN-T-1979,OP-019,M-3,EXCAVATION_LOAD,Material Loading,Site B,08:00,09:00,Completed,60,clear,intermediate,2386,,{}
SYN-T-1980,OP-020,M-5,HAUL_TRANSPORT,Haul Cycle,Site A,08:00,09:00,Completed,60,clear,intermediate,2423,,{}
SYN-T-1981,OP-001,M-1,EXCAVATION_LOAD,Excavation — Trench Digging,Site B,08:00,09:00,Upcoming,45,clear,intermediate,2460,,{}
SYN-T-1982,OP-002,M-3,EXCAVATION_LOAD,Material Loading,Site A,08:00,09:00,Completed,60,clear,intermediate,2497,,{}
SYN-T-1983,OP-003,M-5,HAUL_TRANSPORT,Haul Cycle,Site B,08:00,09:00,Completed,60,clear,intermediate,2534,,{}
SYN-T-1984,OP-004,M-1,EXCAVATION_LOAD,Excavation — Trench Digging,Site A,08:00,09:00,Completed,45,clear,intermediate,2571,,{}
SYN-T-1985,OP-005,M-3,EXCAVATION_LOAD,Material Loading,Site B,08:00,09:00,Upcoming,60,clear,intermediate,2608,,{}
SYN-T-1986,OP-006,M-5,HAUL_TRANSPORT,Haul Cycle,Site A,08:00,09:00,Completed,60,clear,intermediate,2645,,{}
SYN-T-1987,OP-007,M-1,EXCAVATION_LOAD,Excavation — Trench Digging,Site B,08:00,09:00,Completed,45,clear,intermediate,2682,,{}
SYN-T-1988,OP-008,M-3,EXCAVATION_LOAD,Material Loading,Site A,08:00,09:00,Completed,60,clear,intermediate,2719,,{}
SYN-T-1989,OP-009,M-5,HAUL_TRANSPORT,Haul Cycle,Site B,08:00,09:00,Upcoming,60,clear,intermediate,2756,,{}
SYN-T-1990,OP-010,M-1,EXCAVATION_LOAD,Excavation — Trench Digging,Site A,08:00,09:00,Completed,45,clear,intermediate,2793,,{}
SYN-T-1991,OP-011,M-3,EXCAVATION_LOAD,Material Loading,Site B,08:00,09:00,Completed,60,clear,intermediate,2830,,{}
SYN-T-1992,OP-012,M-5,HAUL_TRANSPORT,Haul Cycle,Site A,08:00,09:00,Completed,60,clear,intermediate,2867,,{}
SYN-T-1993,OP-013,M-1,EXCAVATION_LOAD,Excavation — Trench Digging,Site B,08:00,09:00,Upcoming,45,clear,intermediate,2904,,{}
SYN-T-1994,OP-014,M-3,EXCAVATION_LOAD,Material Loading,Site A,08:00,09:00,Completed,60,clear,intermediate,2941,,{}
SYN-T-1995,OP-015,M-5,HAUL_TRANSPORT,Haul Cycle,Site B,08:00,09:00,Completed,60,clear,intermediate,2978,,{}
SYN-T-1996,OP-016,M-1,EXCAVATION_LOAD,Excavation — Trench Digging,Site A,08:00,09:00,Completed,45,clear,intermediate,3015,,{}
SYN-T-1997,OP-017,M-3,EXCAVATION_LOAD,Material Loading,Site B,08:00,09:00,Upcoming,60,clear,intermediate,3052,,{}
SYN-T-1998,OP-018,M-5,HAUL_TRANSPORT,Haul Cycle,Site A,08:00,09:00,Completed,60,clear,intermediate,3089,,{}
SYN-T-1999,OP-019,M-1,EXCAVATION_LOAD,Excavation — Trench Digging,Site B,08:00,09:00,Completed,45,clear,intermediate,3126,,{}
SYN-T-2000,OP-020,M-3,EXCAVATION_LOAD,Material Loading,Site A,08:00,09:00,Completed,60,clear,intermediate,3163,,{}
SYN-T-2001,OP-001,M-5,HAUL_TRANSPORT,Haul Cycle,Site B,08:00,09:00,Upcoming,60,clear,intermediate,3200,,{}
SYN-T-2002,OP-002,M-1,EXCAVATION_LOAD,Excavation — Trench Digging,Site A,08:00,09:00,Completed,45,clear,intermediate,3237,,{}
SYN-T-2003,OP-003,M-3,EXCAVATION_LOAD,Material Loading,Site B,08:00,09:00,Completed,60,clear,intermediate,3274,,{}
SYN-T-2004,OP-004,M-5,HAUL_TRANSPORT,Haul Cycle,Site A,08:00,09:00,Completed,60,clear,intermediate,3311,,{}
SYN-T-2005,OP-005,M-1,EXCAVATION_LOAD,Excavation — Trench Digging,Site B,08:00,09:00,Upcoming,45,clear,intermediate,3348,,{}
SYN-T-2006,OP-006,M-3,EXCAVATION_LOAD,Material Loading,Site A,08:00,09:00,Completed,60,clear,intermediate,3385,,{}
SYN-T-2007,OP-007,M-5,HAUL_TRANSPORT,Haul Cycle,Site B,08:00,09:00,Completed,60,clear,intermediate,3422,,{}
SYN-T-2008,OP-008,M-1,EXCAVATION_LOAD,Excavation — Trench Digging,Site A,08:00,09:00,Completed,45,clear,intermediate,3459,,{}
SYN-T-2009,OP-009,M-3,EXCAVATION_LOAD,Material Loading,Site B,08:00,09:00,Upcoming,60,clear,intermediate,3496,,{}
SYN-T-2010,OP-010,M-5,HAUL_TRANSPORT,Haul Cycle,Site A,08:00,09:00,Completed,60,clear,intermediate,3533,,{}
SYN-T-2011,OP-011,M-1,EXCAVATION_LOAD,Excavation — Trench Digging,Site B,08:00,09:00,Completed,45,clear,intermediate,3570,,{}
SYN-T-2012,OP-012,M-3,EXCAVATION_LOAD,Material Loading,Site A,08:00,09:00,Completed,60,clear,intermediate,3607,,{}
SYN-T-2013,OP-013,M-5,HAUL_TRANSPORT,Haul Cycle,Site B,08:00,09:00,Upcoming,60,clear,intermediate,3644,,{}
SYN-T-2014,OP-014,M-1,EXCAVATION_LOAD,Excavation — Trench Digging,Site A,08:00,09:00,Completed,45,clear,intermediate,3681,,{}
SYN-T-2015,OP-015,M-3,EXCAVATION_LOAD,Material Loading,Site B,08:00,09:00,Completed,60,clear,intermediate,3718,,{}
SYN-T-2016,OP-016,M-5,HAUL_TRANSPORT,Haul Cycle,Site A,08:00,09:00,Completed,60,clear,intermediate,3755,,{}
SYN-T-2017,OP-017,M-1,EXCAVATION_LOAD,Excavation — Trench Digging,Site B,08:00,09:00,Upcoming,45,clear,intermediate,3792,,{}
SYN-T-2018,OP-018,M-3,EXCAVATION_LOAD,Material Loading,Site A,08:00,09:00,Completed,60,clear,intermediate,3829,,{}
SYN-T-2019,OP-019,M-5,HAUL_TRANSPORT,Haul Cycle,Site B,08:00,09:00,Completed,60,clear,intermediate,3866,,{}
SYN-T-2020,OP-020,M-1,EXCAVATION_LOAD,Excavation — Trench Digging,Site A,08:00,09:00,Completed,45,clear,intermediate,3903,,{}
SYN-T-2021,OP-001,M-3,EXCAVATION_LOAD,Material Loading,Site B,08:00,09:00,Upcoming,60,clear,intermediate,3940,,{}
SYN-T-2022,OP-002,M-5,HAUL_TRANSPORT,Haul Cycle,Site A,08:00,09:00,Completed,60,clear,intermediate,3977,,{}
SYN-T-2023,OP-003,M-1,EXCAVATION_LOAD,Excavation — Trench Digging,Site B,08:00,09:00,Completed,45,clear,intermediate,4014,,{}
SYN-T-2024,OP-004,M-3,EXCAVATION_LOAD,Material Loading,Site A,08:00,09:00,Completed,60,clear,intermediate,4051,,{}
SYN-T-2025,OP-005,M-5,HAUL_TRANSPORT,Haul Cycle,Site B,08:00,09:00,Upcoming,60,clear,intermediate,4088,,{}
SYN-T-2026,OP-006,M-1,EXCAVATION_LOAD,Excavation — Trench Digging,Site A,08:00,09:00,Completed,45,clear,intermediate,4125,,{}
SYN-T-2027,OP-007,M-3,EXCAVATION_LOAD,Material Loading,Site B,08:00,09:00,Completed,60,clear,intermediate,4162,,{}
SYN-T-2028,OP-008,M-5,HAUL_TRANSPORT,Haul Cycle,Site A,08:00,09:00,Completed,60,clear,intermediate,4199,,{}
SYN-T-2029,OP-009,M-1,EXCAVATION_LOAD,Excavation — Trench Digging,Site B,08:00,09:00,Upcoming,45,clear,intermediate,4236,,{}
SYN-T-2030,OP-010,M-3,EXCAVATION_LOAD,Material Loading,Site A,08:00,09:00,Completed,60,clear,intermediate,4273,,{}
SYN-T-2031,OP-011,M-5,HAUL_TRANSPORT,Haul Cycle,Site B,08:00,09:00,Completed,60,clear,intermediate,4310,,{}
SYN-T-2032,OP-012,M-1,EXCAVATION_LOAD,Excavation — Trench Digging,Site A,08:00,09:00,Completed,45,clear,intermediate,4347,,{}
SYN-T-2033,OP-013,M-3,EXCAVATION_LOAD,Material Loading,Site B,08:00,09:00,Upcoming,60,clear,intermediate,4384,,{}
SYN-T-2034,OP-014,M-5,HAUL_TRANSPORT,Haul Cycle,Site A,08:00,09:00,Completed,60,clear,intermediate,4421,,{}
SYN-T-2035,OP-015,M-1,EXCAVATION_LOAD,Excavation — Trench Digging,Site B,08:00,09:00,Completed,45,clear,intermediate,4458,,{}
SYN-T-2036,OP-016,M-3,EXCAVATION_LOAD,Material Loading,Site A,08:00,09:00,Completed,60,clear,intermediate,4495,,{}
SYN-T-2037,OP-017,M-5,HAUL_TRANSPORT,Haul Cycle,Site B,08:00,09:00,Upcoming,60,clear,intermediate,4532,,{}
SYN-T-2038,OP-018,M-1,EXCAVATION_LOAD,Excavation — Trench Digging,Site A,08:00,09:00,Completed,45,clear,intermediate,4569,,{}
SYN-T-2039,OP-019,M-3,EXCAVATION_LOAD,Material Loading,Site B,08:00,09:00,Completed,60,clear,intermediate,4606,,{}
SYN-T-2040,OP-020,M-5,HAUL_TRANSPORT,Haul Cycle,Site A,08:00,09:00,Completed,60,clear,intermediate,4643,,{}
SYN-T-2041,OP-001,M-1,EXCAVATION_LOAD,Excavation — Trench Digging,Site B,08:00,09:00,Upcoming,45,clear,intermediate,4680,,{}
SYN-T-2042,OP-002,M-3,EXCAVATION_LOAD,Material Loading,Site A,08:00,09:00,Completed,60,clear,intermediate,4717,,{}
SYN-T-2043,OP-003,M-5,HAUL_TRANSPORT,Haul Cycle,Site B,08:00,09:00,Completed,60,clear,intermediate,4754,,{}
SYN-T-2044,OP-004,M-1,EXCAVATION_LOAD,Excavation — Trench Digging,Site A,08:00,09:00,Completed,45,clear,intermediate,4791,,{}
SYN-T-2045,OP-005,M-3,EXCAVATION_LOAD,Material Loading,Site B,08:00,09:00,Upcoming,60,clear,intermediate,4828,,{}
SYN-T-2046,OP-006,M-5,HAUL_TRANSPORT,Haul Cycle,Site A,08:00,09:00,Completed,60,clear,intermediate,4865,,{}
SYN-T-2047,OP-007,M-1,EXCAVATION_LOAD,Excavation — Trench Digging,Site B,08:00,09:00,Completed,45,clear,intermediate,4902,,{}
SYN-T-2048,OP-008,M-3,EXCAVATION_LOAD,Material Loading,Site A,08:00,09:00,Completed,60,clear,intermediate,4939,,{}
SYN-T-2049,OP-009,M-5,HAUL_TRANSPORT,Haul Cycle,Site B,08:00,09:00,Upcoming,60,clear,intermediate,4976,,{}
SYN-T-2050,OP-010,M-1,EXCAVATION_LOAD,Excavation — Trench Digging,Site A,08:00,09:00,Completed,45,clear,intermediate,5013,,{}
SYN-T-2051,OP-011,M-3,EXCAVATION_LOAD,Material Loading,Site B,08:00,09:00,Completed,60,clear,intermediate,5050,,{}
SYN-T-2052,OP-012,M-5,HAUL_TRANSPORT,Haul Cycle,Site A,08:00,09:00,Completed,60,clear,intermediate,5087,,{}
SYN-T-2053,OP-013,M-1,EXCAVATION_LOAD,Excavation — Trench Digging,Site B,08:00,09:00,Upcoming,45,clear,intermediate,5124,,{}
SYN-T-2054,OP-014,M-3,EXCAVATION_LOAD,Material Loading,Site A,08:00,09:00,Completed,60,clear,intermediate,5161,,{}
SYN-T-2055,OP-015,M-5,HAUL_TRANSPORT,Haul Cycle,Site B,08:00,09:00,Completed,60,clear,intermediate,5198,,{}
SYN-T-2056,OP-016,M-1,EXCAVATION_LOAD,Excavation — Trench Digging,Site A,08:00,09:00,Completed,45,clear,intermediate,5235,,{}
SYN-T-2057,OP-017,M-3,EXCAVATION_LOAD,Material Loading,Site B,08:00,09:00,Upcoming,60,clear,intermediate,5272,,{}
SYN-T-2058,OP-018,M-5,HAUL_TRANSPORT,Haul Cycle,Site A,08:00,09:00,Completed,60,clear,intermediate,5309,,{}
SYN-T-2059,OP-019,M-1,EXCAVATION_LOAD,Excavation — Trench Digging,Site B,08:00,09:00,Completed,45,clear,intermediate,5346,,{}
SYN-T-2060,OP-020,M-3,EXCAVATION_LOAD,Material Loading,Site A,08:00,09:00,Completed,60,clear,intermediate,5383,,{}
SYN-T-2061,OP-001,M-5,HAUL_TRANSPORT,Haul Cycle,Site B,08:00,09:00,Upcoming,60,clear,intermediate,5420,,{}
SYN-T-2062,OP-002,M-1,EXCAVATION_LOAD,Excavation — Trench Digging,Site A,08:00,09:00,Completed,45,clear,intermediate,5457,,{}
SYN-T-2063,OP-003,M-3,EXCAVATION_LOAD,Material Loading,Site B,08:00,09:00,Completed,60,clear,intermediate,5494,,{}
SYN-T-2064,OP-004,M-5,HAUL_TRANSPORT,Haul Cycle,Site A,08:00,09:00,Completed,60,clear,intermediate,5531,,{}
SYN-T-2065,OP-005,M-1,EXCAVATION_LOAD,Excavation — Trench Digging,Site B,08:00,09:00,Upcoming,45,clear,intermediate,5568,,{}
SYN-T-2066,OP-006,M-3,EXCAVATION_LOAD,Material Loading,Site A,08:00,09:00,Completed,60,clear,intermediate,5605,,{}
SYN-T-2067,OP-007,M-5,HAUL_TRANSPORT,Haul Cycle,Site B,08:00,09:00,Completed,60,clear,intermediate,5642,,{}
SYN-T-2068,OP-008,M-1,EXCAVATION_LOAD,Excavation — Trench Digging,Site A,08:00,09:00,Completed,45,clear,intermediate,5679,,{}
SYN-T-2069,OP-009,M-3,EXCAVATION_LOAD,Material Loading,Site B,08:00,09:00,Upcoming,60,clear,intermediate,5716,,{}
SYN-T-2070,OP-010,M-5,HAUL_TRANSPORT,Haul Cycle,Site A,08:00,09:00,Completed,60,clear,intermediate,5753,,{}
SYN-T-2071,OP-011,M-1,EXCAVATION_LOAD,Excavation — Trench Digging,Site B,08:00,09:00,Completed,45,clear,intermediate,5790,,{}
SYN-T-2072,OP-012,M-3,EXCAVATION_LOAD,Material Loading,Site A,08:00,09:00,Completed,60,clear,intermediate,5827,,{}
SYN-T-2073,OP-013,M-5,HAUL_TRANSPORT,Haul Cycle,Site B,08:00,09:00,Upcoming,60,clear,intermediate,5864,,{}
SYN-T-2074,OP-014,M-1,EXCAVATION_LOAD,Excavation — Trench Digging,Site A,08:00,09:00,Completed,45,clear,intermediate,5901,,{}
SYN-T-2075,OP-015,M-3,EXCAVATION_LOAD,Material Loading,Site B,08:00,09:00,Completed,60,clear,intermediate,5938,,{}
SYN-T-2076,OP-016,M-5,HAUL_TRANSPORT,Haul Cycle,Site A,08:00,09:00,Completed,60,clear,intermediate,5975,,{}
SYN-T-2077,OP-017,M-1,EXCAVATION_LOAD,Excavation — Trench Digging,Site B,08:00,09:00,Upcoming,45,clear,intermediate,1212,,{}
SYN-T-2078,OP-018,M-3,EXCAVATION_LOAD,Material Loading,Site A,08:00,09:00,Completed,60,clear,intermediate,1249,,{}
SYN-T-2079,OP-019,M-5,HAUL_TRANSPORT,Haul Cycle,Site B,08:00,09:00,Completed,60,clear,intermediate,1286,,{}
SYN-T-2080,OP-020,M-1,EXCAVATION_LOAD,Excavation — Trench Digging,Site A,08:00,09:00,Completed,45,clear,intermediate,1323,,{}
SYN-T-2081,OP-001,M-3,EXCAVATION_LOAD,Material Loading,Site B,08:00,09:00,Upcoming,60,clear,intermediate,1360,,{}
SYN-T-2082,OP-002,M-5,HAUL_TRANSPORT,Haul Cycle,Site A,08:00,09:00,Completed,60,clear,intermediate,1397,,{}
SYN-T-2083,OP-003,M-1,EXCAVATION_LOAD,Excavation — Trench Digging,Site B,08:00,09:00,Completed,45,clear,intermediate,1434,,{}
SYN-T-2084,OP-004,M-3,EXCAVATION_LOAD,Material Loading,Site A,08:00,09:00,Completed,60,clear,intermediate,1471,,{}
SYN-T-2085,OP-005,M-5,HAUL_TRANSPORT,Haul Cycle,Site B,08:00,09:00,Upcoming,60,clear,intermediate,1508,,{}
SYN-T-2086,OP-006,M-1,EXCAVATION_LOAD,Excavation — Trench Digging,Site A,08:00,09:00,Completed,45,clear,intermediate,1545,,{}
SYN-T-2087,OP-007,M-3,EXCAVATION_LOAD,Material Loading,Site B,08:00,09:00,Completed,60,clear,intermediate,1582,,{}
SYN-T-2088,OP-008,M-5,HAUL_TRANSPORT,Haul Cycle,Site A,08:00,09:00,Completed,60,clear,intermediate,1619,,{}
SYN-T-2089,OP-009,M-1,EXCAVATION_LOAD,Excavation — Trench Digging,Site B,08:00,09:00,Upcoming,45,clear,intermediate,1656,,{}
SYN-T-2090,OP-010,M-3,EXCAVATION_LOAD,Material Loading,Site A,08:00,09:00,Completed,60,clear,intermediate,1693,,{}
SYN-T-2091,OP-011,M-5,HAUL_TRANSPORT,Haul Cycle,Site B,08:00,09:00,Completed,60,clear,intermediate,1730,,{}
SYN-T-2092,OP-012,M-1,EXCAVATION_LOAD,Excavation — Trench Digging,Site A,08:00,09:00,Completed,45,clear,intermediate,1767,,{}
SYN-T-2093,OP-013,M-3,EXCAVATION_LOAD,Material Loading,Site B,08:00,09:00,Upcoming,60,clear,intermediate,1804,,{}
SYN-T-2094,OP-014,M-5,HAUL_TRANSPORT,Haul Cycle,Site A,08:00,09:00,Completed,60,clear,intermediate,1841,,{}
SYN-T-2095,OP-015,M-1,EXCAVATION_LOAD,Excavation — Trench Digging,Site B,08:00,09:00,Completed,45,clear,intermediate,1878,,{}
SYN-T-2096,OP-016,M-3,EXCAVATION_LOAD,Material Loading,Site A,08:00,09:00,Completed,60,clear,intermediate,1915,,{}
SYN-T-2097,OP-017,M-5,HAUL_TRANSPORT,Haul Cycle,Site B,08:00,09:00,Upcoming,60,clear,intermediate,1952,,{}
SYN-T-2098,OP-018,M-1,EXCAVATION_LOAD,Excavation — Trench Digging,Site A,08:00,09:00,Completed,45,clear,intermediate,1989,,{}
SYN-T-2099,OP-019,M-3,EXCAVATION_LOAD,Material Loading,Site B,08:00,09:00,Completed,60,clear,intermediate,2026,,{}
SYN-T-2100,OP-020,M-5,HAUL_TRANSPORT,Haul Cycle,Site A,08:00,09:00,Completed,60,clear,intermediate,2063,,{}
SYN-T-2101,OP-001,M-1,EXCAVATION_LOAD,Excavation — Trench Digging,Site B,08:00,09:00,Upcoming,45,clear,intermediate,2100,,{}
SYN-T-2102,OP-002,M-3,EXCAVATION_LOAD,Material Loading,Site A,08:00,09:00,Completed,60,clear,intermediate,2137,,{}
SYN-T-2103,OP-003,M-5,HAUL_TRANSPORT,Haul Cycle,Site B,08:00,09:00,Completed,60,clear,intermediate,2174,,{}
SYN-T-2104,OP-004,M-1,EXCAVATION_LOAD,Excavation — Trench Digging,Site A,08:00,09:00,Completed,45,clear,intermediate,2211,,{}
SYN-T-2105,OP-005,M-3,EXCAVATION_LOAD,Material Loading,Site B,08:00,09:00,Upcoming,60,clear,intermediate,2248,,{}
SYN-T-2106,OP-006,M-5,HAUL_TRANSPORT,Haul Cycle,Site A,08:00,09:00,Completed,60,clear,intermediate,2285,,{}
SYN-T-2107,OP-007,M-1,EXCAVATION_LOAD,Excavation — Trench Digging,Site B,08:00,09:00,Completed,45,clear,intermediate,2322,,{}
SYN-T-2108,OP-008,M-3,EXCAVATION_LOAD,Material Loading,Site A,08:00,09:00,Completed,60,clear,intermediate,2359,,{}
SYN-T-2109,OP-009,M-5,HAUL_TRANSPORT,Haul Cycle,Site B,08:00,09:00,Upcoming,60,clear,intermediate,2396,,{}
SYN-T-2110,OP-010,M-1,EXCAVATION_LOAD,Excavation — Trench Digging,Site A,08:00,09:00,Completed,45,clear,intermediate,2433,,{}
SYN-T-2111,OP-011,M-3,EXCAVATION_LOAD,Material Loading,Site B,08:00,09:00,Completed,60,clear,intermediate,2470,,{}
SYN-T-2112,OP-012,M-5,HAUL_TRANSPORT,Haul Cycle,Site A,08:00,09:00,Completed,60,clear,intermediate,2507,,{}
SYN-T-2113,OP-013,M-1,EXCAVATION_LOAD,Excavation — Trench Digging,Site B,08:00,09:00,Upcoming,45,clear,intermediate,2544,,{}
SYN-T-2114,OP-014,M-3,EXCAVATION_LOAD,Material Loading,Site A,08:00,09:00,Completed,60,clear,intermediate,2581,,{}
SYN-T-2115,OP-015,M-5,HAUL_TRANSPORT,Haul Cycle,Site B,08:00,09:00,Completed,60,clear,intermediate,2618,,{}
SYN-T-2116,OP-016,M-1,EXCAVATION_LOAD,Excavation — Trench Digging,Site A,08:00,09:00,Completed,45,clear,intermediate,2655,,{}
SYN-T-2117,OP-017,M-3,EXCAVATION_LOAD,Material Loading,Site B,08:00,09:00,Upcoming,60,clear,intermediate,2692,,{}
SYN-T-2118,OP-018,M-5,HAUL_TRANSPORT,Haul Cycle,Site A,08:00,09:00,Completed,60,clear,intermediate,2729,,{}
SYN-T-2119,OP-019,M-1,EXCAVATION_LOAD,Excavation — Trench Digging,Site B,08:00,09:00,Completed,45,clear,intermediate,2766,,{}
SYN-T-2120,OP-020,M-3,EXCAVATION_LOAD,Material Loading,Site A,08:00,09:00,Completed,60,clear,intermediate,2803,,{}
SYN-T-2121,OP-001,M-5,HAUL_TRANSPORT,Haul Cycle,Site B,08:00,09:00,Upcoming,60,clear,intermediate,2840,,{}
SYN-T-2122,OP-002,M-1,EXCAVATION_LOAD,Excavation — Trench Digging,Site A,08:00,09:00,Completed,45,clear,intermediate,2877,,{}
SYN-T-2123,OP-003,M-3,EXCAVATION_LOAD,Material Loading,Site B,08:00,09:00,Completed,60,clear,intermediate,2914,,{}
SYN-T-2124,OP-004,M-5,HAUL_TRANSPORT,Haul Cycle,Site A,08:00,09:00,Completed,60,clear,intermediate,2951,,{}
SYN-T-2125,OP-005,M-1,EXCAVATION_LOAD,Excavation — Trench Digging,Site B,08:00,09:00,Upcoming,45,clear,intermediate,2988,,{}
SYN-T-2126,OP-006,M-3,EXCAVATION_LOAD,Material Loading,Site A,08:00,09:00,Completed,60,clear,intermediate,3025,,{}
SYN-T-2127,OP-007,M-5,HAUL_TRANSPORT,Haul Cycle,Site B,08:00,09:00,Completed,60,clear,intermediate,3062,,{}
SYN-T-2128,OP-008,M-1,EXCAVATION_LOAD,Excavation — Trench Digging,Site A,08:00,09:00,Completed,45,clear,intermediate,3099,,{}
SYN-T-2129,OP-009,M-3,EXCAVATION_LOAD,Material Loading,Site B,08:00,09:00,Upcoming,60,clear,intermediate,3136,,{}
SYN-T-2130,OP-010,M-5,HAUL_TRANSPORT,Haul Cycle,Site A,08:00,09:00,Completed,60,clear,intermediate,3173,,{}
SYN-T-2131,OP-011,M-1,EXCAVATION_LOAD,Excavation — Trench Digging,Site B,08:00,09:00,Completed,45,clear,intermediate,3210,,{}
SYN-T-2132,OP-012,M-3,EXCAVATION_LOAD,Material Loading,Site A,08:00,09:00,Completed,60,clear,intermediate,3247,,{}
SYN-T-2133,OP-013,M-5,HAUL_TRANSPORT,Haul Cycle,Site B,08:00,09:00,Upcoming,60,clear,intermediate,3284,,{}
SYN-T-2134,OP-014,M-1,EXCAVATION_LOAD,Excavation — Trench Digging,Site A,08:00,09:00,Completed,45,clear,intermediate,3321,,{}
SYN-T-2135,OP-015,M-3,EXCAVATION_LOAD,Material Loading,Site B,08:00,09:00,Completed,60,clear,intermediate,3358,,{}
SYN-T-2136,OP-016,M-5,HAUL_TRANSPORT,Haul Cycle,Site A,08:00,09:00,Completed,60,clear,intermediate,3395,,{}
SYN-T-2137,OP-017,M-1,EXCAVATION_LOAD,Excavation — Trench Digging,Site B,08:00,09:00,Upcoming,45,clear,intermediate,3432,,{}
SYN-T-2138,OP-018,M-3,EXCAVATION_LOAD,Material Loading,Site A,08:00,09:00,Completed,60,clear,intermediate,3469,,{}
SYN-T-2139,OP-019,M-5,HAUL_TRANSPORT,Haul Cycle,Site B,08:00,09:00,Completed,60,clear,intermediate,3506,,{}
SYN-T-2140,OP-020,M-1,EXCAVATION_LOAD,Excavation — Trench Digging,Site A,08:00,09:00,Completed,45,clear,intermediate,3543,,{}
SYN-T-2141,OP-001,M-3,EXCAVATION_LOAD,Material Loading,Site B,08:00,09:00,Upcoming,60,clear,intermediate,3580,,{}
SYN-T-2142,OP-002,M-5,HAUL_TRANSPORT,Haul Cycle,Site A,08:00,09:00,Completed,60,clear,intermediate,3617,,{}
SYN-T-2143,OP-003,M-1,EXCAVATION_LOAD,Excavation — Trench Digging,Site B,08:00,09:00,Completed,45,clear,intermediate,3654,,{}
SYN-T-2144,OP-004,M-3,EXCAVATION_LOAD,Material Loading,Site A,08:00,09:00,Completed,60,clear,intermediate,3691,,{}
SYN-T-2145,OP-005,M-5,HAUL_TRANSPORT,Haul Cycle,Site B,08:00,09:00,Upcoming,60,clear,intermediate,3728,,{}
SYN-T-2146,OP-006,M-1,EXCAVATION_LOAD,Excavation — Trench Digging,Site A,08:00,09:00,Completed,45,clear,intermediate,3765,,{}
SYN-T-2147,OP-007,M-3,EXCAVATION_LOAD,Material Loading,Site B,08:00,09:00,Completed,60,clear,intermediate,3802,,{}
SYN-T-2148,OP-008,M-5,HAUL_TRANSPORT,Haul Cycle,Site A,08:00,09:00,Completed,60,clear,intermediate,3839,,{}
SYN-T-2149,OP-009,M-1,EXCAVATION_LOAD,Excavation — Trench Digging,Site B,08:00,09:00,Upcoming,45,clear,intermediate,3876,,{}
SYN-T-2150,OP-010,M-3,EXCAVATION_LOAD,Material Loading,Site A,08:00,09:00,Completed,60,clear,intermediate,3913,,{}
SYN-T-2151,OP-011,M-5,HAUL_TRANSPORT,Haul Cycle,Site B,08:00,09:00,Completed,60,clear,intermediate,3950,,{}
SYN-T-2152,OP-012,M-1,EXCAVATION_LOAD,Excavation — Trench Digging,Site A,08:00,09:00,Completed,45,clear,intermediate,3987,,{}
SYN-T-2153,OP-013,M-3,EXCAVATION_LOAD,Material Loading,Site B,08:00,09:00,Upcoming,60,clear,intermediate,4024,,{}
SYN-T-2154,OP-014,M-5,HAUL_TRANSPORT,Haul Cycle,Site A,08:00,09:00,Completed,60,clear,intermediate,4061,,{}
SYN-T-2155,OP-015,M-1,EXCAVATION_LOAD,Excavation — Trench Digging,Site B,08:00,09:00,Completed,45,clear,intermediate,4098,,{}
SYN-T-2156,OP-016,M-3,EXCAVATION_LOAD,Material Loading,Site A,08:00,09:00,Completed,60,clear,intermediate,4135,,{}
SYN-T-2157,OP-017,M-5,HAUL_TRANSPORT,Haul Cycle,Site B,08:00,09:00,Upcoming,60,clear,intermediate,4172,,{}
SYN-T-2158,OP-018,M-1,EXCAVATION_LOAD,Excavation — Trench Digging,Site A,08:00,09:00,Completed,45,clear,intermediate,4209,,{}
SYN-T-2159,OP-019,M-3,EXCAVATION_LOAD,Material Loading,Site B,08:00,09:00,Completed,60,clear,intermediate,4246,,{}
SYN-T-2160,OP-020,M-5,HAUL_TRANSPORT,Haul Cycle,Site A,08:00,09:00,Completed,60,clear,intermediate,4283,,{}
SYN-T-2161,OP-001,M-1,EXCAVATION_LOAD,Excavation — Trench Digging,Site B,08:00,09:00,Upcoming,45,clear,intermediate,4320,,{}
SYN-T-2162,OP-002,M-3,EXCAVATION_LOAD,Material Loading,Site A,08:00,09:00,Completed,60,clear,intermediate,4357,,{}
SYN-T-2163,OP-003,M-5,HAUL_TRANSPORT,Haul Cycle,Site B,08:00,09:00,Completed,60,clear,intermediate,4394,,{}
SYN-T-2164,OP-004,M-1,EXCAVATION_LOAD,Excavation — Trench Digging,Site A,08:00,09:00,Completed,45,clear,intermediate,4431,,{}
SYN-T-2165,OP-005,M-3,EXCAVATION_LOAD,Material Loading,Site B,08:00,09:00,Upcoming,60,clear,intermediate,4468,,{}
SYN-T-2166,OP-006,M-5,HAUL_TRANSPORT,Haul Cycle,Site A,08:00,09:00,Completed,60,clear,intermediate,4505,,{}
SYN-T-2167,OP-007,M-1,EXCAVATION_LOAD,Excavation — Trench Digging,Site B,08:00,09:00,Completed,45,clear,intermediate,4542,,{}
SYN-T-2168,OP-008,M-3,EXCAVATION_LOAD,Material Loading,Site A,08:00,09:00,Completed,60,clear,intermediate,4579,,{}
SYN-T-2169,OP-009,M-5,HAUL_TRANSPORT,Haul Cycle,Site B,08:00,09:00,Upcoming,60,clear,intermediate,4616,,{}
SYN-T-2170,OP-010,M-1,EXCAVATION_LOAD,Excavation — Trench Digging,Site A,08:00,09:00,Completed,45,clear,intermediate,4653,,{}
SYN-T-2171,OP-011,M-3,EXCAVATION_LOAD,Material Loading,Site B,08:00,09:00,Completed,60,clear,intermediate,4690,,{}
SYN-T-2172,OP-012,M-5,HAUL_TRANSPORT,Haul Cycle,Site A,08:00,09:00,Completed,60,clear,intermediate,4727,,{}
SYN-T-2173,OP-013,M-1,EXCAVATION_LOAD,Excavation — Trench Digging,Site B,08:00,09:00,Upcoming,45,clear,intermediate,4764,,{}
SYN-T-2174,OP-014,M-3,EXCAVATION_LOAD,Material Loading,Site A,08:00,09:00,Completed,60,clear,intermediate,4801,,{}
SYN-T-2175,OP-015,M-5,HAUL_TRANSPORT,Haul Cycle,Site B,08:00,09:00,Completed,60,clear,intermediate,4838,,{}
SYN-T-2176,OP-016,M-1,EXCAVATION_LOAD,Excavation — Trench Digging,Site A,08:00,09:00,Completed,45,clear,intermediate,4875,,{}
SYN-T-2177,OP-017,M-3,EXCAVATION_LOAD,Material Loading,Site B,08:00,09:00,Upcoming,60,clear,intermediate,4912,,{}
SYN-T-2178,OP-018,M-5,HAUL_TRANSPORT,Haul Cycle,Site A,08:00,09:00,Completed,60,clear,intermediate,4949,,{}
SYN-T-2179,OP-019,M-1,EXCAVATION_LOAD,Excavation — Trench Digging,Site B,08:00,09:00,Completed,45,clear,intermediate,4986,,{}
SYN-T-2180,OP-020,M-3,EXCAVATION_LOAD,Material Loading,Site A,08:00,09:00,Completed,60,clear,intermediate,5023,,{}
SYN-T-2181,OP-001,M-5,HAUL_TRANSPORT,Haul Cycle,Site B,08:00,09:00,Upcoming,60,clear,intermediate,5060,,{}
SYN-T-2182,OP-002,M-1,EXCAVATION_LOAD,Excavation — Trench Digging,Site A,08:00,09:00,Completed,45,clear,intermediate,5097,,{}
SYN-T-2183,OP-003,M-3,EXCAVATION_LOAD,Material Loading,Site B,08:00,09:00,Completed,60,clear,intermediate,5134,,{}
SYN-T-2184,OP-004,M-5,HAUL_TRANSPORT,Haul Cycle,Site A,08:00,09:00,Completed,60,clear,intermediate,5171,,{}
SYN-T-2185,OP-005,M-1,EXCAVATION_LOAD,Excavation — Trench Digging,Site B,08:00,09:00,Upcoming,45,clear,intermediate,5208,,{}
SYN-T-2186,OP-006,M-3,EXCAVATION_LOAD,Material Loading,Site A,08:00,09:00,Completed,60,clear,intermediate,5245,,{}
SYN-T-2187,OP-007,M-5,HAUL_TRANSPORT,Haul Cycle,Site B,08:00,09:00,Completed,60,clear,intermediate,5282,,{}
SYN-T-2188,OP-008,M-1,EXCAVATION_LOAD,Excavation — Trench Digging,Site A,08:00,09:00,Completed,45,clear,intermediate,5319,,{}
SYN-T-2189,OP-009,M-3,EXCAVATION_LOAD,Material Loading,Site B,08:00,09:00,Upcoming,60,clear,intermediate,5356,,{}
SYN-T-2190,OP-010,M-5,HAUL_TRANSPORT,Haul Cycle,Site A,08:00,09:00,Completed,60,clear,intermediate,5393,,{}
SYN-T-2191,OP-011,M-1,EXCAVATION_LOAD,Excavation — Trench Digging,Site B,08:00,09:00,Completed,45,clear,intermediate,5430,,{}
SYN-T-2192,OP-012,M-3,EXCAVATION_LOAD,Material Loading,Site A,08:00,09:00,Completed,60,clear,intermediate,5467,,{}
SYN-T-2193,OP-013,M-5,HAUL_TRANSPORT,Haul Cycle,Site B,08:00,09:00,Upcoming,60,clear,intermediate,5504,,{}
SYN-T-2194,OP-014,M-1,EXCAVATION_LOAD,Excavation — Trench Digging,Site A,08:00,09:00,Completed,45,clear,intermediate,5541,,{}
SYN-T-2195,OP-015,M-3,EXCAVATION_LOAD,Material Loading,Site B,08:00,09:00,Completed,60,clear,intermediate,5578,,{}
SYN-T-2196,OP-016,M-5,HAUL_TRANSPORT,Haul Cycle,Site A,08:00,09:00,Completed,60,clear,intermediate,5615,,{}
SYN-T-2197,OP-017,M-1,EXCAVATION_LOAD,Excavation — Trench Digging,Site B,08:00,09:00,Upcoming,45,clear,intermediate,5652,,{}
SYN-T-2198,OP-018,M-3,EXCAVATION_LOAD,Material Loading,Site A,08:00,09:00,Completed,60,clear,intermediate,5689,,{}
SYN-T-2199,OP-019,M-5,HAUL_TRANSPORT,Haul Cycle,Site B,08:00,09:00,Completed,60,clear,intermediate,5726,,{}
SYN-T-2200,OP-020,M-1,EXCAVATION_LOAD,Excavation — Trench Digging,Site A,08:00,09:00,Completed,45,clear,intermediate,5763,,{}
SYN-T-2201,OP-001,M-3,EXCAVATION_LOAD,Material Loading,Site B,08:00,09:00,Upcoming,60,clear,intermediate,5800,,{}
SYN-T-2202,OP-002,M-5,HAUL_TRANSPORT,Haul Cycle,Site A,08:00,09:00,Completed,60,clear,intermediate,5837,,{}
SYN-T-2203,OP-003,M-1,EXCAVATION_LOAD,Excavation — Trench Digging,Site B,08:00,09:00,Completed,45,clear,intermediate,5874,,{}
SYN-T-2204,OP-004,M-3,EXCAVATION_LOAD,Material Loading,Site A,08:00,09:00,Completed,60,clear,intermediate,5911,,{}
SYN-T-2205,OP-005,M-5,HAUL_TRANSPORT,Haul Cycle,Site B,08:00,09:00,Upcoming,60,clear,intermediate,5948,,{}
SYN-T-2206,OP-006,M-1,EXCAVATION_LOAD,Excavation — Trench Digging,Site A,08:00,09:00,Completed,45,clear,intermediate,5985,,{}
SYN-T-2207,OP-007,M-3,EXCAVATION_LOAD,Material Loading,Site B,08:00,09:00,Completed,60,clear,intermediate,1222,,{}
SYN-T-2208,OP-008,M-5,HAUL_TRANSPORT,Haul Cycle,Site A,08:00,09:00,Completed,60,clear,intermediate,1259,,{}
SYN-T-2209,OP-009,M-1,EXCAVATION_LOAD,Excavation — Trench Digging,Site B,08:00,09:00,Upcoming,45,clear,intermediate,1296,,{}
SYN-T-2210,OP-010,M-3,EXCAVATION_LOAD,Material Loading,Site A,08:00,09:00,Completed,60,clear,intermediate,1333,,{}
SYN-T-2211,OP-011,M-5,HAUL_TRANSPORT,Haul Cycle,Site B,08:00,09:00,Completed,60,clear,intermediate,1370,,{}
SYN-T-2212,OP-012,M-1,EXCAVATION_LOAD,Excavation — Trench Digging,Site A,08:00,09:00,Completed,45,clear,intermediate,1407,,{}
SYN-T-2213,OP-013,M-3,EXCAVATION_LOAD,Material Loading,Site B,08:00,09:00,Upcoming,60,clear,intermediate,1444,,{}
SYN-T-2214,OP-014,M-5,HAUL_TRANSPORT,Haul Cycle,Site A,08:00,09:00,Completed,60,clear,intermediate,1481,,{}
SYN-T-2215,OP-015,M-1,EXCAVATION_LOAD,Excavation — Trench Digging,Site B,08:00,09:00,Completed,45,clear,intermediate,1518,,{}
SYN-T-2216,OP-016,M-3,EXCAVATION_LOAD,Material Loading,Site A,08:00,09:00,Completed,60,clear,intermediate,1555,,{}
SYN-T-2217,OP-017,M-5,HAUL_TRANSPORT,Haul Cycle,Site B,08:00,09:00,Upcoming,60,clear,intermediate,1592,,{}
SYN-T-2218,OP-018,M-1,EXCAVATION_LOAD,Excavation — Trench Digging,Site A,08:00,09:00,Completed,45,clear,intermediate,1629,,{}
SYN-T-2219,OP-019,M-3,EXCAVATION_LOAD,Material Loading,Site B,08:00,09:00,Completed,60,clear,intermediate,1666,,{}
SYN-T-2220,OP-020,M-5,HAUL_TRANSPORT,Haul Cycle,Site A,08:00,09:00,Completed,60,clear,intermediate,1703,,{}
SYN-T-2221,OP-001,M-1,EXCAVATION_LOAD,Excavation — Trench Digging,Site B,08:00,09:00,Upcoming,45,clear,intermediate,1740,,{}
SYN-T-2222,OP-002,M-3,EXCAVATION_LOAD,Material Loading,Site A,08:00,09:00,Completed,60,clear,intermediate,1777,,{}
SYN-T-2223,OP-003,M-5,HAUL_TRANSPORT,Haul Cycle,Site B,08:00,09:00,Completed,60,clear,intermediate,1814,,{}
SYN-T-2224,OP-004,M-1,EXCAVATION_LOAD,Excavation — Trench Digging,Site A,08:00,09:00,Completed,45,clear,intermediate,1851,,{}
SYN-T-2225,OP-005,M-3,EXCAVATION_LOAD,Material Loading,Site B,08:00,09:00,Upcoming,60,clear,intermediate,1888,,{}
SYN-T-2226,OP-006,M-5,HAUL_TRANSPORT,Haul Cycle,Site A,08:00,09:00,Completed,60,clear,intermediate,1925,,{}
SYN-T-2227,OP-007,M-1,EXCAVATION_LOAD,Excavation — Trench Digging,Site B,08:00,09:00,Completed,45,clear,intermediate,1962,,{}
SYN-T-2228,OP-008,M-3,EXCAVATION_LOAD,Material Loading,Site A,08:00,09:00,Completed,60,clear,intermediate,1999,,{}
SYN-T-2229,OP-009,M-5,HAUL_TRANSPORT,Haul Cycle,Site B,08:00,09:00,Upcoming,60,clear,intermediate,2036,,{}
SYN-T-2230,OP-010,M-1,EXCAVATION_LOAD,Excavation — Trench Digging,Site A,08:00,09:00,Completed,45,clear,intermediate,2073,,{}
SYN-T-2231,OP-011,M-3,EXCAVATION_LOAD,Material Loading,Site B,08:00,09:00,Completed,60,clear,intermediate,2110,,{}
SYN-T-2232,OP-012,M-5,HAUL_TRANSPORT,Haul Cycle,Site A,08:00,09:00,Completed,60,clear,intermediate,2147,,{}
SYN-T-2233,OP-013,M-1,EXCAVATION_LOAD,Excavation — Trench Digging,Site B,08:00,09:00,Upcoming,45,clear,intermediate,2184,,{}
SYN-T-2234,OP-014,M-3,EXCAVATION_LOAD,Material Loading,Site A,08:00,09:00,Completed,60,clear,intermediate,2221,,{}
SYN-T-2235,OP-015,M-5,HAUL_TRANSPORT,Haul Cycle,Site B,08:00,09:00,Completed,60,clear,intermediate,2258,,{}
SYN-T-2236,OP-016,M-1,EXCAVATION_LOAD,Excavation — Trench Digging,Site A,08:00,09:00,Completed,45,clear,intermediate,2295,,{}
SYN-T-2237,OP-017,M-3,EXCAVATION_LOAD,Material Loading,Site B,08:00,09:00,Upcoming,60,clear,intermediate,2332,,{}
SYN-T-2238,OP-018,M-5,HAUL_TRANSPORT,Haul Cycle,Site A,08:00,09:00,Completed,60,clear,intermediate,2369,,{}
SYN-T-2239,OP-019,M-1,EXCAVATION_LOAD,Excavation — Trench Digging,Site B,08:00,09:00,Completed,45,clear,intermediate,2406,,{}
SYN-T-2240,OP-020,M-3,EXCAVATION_LOAD,Material Loading,Site A,08:00,09:00,Completed,60,clear,intermediate,2443,,{}
SYN-T-2241,OP-001,M-5,HAUL_TRANSPORT,Haul Cycle,Site B,08:00,09:00,Upcoming,60,clear,intermediate,2480,,{}
SYN-T-2242,OP-002,M-1,EXCAVATION_LOAD,Excavation — Trench Digging,Site A,08:00,09:00,Completed,45,clear,intermediate,2517,,{}
SYN-T-2243,OP-003,M-3,EXCAVATION_LOAD,Material Loading,Site B,08:00,09:00,Completed,60,clear,intermediate,2554,,{}
SYN-T-2244,OP-004,M-5,HAUL_TRANSPORT,Haul Cycle,Site A,08:00,09:00,Completed,60,clear,intermediate,2591,,{}
SYN-T-2245,OP-005,M-1,EXCAVATION_LOAD,Excavation — Trench Digging,Site B,08:00,09:00,Upcoming,45,clear,intermediate,2628,,{}
SYN-T-2246,OP-006,M-3,EXCAVATION_LOAD,Material Loading,Site A,08:00,09:00,Completed,60,clear,intermediate,2665,,{}
SYN-T-2247,OP-007,M-5,HAUL_TRANSPORT,Haul Cycle,Site B,08:00,09:00,Completed,60,clear,intermediate,2702,,{}
SYN-T-2248,OP-008,M-1,EXCAVATION_LOAD,Excavation — Trench Digging,Site A,08:00,09:00,Completed,45,clear,intermediate,2739,,{}
SYN-T-2249,OP-009,M-3,EXCAVATION_LOAD,Material Loading,Site B,08:00,09:00,Upcoming,60,clear,intermediate,2776,,{}
SYN-T-2250,OP-010,M-5,HAUL_TRANSPORT,Haul Cycle,Site A,08:00,09:00,Completed,60,clear,intermediate,2813,,{}
SYN-T-2251,OP-011,M-1,EXCAVATION_LOAD,Excavation — Trench Digging,Site B,08:00,09:00,Completed,45,clear,intermediate,2850,,{}
SYN-T-2252,OP-012,M-3,EXCAVATION_LOAD,Material Loading,Site A,08:00,09:00,Completed,60,clear,intermediate,2887,,{}
SYN-T-2253,OP-013,M-5,HAUL_TRANSPORT,Haul Cycle,Site B,08:00,09:00,Upcoming,60,clear,intermediate,2924,,{}
SYN-T-2254,OP-014,M-1,EXCAVATION_LOAD,Excavation — Trench Digging,Site A,08:00,09:00,Completed,45,clear,intermediate,2961,,{}
SYN-T-2255,OP-015,M-3,EXCAVATION_LOAD,Material Loading,Site B,08:00,09:00,Completed,60,clear,intermediate,2998,,{}
SYN-T-2256,OP-016,M-5,HAUL_TRANSPORT,Haul Cycle,Site A,08:00,09:00,Completed,60,clear,intermediate,3035,,{}
SYN-T-2257,OP-017,M-1,EXCAVATION_LOAD,Excavation — Trench Digging,Site B,08:00,09:00,Upcoming,45,clear,intermediate,3072,,{}
SYN-T-2258,OP-018,M-3,EXCAVATION_LOAD,Material Loading,Site A,08:00,09:00,Completed,60,clear,intermediate,3109,,{}
SYN-T-2259,OP-019,M-5,HAUL_TRANSPORT,Haul Cycle,Site B,08:00,09:00,Completed,60,clear,intermediate,3146,,{}
SYN-T-2260,OP-020,M-1,EXCAVATION_LOAD,Excavation — Trench Digging,Site A,08:00,09:00,Completed,45,clear,intermediate,3183,,{}
SYN-T-2261,OP-001,M-3,EXCAVATION_LOAD,Material Loading,Site B,08:00,09:00,Upcoming,60,clear,intermediate,3220,,{}
SYN-T-2262,OP-002,M-5,HAUL_TRANSPORT,Haul Cycle,Site A,08:00,09:00,Completed,60,clear,intermediate,3257,,{}
SYN-T-2263,OP-003,M-1,EXCAVATION_LOAD,Excavation — Trench Digging,Site B,08:00,09:00,Completed,45,clear,intermediate,3294,,{}
SYN-T-2264,OP-004,M-3,EXCAVATION_LOAD,Material Loading,Site A,08:00,09:00,Completed,60,clear,intermediate,3331,,{}
SYN-T-2265,OP-005,M-5,HAUL_TRANSPORT,Haul Cycle,Site B,08:00,09:00,Upcoming,60,clear,intermediate,3368,,{}
SYN-T-2266,OP-006,M-1,EXCAVATION_LOAD,Excavation — Trench Digging,Site A,08:00,09:00,Completed,45,clear,intermediate,3405,,{}
SYN-T-2267,OP-007,M-3,EXCAVATION_LOAD,Material Loading,Site B,08:00,09:00,Completed,60,clear,intermediate,3442,,{}
SYN-T-2268,OP-008,M-5,HAUL_TRANSPORT,Haul Cycle,Site A,08:00,09:00,Completed,60,clear,intermediate,3479,,{}
SYN-T-2269,OP-009,M-1,EXCAVATION_LOAD,Excavation — Trench Digging,Site B,08:00,09:00,Upcoming,45,clear,intermediate,3516,,{}
SYN-T-2270,OP-010,M-3,EXCAVATION_LOAD,Material Loading,Site A,08:00,09:00,Completed,60,clear,intermediate,3553,,{}
SYN-T-2271,OP-011,M-5,HAUL_TRANSPORT,Haul Cycle,Site B,08:00,09:00,Completed,60,clear,intermediate,3590,,{}
SYN-T-2272,OP-012,M-1,EXCAVATION_LOAD,Excavation — Trench Digging,Site A,08:00,09:00,Completed,45,clear,intermediate,3627,,{}
SYN-T-2273,OP-013,M-3,EXCAVATION_LOAD,Material Loading,Site B,08:00,09:00,Upcoming,60,clear,intermediate,3664,,{}
SYN-T-2274,OP-014,M-5,HAUL_TRANSPORT,Haul Cycle,Site A,08:00,09:00,Completed,60,clear,intermediate,3701,,{}
SYN-T-2275,OP-015,M-1,EXCAVATION_LOAD,Excavation — Trench Digging,Site B,08:00,09:00,Completed,45,clear,intermediate,3738,,{}
SYN-T-2276,OP-016,M-3,EXCAVATION_LOAD,Material Loading,Site A,08:00,09:00,Completed,60,clear,intermediate,3775,,{}
SYN-T-2277,OP-017,M-5,HAUL_TRANSPORT,Haul Cycle,Site B,08:00,09:00,Upcoming,60,clear,intermediate,3812,,{}
SYN-T-2278,OP-018,M-1,EXCAVATION_LOAD,Excavation — Trench Digging,Site A,08:00,09:00,Completed,45,clear,intermediate,3849,,{}
SYN-T-2279,OP-019,M-3,EXCAVATION_LOAD,Material Loading,Site B,08:00,09:00,Completed,60,clear,intermediate,3886,,{}
SYN-T-2280,OP-020,M-5,HAUL_TRANSPORT,Haul Cycle,Site A,08:00,09:00,Completed,60,clear,intermediate,3923,,{}
SYN-T-2281,OP-001,M-1,EXCAVATION_LOAD,Excavation — Trench Digging,Site B,08:00,09:00,Upcoming,45,clear,intermediate,3960,,{}
SYN-T-2282,OP-002,M-3,EXCAVATION_LOAD,Material Loading,Site A,08:00,09:00,Completed,60,clear,intermediate,3997,,{}
SYN-T-2283,OP-003,M-5,HAUL_TRANSPORT,Haul Cycle,Site B,08:00,09:00,Completed,60,clear,intermediate,4034,,{}
SYN-T-2284,OP-004,M-1,EXCAVATION_LOAD,Excavation — Trench Digging,Site A,08:00,09:00,Completed,45,clear,intermediate,4071,,{}
SYN-T-2285,OP-005,M-3,EXCAVATION_LOAD,Material Loading,Site B,08:00,09:00,Upcoming,60,clear,intermediate,4108,,{}
SYN-T-2286,OP-006,M-5,HAUL_TRANSPORT,Haul Cycle,Site A,08:00,09:00,Completed,60,clear,intermediate,4145,,{}
SYN-T-2287,OP-007,M-1,EXCAVATION_LOAD,Excavation — Trench Digging,Site B,08:00,09:00,Completed,45,clear,intermediate,4182,,{}
SYN-T-2288,OP-008,M-3,EXCAVATION_LOAD,Material Loading,Site A,08:00,09:00,Completed,60,clear,intermediate,4219,,{}
SYN-T-2289,OP-009,M-5,HAUL_TRANSPORT,Haul Cycle,Site B,08:00,09:00,Upcoming,60,clear,intermediate,4256,,{}
SYN-T-2290,OP-010,M-1,EXCAVATION_LOAD,Excavation — Trench Digging,Site A,08:00,09:00,Completed,45,clear,intermediate,4293,,{}
SYN-T-2291,OP-011,M-3,EXCAVATION_LOAD,Material Loading,Site B,08:00,09:00,Completed,60,clear,intermediate,4330,,{}
SYN-T-2292,OP-012,M-5,HAUL_TRANSPORT,Haul Cycle,Site A,08:00,09:00,Completed,60,clear,intermediate,4367,,{}
SYN-T-2293,OP-013,M-1,EXCAVATION_LOAD,Excavation — Trench Digging,Site B,08:00,09:00,Upcoming,45,clear,intermediate,4404,,{}
SYN-T-2294,OP-014,M-3,EXCAVATION_LOAD,Material Loading,Site A,08:00,09:00,Completed,60,clear,intermediate,4441,,{}
SYN-T-2295,OP-015,M-5,HAUL_TRANSPORT,Haul Cycle,Site B,08:00,09:00,Completed,60,clear,intermediate,4478,,{}
SYN-T-2296,OP-016,M-1,EXCAVATION_LOAD,Excavation — Trench Digging,Site A,08:00,09:00,Completed,45,clear,intermediate,4515,,{}
SYN-T-2297,OP-017,M-3,EXCAVATION_LOAD,Material Loading,Site B,08:00,09:00,Upcoming,60,clear,intermediate,4552,,{}
SYN-T-2298,OP-018,M-5,HAUL_TRANSPORT,Haul Cycle,Site A,08:00,09:00,Completed,60,clear,intermediate,4589,,{}
SYN-T-2299,OP-019,M-1,EXCAVATION_LOAD,Excavation — Trench Digging,Site B,08:00,09:00,Completed,45,clear,intermediate,4626,,{}
SYN-T-2300,OP-020,M-3,EXCAVATION_LOAD,Material Loading,Site A,08:00,09:00,Completed,60,clear,intermediate,4663,,{}
SYN-T-2301,OP-001,M-5,HAUL_TRANSPORT,Haul Cycle,Site B,08:00,09:00,Upcoming,60,clear,intermediate,4700,,{}
SYN-T-2302,OP-002,M-1,EXCAVATION_LOAD,Excavation — Trench Digging,Site A,08:00,09:00,Completed,45,clear,intermediate,4737,,{}
SYN-T-2303,OP-003,M-3,EXCAVATION_LOAD,Material Loading,Site B,08:00,09:00,Completed,60,clear,intermediate,4774,,{}
SYN-T-2304,OP-004,M-5,HAUL_TRANSPORT,Haul Cycle,Site A,08:00,09:00,Completed,60,clear,intermediate,4811,,{}
SYN-T-2305,OP-005,M-1,EXCAVATION_LOAD,Excavation — Trench Digging,Site B,08:00,09:00,Upcoming,45,clear,intermediate,4848,,{}
SYN-T-2306,OP-006,M-3,EXCAVATION_LOAD,Material Loading,Site A,08:00,09:00,Completed,60,clear,intermediate,4885,,{}
SYN-T-2307,OP-007,M-5,HAUL_TRANSPORT,Haul Cycle,Site B,08:00,09:00,Completed,60,clear,intermediate,4922,,{}
SYN-T-2308,OP-008,M-1,EXCAVATION_LOAD,Excavation — Trench Digging,Site A,08:00,09:00,Completed,45,clear,intermediate,4959,,{}
SYN-T-2309,OP-009,M-3,EXCAVATION_LOAD,Material Loading,Site B,08:00,09:00,Upcoming,60,clear,intermediate,4996,,{}
SYN-T-2310,OP-010,M-5,HAUL_TRANSPORT,Haul Cycle,Site A,08:00,09:00,Completed,60,clear,intermediate,5033,,{}
SYN-T-2311,OP-011,M-1,EXCAVATION_LOAD,Excavation — Trench Digging,Site B,08:00,09:00,Completed,45,clear,intermediate,5070,,{}
SYN-T-2312,OP-012,M-3,EXCAVATION_LOAD,Material Loading,Site A,08:00,09:00,Completed,60,clear,intermediate,5107,,{}
SYN-T-2313,OP-013,M-5,HAUL_TRANSPORT,Haul Cycle,Site B,08:00,09:00,Upcoming,60,clear,intermediate,5144,,{}
SYN-T-2314,OP-014,M-1,EXCAVATION_LOAD,Excavation — Trench Digging,Site A,08:00,09:00,Completed,45,clear,intermediate,5181,,{}
SYN-T-2315,OP-015,M-3,EXCAVATION_LOAD,Material Loading,Site B,08:00,09:00,Completed,60,clear,intermediate,5218,,{}
SYN-T-2316,OP-016,M-5,HAUL_TRANSPORT,Haul Cycle,Site A,08:00,09:00,Completed,60,clear,intermediate,5255,,{}
SYN-T-2317,OP-017,M-1,EXCAVATION_LOAD,Excavation — Trench Digging,Site B,08:00,09:00,Upcoming,45,clear,intermediate,5292,,{}
SYN-T-2318,OP-018,M-3,EXCAVATION_LOAD,Material Loading,Site A,08:00,09:00,Completed,60,clear,intermediate,5329,,{}
SYN-T-2319,OP-019,M-5,HAUL_TRANSPORT,Haul Cycle,Site B,08:00,09:00,Completed,60,clear,intermediate,5366,,{}
SYN-T-2320,OP-020,M-1,EXCAVATION_LOAD,Excavation — Trench Digging,Site A,08:00,09:00,Completed,45,clear,intermediate,5403,,{}
SYN-T-2321,OP-001,M-3,EXCAVATION_LOAD,Material Loading,Site B,08:00,09:00,Upcoming,60,clear,intermediate,5440,,{}
SYN-T-2322,OP-002,M-5,HAUL_TRANSPORT,Haul Cycle,Site A,08:00,09:00,Completed,60,clear,intermediate,5477,,{}
SYN-T-2323,OP-003,M-1,EXCAVATION_LOAD,Excavation — Trench Digging,Site B,08:00,09:00,Completed,45,clear,intermediate,5514,,{}
SYN-T-2324,OP-004,M-3,EXCAVATION_LOAD,Material Loading,Site A,08:00,09:00,Completed,60,clear,intermediate,5551,,{}
SYN-T-2325,OP-005,M-5,HAUL_TRANSPORT,Haul Cycle,Site B,08:00,09:00,Upcoming,60,clear,intermediate,5588,,{}
SYN-T-2326,OP-006,M-1,EXCAVATION_LOAD,Excavation — Trench Digging,Site A,08:00,09:00,Completed,45,clear,intermediate,5625,,{}
SYN-T-2327,OP-007,M-3,EXCAVATION_LOAD,Material Loading,Site B,08:00,09:00,Completed,60,clear,intermediate,5662,,{}
SYN-T-2328,OP-008,M-5,HAUL_TRANSPORT,Haul Cycle,Site A,08:00,09:00,Completed,60,clear,intermediate,5699,,{}
SYN-T-2329,OP-009,M-1,EXCAVATION_LOAD,Excavation — Trench Digging,Site B,08:00,09:00,Upcoming,45,clear,intermediate,5736,,{}
SYN-T-2330,OP-010,M-3,EXCAVATION_LOAD,Material Loading,Site A,08:00,09:00,Completed,60,clear,intermediate,5773,,{}
SYN-T-2331,OP-011,M-5,HAUL_TRANSPORT,Haul Cycle,Site B,08:00,09:00,Completed,60,clear,intermediate,5810,,{}
SYN-T-2332,OP-012,M-1,EXCAVATION_LOAD,Excavation — Trench Digging,Site A,08:00,09:00,Completed,45,clear,intermediate,5847,,{}
SYN-T-2333,OP-013,M-3,EXCAVATION_LOAD,Material Loading,Site B,08:00,09:00,Upcoming,60,clear,intermediate,5884,,{}
SYN-T-2334,OP-014,M-5,HAUL_TRANSPORT,Haul Cycle,Site A,08:00,09:00,Completed,60,clear,intermediate,5921,,{}
SYN-T-2335,OP-015,M-1,EXCAVATION_LOAD,Excavation — Trench Digging,Site B,08:00,09:00,Completed,45,clear,intermediate,5958,,{}
SYN-T-2336,OP-016,M-3,EXCAVATION_LOAD,Material Loading,Site A,08:00,09:00,Completed,60,clear,intermediate,5995,,{}
SYN-T-2337,OP-017,M-5,HAUL_TRANSPORT,Haul Cycle,Site B,08:00,09:00,Upcoming,60,clear,intermediate,1232,,{}
SYN-T-2338,OP-018,M-1,EXCAVATION_LOAD,Excavation — Trench Digging,Site A,08:00,09:00,Completed,45,clear,intermediate,1269,,{}
SYN-T-2339,OP-019,M-3,EXCAVATION_LOAD,Material Loading,Site B,08:00,09:00,Completed,60,clear,intermediate,1306,,{}
SYN-T-2340,OP-020,M-5,HAUL_TRANSPORT,Haul Cycle,Site A,08:00,09:00,Completed,60,clear,intermediate,1343,,{}
SYN-T-2341,OP-001,M-1,EXCAVATION_LOAD,Excavation — Trench Digging,Site B,08:00,09:00,Upcoming,45,clear,intermediate,1380,,{}
SYN-T-2342,OP-002,M-3,EXCAVATION_LOAD,Material Loading,Site A,08:00,09:00,Completed,60,clear,intermediate,1417,,{}
SYN-T-2343,OP-003,M-5,HAUL_TRANSPORT,Haul Cycle,Site B,08:00,09:00,Completed,60,clear,intermediate,1454,,{}
SYN-T-2344,OP-004,M-1,EXCAVATION_LOAD,Excavation — Trench Digging,Site A,08:00,09:00,Completed,45,clear,intermediate,1491,,{}
SYN-T-2345,OP-005,M-3,EXCAVATION_LOAD,Material Loading,Site B,08:00,09:00,Upcoming,60,clear,intermediate,1528,,{}
SYN-T-2346,OP-006,M-5,HAUL_TRANSPORT,Haul Cycle,Site A,08:00,09:00,Completed,60,clear,intermediate,1565,,{}
SYN-T-2347,OP-007,M-1,EXCAVATION_LOAD,Excavation — Trench Digging,Site B,08:00,09:00,Completed,45,clear,intermediate,1602,,{}
SYN-T-2348,OP-008,M-3,EXCAVATION_LOAD,Material Loading,Site A,08:00,09:00,Completed,60,clear,intermediate,1639,,{}
SYN-T-2349,OP-009,M-5,HAUL_TRANSPORT,Haul Cycle,Site B,08:00,09:00,Upcoming,60,clear,intermediate,1676,,{}
SYN-T-2350,OP-010,M-1,EXCAVATION_LOAD,Excavation — Trench Digging,Site A,08:00,09:00,Completed,45,clear,intermediate,1713,,{}
SYN-T-2351,OP-011,M-3,EXCAVATION_LOAD,Material Loading,Site B,08:00,09:00,Completed,60,clear,intermediate,1750,,{}
SYN-T-2352,OP-012,M-5,HAUL_TRANSPORT,Haul Cycle,Site A,08:00,09:00,Completed,60,clear,intermediate,1787,,{}
SYN-T-2353,OP-013,M-1,EXCAVATION_LOAD,Excavation — Trench Digging,Site B,08:00,09:00,Upcoming,45,clear,intermediate,1824,,{}
SYN-T-2354,OP-014,M-3,EXCAVATION_LOAD,Material Loading,Site A,08:00,09:00,Completed,60,clear,intermediate,1861,,{}
SYN-T-2355,OP-015,M-5,HAUL_TRANSPORT,Haul Cycle,Site B,08:00,09:00,Completed,60,clear,intermediate,1898,,{}
SYN-T-2356,OP-016,M-1,EXCAVATION_LOAD,Excavation — Trench Digging,Site A,08:00,09:00,Completed,45,clear,intermediate,1935,,{}
SYN-T-2357,OP-017,M-3,EXCAVATION_LOAD,Material Loading,Site B,08:00,09:00,Upcoming,60,clear,intermediate,1972,,{}
SYN-T-2358,OP-018,M-5,HAUL_TRANSPORT,Haul Cycle,Site A,08:00,09:00,Completed,60,clear,intermediate,2009,,{}
SYN-T-2359,OP-019,M-1,EXCAVATION_LOAD,Excavation — Trench Digging,Site B,08:00,09:00,Completed,45,clear,intermediate,2046,,{}
SYN-T-2360,OP-020,M-3,EXCAVATION_LOAD,Material Loading,Site A,08:00,09:00,Completed,60,clear,intermediate,2083,,{}
SYN-T-2361,OP-001,M-5,HAUL_TRANSPORT,Haul Cycle,Site B,08:00,09:00,Upcoming,60,clear,intermediate,2120,,{}
SYN-T-2362,OP-002,M-1,EXCAVATION_LOAD,Excavation — Trench Digging,Site A,08:00,09:00,Completed,45,clear,intermediate,2157,,{}
SYN-T-2363,OP-003,M-3,EXCAVATION_LOAD,Material Loading,Site B,08:00,09:00,Completed,60,clear,intermediate,2194,,{}
SYN-T-2364,OP-004,M-5,HAUL_TRANSPORT,Haul Cycle,Site A,08:00,09:00,Completed,60,clear,intermediate,2231,,{}
SYN-T-2365,OP-005,M-1,EXCAVATION_LOAD,Excavation — Trench Digging,Site B,08:00,09:00,Upcoming,45,clear,intermediate,2268,,{}
SYN-T-2366,OP-006,M-3,EXCAVATION_LOAD,Material Loading,Site A,08:00,09:00,Completed,60,clear,intermediate,2305,,{}
SYN-T-2367,OP-007,M-5,HAUL_TRANSPORT,Haul Cycle,Site B,08:00,09:00,Completed,60,clear,intermediate,2342,,{}
SYN-T-2368,OP-008,M-1,EXCAVATION_LOAD,Excavation — Trench Digging,Site A,08:00,09:00,Completed,45,clear,intermediate,2379,,{}
SYN-T-2369,OP-009,M-3,EXCAVATION_LOAD,Material Loading,Site B,08:00,09:00,Upcoming,60,clear,intermediate,2416,,{}
SYN-T-2370,OP-010,M-5,HAUL_TRANSPORT,Haul Cycle,Site A,08:00,09:00,Completed,60,clear,intermediate,2453,,{}
SYN-T-2371,OP-011,M-1,EXCAVATION_LOAD,Excavation — Trench Digging,Site B,08:00,09:00,Completed,45,clear,intermediate,2490,,{}
SYN-T-2372,OP-012,M-3,EXCAVATION_LOAD,Material Loading,Site A,08:00,09:00,Completed,60,clear,intermediate,2527,,{}
SYN-T-2373,OP-013,M-5,HAUL_TRANSPORT,Haul Cycle,Site B,08:00,09:00,Upcoming,60,clear,intermediate,2564,,{}
SYN-T-2374,OP-014,M-1,EXCAVATION_LOAD,Excavation — Trench Digging,Site A,08:00,09:00,Completed,45,clear,intermediate,2601,,{}
SYN-T-2375,OP-015,M-3,EXCAVATION_LOAD,Material Loading,Site B,08:00,09:00,Completed,60,clear,intermediate,2638,,{}
SYN-T-2376,OP-016,M-5,HAUL_TRANSPORT,Haul Cycle,Site A,08:00,09:00,Completed,60,clear,intermediate,2675,,{}
SYN-T-2377,OP-017,M-1,EXCAVATION_LOAD,Excavation — Trench Digging,Site B,08:00,09:00,Upcoming,45,clear,intermediate,2712,,{}
SYN-T-2378,OP-018,M-3,EXCAVATION_LOAD,Material Loading,Site A,08:00,09:00,Completed,60,clear,intermediate,2749,,{}
SYN-T-2379,OP-019,M-5,HAUL_TRANSPORT,Haul Cycle,Site B,08:00,09:00,Completed,60,clear,intermediate,2786,,{}
SYN-T-2380,OP-020,M-1,EXCAVATION_LOAD,Excavation — Trench Digging,Site A,08:00,09:00,Completed,45,clear,intermediate,2823,,{}
SYN-T-2381,OP-001,M-3,EXCAVATION_LOAD,Material Loading,Site B,08:00,09:00,Upcoming,60,clear,intermediate,2860,,{}
SYN-T-2382,OP-002,M-5,HAUL_TRANSPORT,Haul Cycle,Site A,08:00,09:00,Completed,60,clear,intermediate,2897,,{}
SYN-T-2383,OP-003,M-1,EXCAVATION_LOAD,Excavation — Trench Digging,Site B,08:00,09:00,Completed,45,clear,intermediate,2934,,{}
SYN-T-2384,OP-004,M-3,EXCAVATION_LOAD,Material Loading,Site A,08:00,09:00,Completed,60,clear,intermediate,2971,,{}
SYN-T-2385,OP-005,M-5,HAUL_TRANSPORT,Haul Cycle,Site B,08:00,09:00,Upcoming,60,clear,intermediate,3008,,{}
SYN-T-2386,OP-006,M-1,EXCAVATION_LOAD,Excavation — Trench Digging,Site A,08:00,09:00,Completed,45,clear,intermediate,3045,,{}
SYN-T-2387,OP-007,M-3,EXCAVATION_LOAD,Material Loading,Site B,08:00,09:00,Completed,60,clear,intermediate,3082,,{}
SYN-T-2388,OP-008,M-5,HAUL_TRANSPORT,Haul Cycle,Site A,08:00,09:00,Completed,60,clear,intermediate,3119,,{}
SYN-T-2389,OP-009,M-1,EXCAVATION_LOAD,Excavation — Trench Digging,Site B,08:00,09:00,Upcoming,45,clear,intermediate,3156,,{}
SYN-T-2390,OP-010,M-3,EXCAVATION_LOAD,Material Loading,Site A,08:00,09:00,Completed,60,clear,intermediate,3193,,{}
SYN-T-2391,OP-011,M-5,HAUL_TRANSPORT,Haul Cycle,Site B,08:00,09:00,Completed,60,clear,intermediate,3230,,{}
SYN-T-2392,OP-012,M-1,EXCAVATION_LOAD,Excavation — Trench Digging,Site A,08:00,09:00,Completed,45,clear,intermediate,3267,,{}
SYN-T-2393,OP-013,M-3,EXCAVATION_LOAD,Material Loading,Site B,08:00,09:00,Upcoming,60,clear,intermediate,3304,,{}
SYN-T-2394,OP-014,M-5,HAUL_TRANSPORT,Haul Cycle,Site A,08:00,09:00,Completed,60,clear,intermediate,3341,,{}
SYN-T-2395,OP-015,M-1,EXCAVATION_LOAD,Excavation — Trench Digging,Site B,08:00,09:00,Completed,45,clear,intermediate,3378,,{}
SYN-T-2396,OP-016,M-3,EXCAVATION_LOAD,Material Loading,Site A,08:00,09:00,Completed,60,clear,intermediate,3415,,{}
SYN-T-2397,OP-017,M-5,HAUL_TRANSPORT,Haul Cycle,Site B,08:00,09:00,Upcoming,60,clear,intermediate,3452,,{}
SYN-T-2398,OP-018,M-1,EXCAVATION_LOAD,Excavation — Trench Digging,Site A,08:00,09:00,Completed,45,clear,intermediate,3489,,{}
SYN-T-2399,OP-019,M-3,EXCAVATION_LOAD,Material Loading,Site B,08:00,09:00,Completed,60,clear,intermediate,3526,,{}
SYN-T-2400,OP-020,M-5,HAUL_TRANSPORT,Haul Cycle,Site A,08:00,09:00,Completed,60,clear,intermediate,3563,,{}
SYN-T-2401,OP-001,M-1,EXCAVATION_LOAD,Excavation — Trench Digging,Site B,08:00,09:00,Upcoming,45,clear,intermediate,3600,,{}
SYN-T-2402,OP-002,M-3,EXCAVATION_LOAD,Material Loading,Site A,08:00,09:00,Completed,60,clear,intermediate,3637,,{}
SYN-T-2403,OP-003,M-5,HAUL_TRANSPORT,Haul Cycle,Site B,08:00,09:00,Completed,60,clear,intermediate,3674,,{}
SYN-T-2404,OP-004,M-1,EXCAVATION_LOAD,Excavation — Trench Digging,Site A,08:00,09:00,Completed,45,clear,intermediate,3711,,{}
SYN-T-2405,OP-005,M-3,EXCAVATION_LOAD,Material Loading,Site B,08:00,09:00,Upcoming,60,clear,intermediate,3748,,{}
SYN-T-2406,OP-006,M-5,HAUL_TRANSPORT,Haul Cycle,Site A,08:00,09:00,Completed,60,clear,intermediate,3785,,{}
SYN-T-2407,OP-007,M-1,EXCAVATION_LOAD,Excavation — Trench Digging,Site B,08:00,09:00,Completed,45,clear,intermediate,3822,,{}
SYN-T-2408,OP-008,M-3,EXCAVATION_LOAD,Material Loading,Site A,08:00,09:00,Completed,60,clear,intermediate,3859,,{}
SYN-T-2409,OP-009,M-5,HAUL_TRANSPORT,Haul Cycle,Site B,08:00,09:00,Upcoming,60,clear,intermediate,3896,,{}
SYN-T-2410,OP-010,M-1,EXCAVATION_LOAD,Excavation — Trench Digging,Site A,08:00,09:00,Completed,45,clear,intermediate,3933,,{}
SYN-T-2411,OP-011,M-3,EXCAVATION_LOAD,Material Loading,Site B,08:00,09:00,Completed,60,clear,intermediate,3970,,{}
SYN-T-2412,OP-012,M-5,HAUL_TRANSPORT,Haul Cycle,Site A,08:00,09:00,Completed,60,clear,intermediate,4007,,{}
SYN-T-2413,OP-013,M-1,EXCAVATION_LOAD,Excavation — Trench Digging,Site B,08:00,09:00,Upcoming,45,clear,intermediate,4044,,{}
SYN-T-2414,OP-014,M-3,EXCAVATION_LOAD,Material Loading,Site A,08:00,09:00,Completed,60,clear,intermediate,4081,,{}
SYN-T-2415,OP-015,M-5,HAUL_TRANSPORT,Haul Cycle,Site B,08:00,09:00,Completed,60,clear,intermediate,4118,,{}
SYN-T-2416,OP-016,M-1,EXCAVATION_LOAD,Excavation — Trench Digging,Site A,08:00,09:00,Completed,45,clear,intermediate,4155,,{}
SYN-T-2417,OP-017,M-3,EXCAVATION_LOAD,Material Loading,Site B,08:00,09:00,Upcoming,60,clear,intermediate,4192,,{}
SYN-T-2418,OP-018,M-5,HAUL_TRANSPORT,Haul Cycle,Site A,08:00,09:00,Completed,60,clear,intermediate,4229,,{}
SYN-T-2419,OP-019,M-1,EXCAVATION_LOAD,Excavation — Trench Digging,Site B,08:00,09:00,Completed,45,clear,intermediate,4266,,{}
SYN-T-2420,OP-020,M-3,EXCAVATION_LOAD,Material Loading,Site A,08:00,09:00,Completed,60,clear,intermediate,4303,,{}
SYN-T-2421,OP-001,M-5,HAUL_TRANSPORT,Haul Cycle,Site B,08:00,09:00,Upcoming,60,clear,intermediate,4340,,{}
SYN-T-2422,OP-002,M-1,EXCAVATION_LOAD,Excavation — Trench Digging,Site A,08:00,09:00,Completed,45,clear,intermediate,4377,,{}
SYN-T-2423,OP-003,M-3,EXCAVATION_LOAD,Material Loading,Site B,08:00,09:00,Completed,60,clear,intermediate,4414,,{}
SYN-T-2424,OP-004,M-5,HAUL_TRANSPORT,Haul Cycle,Site A,08:00,09:00,Completed,60,clear,intermediate,4451,,{}
SYN-T-2425,OP-005,M-1,EXCAVATION_LOAD,Excavation — Trench Digging,Site B,08:00,09:00,Upcoming,45,clear,intermediate,4488,,{}
SYN-T-2426,OP-006,M-3,EXCAVATION_LOAD,Material Loading,Site A,08:00,09:00,Completed,60,clear,intermediate,4525,,{}
SYN-T-2427,OP-007,M-5,HAUL_TRANSPORT,Haul Cycle,Site B,08:00,09:00,Completed,60,clear,intermediate,4562,,{}
SYN-T-2428,OP-008,M-1,EXCAVATION_LOAD,Excavation — Trench Digging,Site A,08:00,09:00,Completed,45,clear,intermediate,4599,,{}
SYN-T-2429,OP-009,M-3,EXCAVATION_LOAD,Material Loading,Site B,08:00,09:00,Upcoming,60,clear,intermediate,4636,,{}
SYN-T-2430,OP-010,M-5,HAUL_TRANSPORT,Haul Cycle,Site A,08:00,09:00,Completed,60,clear,intermediate,4673,,{}
SYN-T-2431,OP-011,M-1,EXCAVATION_LOAD,Excavation — Trench Digging,Site B,08:00,09:00,Completed,45,clear,intermediate,4710,,{}
SYN-T-2432,OP-012,M-3,EXCAVATION_LOAD,Material Loading,Site A,08:00,09:00,Completed,60,clear,intermediate,4747,,{}
SYN-T-2433,OP-013,M-5,HAUL_TRANSPORT,Haul Cycle,Site B,08:00,09:00,Upcoming,60,clear,intermediate,4784,,{}
SYN-T-2434,OP-014,M-1,EXCAVATION_LOAD,Excavation — Trench Digging,Site A,08:00,09:00,Completed,45,clear,intermediate,4821,,{}
SYN-T-2435,OP-015,M-3,EXCAVATION_LOAD,Material Loading,Site B,08:00,09:00,Completed,60,clear,intermediate,4858,,{}
SYN-T-2436,OP-016,M-5,HAUL_TRANSPORT,Haul Cycle,Site A,08:00,09:00,Completed,60,clear,intermediate,4895,,{}
SYN-T-2437,OP-017,M-1,EXCAVATION_LOAD,Excavation — Trench Digging,Site B,08:00,09:00,Upcoming,45,clear,intermediate,4932,,{}
SYN-T-2438,OP-018,M-3,EXCAVATION_LOAD,Material Loading,Site A,08:00,09:00,Completed,60,clear,intermediate,4969,,{}
SYN-T-2439,OP-019,M-5,HAUL_TRANSPORT,Haul Cycle,Site B,08:00,09:00,Completed,60,clear,intermediate,5006,,{}
SYN-T-2440,OP-020,M-1,EXCAVATION_LOAD,Excavation — Trench Digging,Site A,08:00,09:00,Completed,45,clear,intermediate,5043,,{}
SYN-T-2441,OP-001,M-3,EXCAVATION_LOAD,Material Loading,Site B,08:00,09:00,Upcoming,60,clear,intermediate,5080,,{}
SYN-T-2442,OP-002,M-5,HAUL_TRANSPORT,Haul Cycle,Site A,08:00,09:00,Completed,60,clear,intermediate,5117,,{}
SYN-T-2443,OP-003,M-1,EXCAVATION_LOAD,Excavation — Trench Digging,Site B,08:00,09:00,Completed,45,clear,intermediate,5154,,{}
SYN-T-2444,OP-004,M-3,EXCAVATION_LOAD,Material Loading,Site A,08:00,09:00,Completed,60,clear,intermediate,5191,,{}
SYN-T-2445,OP-005,M-5,HAUL_TRANSPORT,Haul Cycle,Site B,08:00,09:00,Upcoming,60,clear,intermediate,5228,,{}
SYN-T-2446,OP-006,M-1,EXCAVATION_LOAD,Excavation — Trench Digging,Site A,08:00,09:00,Completed,45,clear,intermediate,5265,,{}
SYN-T-2447,OP-007,M-3,EXCAVATION_LOAD,Material Loading,Site B,08:00,09:00,Completed,60,clear,intermediate,5302,,{}
SYN-T-2448,OP-008,M-5,HAUL_TRANSPORT,Haul Cycle,Site A,08:00,09:00,Completed,60,clear,intermediate,5339,,{}
SYN-T-2449,OP-009,M-1,EXCAVATION_LOAD,Excavation — Trench Digging,Site B,08:00,09:00,Upcoming,45,clear,intermediate,5376,,{}
SYN-T-2450,OP-010,M-3,EXCAVATION_LOAD,Material Loading,Site A,08:00,09:00,Completed,60,clear,intermediate,5413,,{}
SYN-T-2451,OP-011,M-5,HAUL_TRANSPORT,Haul Cycle,Site B,08:00,09:00,Completed,60,clear,intermediate,5450,,{}
SYN-T-2452,OP-012,M-1,EXCAVATION_LOAD,Excavation — Trench Digging,Site A,08:00,09:00,Completed,45,clear,intermediate,5487,,{}
SYN-T-2453,OP-013,M-3,EXCAVATION_LOAD,Material Loading,Site B,08:00,09:00,Upcoming,60,clear,intermediate,5524,,{}
SYN-T-2454,OP-014,M-5,HAUL_TRANSPORT,Haul Cycle,Site A,08:00,09:00,Completed,60,clear,intermediate,5561,,{}
SYN-T-2455,OP-015,M-1,EXCAVATION_LOAD,Excavation — Trench Digging,Site B,08:00,09:00,Completed,45,clear,intermediate,5598,,{}
SYN-T-2456,OP-016,M-3,EXCAVATION_LOAD,Material Loading,Site A,08:00,09:00,Completed,60,clear,intermediate,5635,,{}
SYN-T-2457,OP-017,M-5,HAUL_TRANSPORT,Haul Cycle,Site B,08:00,09:00,Upcoming,60,clear,intermediate,5672,,{}
SYN-T-2458,OP-018,M-1,EXCAVATION_LOAD,Excavation — Trench Digging,Site A,08:00,09:00,Completed,45,clear,intermediate,5709,,{}
SYN-T-2459,OP-019,M-3,EXCAVATION_LOAD,Material Loading,Site B,08:00,09:00,Completed,60,clear,intermediate,5746,,{}
SYN-T-2460,OP-020,M-5,HAUL_TRANSPORT,Haul Cycle,Site A,08:00,09:00,Completed,60,clear,intermediate,5783,,{}
SYN-T-2461,OP-001,M-1,EXCAVATION_LOAD,Excavation — Trench Digging,Site B,08:00,09:00,Upcoming,45,clear,intermediate,5820,,{}
SYN-T-2462,OP-002,M-3,EXCAVATION_LOAD,Material Loading,Site A,08:00,09:00,Completed,60,clear,intermediate,5857,,{}
SYN-T-2463,OP-003,M-5,HAUL_TRANSPORT,Haul Cycle,Site B,08:00,09:00,Completed,60,clear,intermediate,5894,,{}
SYN-T-2464,OP-004,M-1,EXCAVATION_LOAD,Excavation — Trench Digging,Site A,08:00,09:00,Completed,45,clear,intermediate,5931,,{}
SYN-T-2465,OP-005,M-3,EXCAVATION_LOAD,Material Loading,Site B,08:00,09:00,Upcoming,60,clear,intermediate,5968,,{}
SYN-T-2466,OP-006,M-5,HAUL_TRANSPORT,Haul Cycle,Site A,08:00,09:00,Completed,60,clear,intermediate,1205,,{}
SYN-T-2467,OP-007,M-1,EXCAVATION_LOAD,Excavation — Trench Digging,Site B,08:00,09:00,Completed,45,clear,intermediate,1242,,{}
SYN-T-2468,OP-008,M-3,EXCAVATION_LOAD,Material Loading,Site A,08:00,09:00,Completed,60,clear,intermediate,1279,,{}
SYN-T-2469,OP-009,M-5,HAUL_TRANSPORT,Haul Cycle,Site B,08:00,09:00,Upcoming,60,clear,intermediate,1316,,{}
SYN-T-2470,OP-010,M-1,EXCAVATION_LOAD,Excavation — Trench Digging,Site A,08:00,09:00,Completed,45,clear,intermediate,1353,,{}
SYN-T-2471,OP-011,M-3,EXCAVATION_LOAD,Material Loading,Site B,08:00,09:00,Completed,60,clear,intermediate,1390,,{}
SYN-T-2472,OP-012,M-5,HAUL_TRANSPORT,Haul Cycle,Site A,08:00,09:00,Completed,60,clear,intermediate,1427,,{}
SYN-T-2473,OP-013,M-1,EXCAVATION_LOAD,Excavation — Trench Digging,Site B,08:00,09:00,Upcoming,45,clear,intermediate,1464,,{}
SYN-T-2474,OP-014,M-3,EXCAVATION_LOAD,Material Loading,Site A,08:00,09:00,Completed,60,clear,intermediate,1501,,{}
SYN-T-2475,OP-015,M-5,HAUL_TRANSPORT,Haul Cycle,Site B,08:00,09:00,Completed,60,clear,intermediate,1538,,{}
SYN-T-2476,OP-016,M-1,EXCAVATION_LOAD,Excavation — Trench Digging,Site A,08:00,09:00,Completed,45,clear,intermediate,1575,,{}
SYN-T-2477,OP-017,M-3,EXCAVATION_LOAD,Material Loading,Site B,08:00,09:00,Upcoming,60,clear,intermediate,1612,,{}
SYN-T-2478,OP-018,M-5,HAUL_TRANSPORT,Haul Cycle,Site A,08:00,09:00,Completed,60,clear,intermediate,1649,,{}
SYN-T-2479,OP-019,M-1,EXCAVATION_LOAD,Excavation — Trench Digging,Site B,08:00,09:00,Completed,45,clear,intermediate,1686,,{}
SYN-T-2480,OP-020,M-3,EXCAVATION_LOAD,Material Loading,Site A,08:00,09:00,Completed,60,clear,intermediate,1723,,{}
SYN-T-2481,OP-001,M-5,HAUL_TRANSPORT,Haul Cycle,Site B,08:00,09:00,Upcoming,60,clear,intermediate,1760,,{}
SYN-T-2482,OP-002,M-1,EXCAVATION_LOAD,Excavation — Trench Digging,Site A,08:00,09:00,Completed,45,clear,intermediate,1797,,{}
SYN-T-2483,OP-003,M-3,EXCAVATION_LOAD,Material Loading,Site B,08:00,09:00,Completed,60,clear,intermediate,1834,,{}
SYN-T-2484,OP-004,M-5,HAUL_TRANSPORT,Haul Cycle,Site A,08:00,09:00,Completed,60,clear,intermediate,1871,,{}
SYN-T-2485,OP-005,M-1,EXCAVATION_LOAD,Excavation — Trench Digging,Site B,08:00,09:00,Upcoming,45,clear,intermediate,1908,,{}
SYN-T-2486,OP-006,M-3,EXCAVATION_LOAD,Material Loading,Site A,08:00,09:00,Completed,60,clear,intermediate,1945,,{}
SYN-T-2487,OP-007,M-5,HAUL_TRANSPORT,Haul Cycle,Site B,08:00,09:00,Completed,60,clear,intermediate,1982,,{}
SYN-T-2488,OP-008,M-1,EXCAVATION_LOAD,Excavation — Trench Digging,Site A,08:00,09:00,Completed,45,clear,intermediate,2019,,{}
SYN-T-2489,OP-009,M-3,EXCAVATION_LOAD,Material Loading,Site B,08:00,09:00,Upcoming,60,clear,intermediate,2056,,{}
SYN-T-2490,OP-010,M-5,HAUL_TRANSPORT,Haul Cycle,Site A,08:00,09:00,Completed,60,clear,intermediate,2093,,{}
SYN-T-2491,OP-011,M-1,EXCAVATION_LOAD,Excavation — Trench Digging,Site B,08:00,09:00,Completed,45,clear,intermediate,2130,,{}
SYN-T-2492,OP-012,M-3,EXCAVATION_LOAD,Material Loading,Site A,08:00,09:00,Completed,60,clear,intermediate,2167,,{}
SYN-T-2493,OP-013,M-5,HAUL_TRANSPORT,Haul Cycle,Site B,08:00,09:00,Upcoming,60,clear,intermediate,2204,,{}
SYN-T-2494,OP-014,M-1,EXCAVATION_LOAD,Excavation — Trench Digging,Site A,08:00,09:00,Completed,45,clear,intermediate,2241,,{}
SYN-T-2495,OP-015,M-3,EXCAVATION_LOAD,Material Loading,Site B,08:00,09:00,Completed,60,clear,intermediate,2278,,{}
SYN-T-2496,OP-016,M-5,HAUL_TRANSPORT,Haul Cycle,Site A,08:00,09:00,Completed,60,clear,intermediate,2315,,{}
SYN-T-2497,OP-017,M-1,EXCAVATION_LOAD,Excavation — Trench Digging,Site B,08:00,09:00,Upcoming,45,clear,intermediate,2352,,{}
SYN-T-2498,OP-018,M-3,EXCAVATION_LOAD,Material Loading,Site A,08:00,09:00,Completed,60,clear,intermediate,2389,,{}
SYN-T-2499,OP-019,M-5,HAUL_TRANSPORT,Haul Cycle,Site B,08:00,09:00,Completed,60,clear,intermediate,2426,,{}
SYN-T-2500,OP-020,M-1,EXCAVATION_LOAD,Excavation — Trench Digging,Site A,08:00,09:00,Completed,45,clear,intermediate,2463,,{}
SYN-T-2501,OP-001,M-3,EXCAVATION_LOAD,Material Loading,Site B,08:00,09:00,Upcoming,60,clear,intermediate,2500,,{}
SYN-T-2502,OP-002,M-5,HAUL_TRANSPORT,Haul Cycle,Site A,08:00,09:00,Completed,60,clear,intermediate,2537,,{}
SYN-T-2503,OP-003,M-1,EXCAVATION_LOAD,Excavation — Trench Digging,Site B,08:00,09:00,Completed,45,clear,intermediate,2574,,{}
SYN-T-2504,OP-004,M-3,EXCAVATION_LOAD,Material Loading,Site A,08:00,09:00,Completed,60,clear,intermediate,2611,,{}
SYN-T-2505,OP-005,M-5,HAUL_TRANSPORT,Haul Cycle,Site B,08:00,09:00,Upcoming,60,clear,intermediate,2648,,{}
SYN-T-2506,OP-006,M-1,EXCAVATION_LOAD,Excavation — Trench Digging,Site A,08:00,09:00,Completed,45,clear,intermediate,2685,,{}
SYN-T-2507,OP-007,M-3,EXCAVATION_LOAD,Material Loading,Site B,08:00,09:00,Completed,60,clear,intermediate,2722,,{}
SYN-T-2508,OP-008,M-5,HAUL_TRANSPORT,Haul Cycle,Site A,08:00,09:00,Completed,60,clear,intermediate,2759,,{}
SYN-T-2509,OP-009,M-1,EXCAVATION_LOAD,Excavation — Trench Digging,Site B,08:00,09:00,Upcoming,45,clear,intermediate,2796,,{}
SYN-T-2510,OP-010,M-3,EXCAVATION_LOAD,Material Loading,Site A,08:00,09:00,Completed,60,clear,intermediate,2833,,{}
SYN-T-2511,OP-011,M-5,HAUL_TRANSPORT,Haul Cycle,Site B,08:00,09:00,Completed,60,clear,intermediate,2870,,{}
SYN-T-2512,OP-012,M-1,EXCAVATION_LOAD,Excavation — Trench Digging,Site A,08:00,09:00,Completed,45,clear,intermediate,2907,,{}
SYN-T-2513,OP-013,M-3,EXCAVATION_LOAD,Material Loading,Site B,08:00,09:00,Upcoming,60,clear,intermediate,2944,,{}
SYN-T-2514,OP-014,M-5,HAUL_TRANSPORT,Haul Cycle,Site A,08:00,09:00,Completed,60,clear,intermediate,2981,,{}
SYN-T-2515,OP-015,M-1,EXCAVATION_LOAD,Excavation — Trench Digging,Site B,08:00,09:00,Completed,45,clear,intermediate,3018,,{}
SYN-T-2516,OP-016,M-3,EXCAVATION_LOAD,Material Loading,Site A,08:00,09:00,Completed,60,clear,intermediate,3055,,{}
SYN-T-2517,OP-017,M-5,HAUL_TRANSPORT,Haul Cycle,Site B,08:00,09:00,Upcoming,60,clear,intermediate,3092,,{}
SYN-T-2518,OP-018,M-1,EXCAVATION_LOAD,Excavation — Trench Digging,Site A,08:00,09:00,Completed,45,clear,intermediate,3129,,{}
SYN-T-2519,OP-019,M-3,EXCAVATION_LOAD,Material Loading,Site B,08:00,09:00,Completed,60,clear,intermediate,3166,,{}
SYN-T-2520,OP-020,M-5,HAUL_TRANSPORT,Haul Cycle,Site A,08:00,09:00,Completed,60,clear,intermediate,3203,,{}
SYN-T-2521,OP-001,M-1,EXCAVATION_LOAD,Excavation — Trench Digging,Site B,08:00,09:00,Upcoming,45,clear,intermediate,3240,,{}
SYN-T-2522,OP-002,M-3,EXCAVATION_LOAD,Material Loading,Site A,08:00,09:00,Completed,60,clear,intermediate,3277,,{}
SYN-T-2523,OP-003,M-5,HAUL_TRANSPORT,Haul Cycle,Site B,08:00,09:00,Completed,60,clear,intermediate,3314,,{}
SYN-T-2524,OP-004,M-1,EXCAVATION_LOAD,Excavation — Trench Digging,Site A,08:00,09:00,Completed,45,clear,intermediate,3351,,{}
SYN-T-2525,OP-005,M-3,EXCAVATION_LOAD,Material Loading,Site B,08:00,09:00,Upcoming,60,clear,intermediate,3388,,{}
SYN-T-2526,OP-006,M-5,HAUL_TRANSPORT,Haul Cycle,Site A,08:00,09:00,Completed,60,clear,intermediate,3425,,{}
SYN-T-2527,OP-007,M-1,EXCAVATION_LOAD,Excavation — Trench Digging,Site B,08:00,09:00,Completed,45,clear,intermediate,3462,,{}
SYN-T-2528,OP-008,M-3,EXCAVATION_LOAD,Material Loading,Site A,08:00,09:00,Completed,60,clear,intermediate,3499,,{}
SYN-T-2529,OP-009,M-5,HAUL_TRANSPORT,Haul Cycle,Site B,08:00,09:00,Upcoming,60,clear,intermediate,3536,,{}
SYN-T-2530,OP-010,M-1,EXCAVATION_LOAD,Excavation — Trench Digging,Site A,08:00,09:00,Completed,45,clear,intermediate,3573,,{}
SYN-T-2531,OP-011,M-3,EXCAVATION_LOAD,Material Loading,Site B,08:00,09:00,Completed,60,clear,intermediate,3610,,{}
SYN-T-2532,OP-012,M-5,HAUL_TRANSPORT,Haul Cycle,Site A,08:00,09:00,Completed,60,clear,intermediate,3647,,{}
SYN-T-2533,OP-013,M-1,EXCAVATION_LOAD,Excavation — Trench Digging,Site B,08:00,09:00,Upcoming,45,clear,intermediate,3684,,{}
SYN-T-2534,OP-014,M-3,EXCAVATION_LOAD,Material Loading,Site A,08:00,09:00,Completed,60,clear,intermediate,3721,,{}
SYN-T-2535,OP-015,M-5,HAUL_TRANSPORT,Haul Cycle,Site B,08:00,09:00,Completed,60,clear,intermediate,3758,,{}
SYN-T-2536,OP-016,M-1,EXCAVATION_LOAD,Excavation — Trench Digging,Site A,08:00,09:00,Completed,45,clear,intermediate,3795,,{}
SYN-T-2537,OP-017,M-3,EXCAVATION_LOAD,Material Loading,Site B,08:00,09:00,Upcoming,60,clear,intermediate,3832,,{}
SYN-T-2538,OP-018,M-5,HAUL_TRANSPORT,Haul Cycle,Site A,08:00,09:00,Completed,60,clear,intermediate,3869,,{}
SYN-T-2539,OP-019,M-1,EXCAVATION_LOAD,Excavation — Trench Digging,Site B,08:00,09:00,Completed,45,clear,intermediate,3906,,{}
SYN-T-2540,OP-020,M-3,EXCAVATION_LOAD,Material Loading,Site A,08:00,09:00,Completed,60,clear,intermediate,3943,,{}
SYN-T-2541,OP-001,M-5,HAUL_TRANSPORT,Haul Cycle,Site B,08:00,09:00,Upcoming,60,clear,intermediate,3980,,{}
SYN-T-2542,OP-002,M-1,EXCAVATION_LOAD,Excavation — Trench Digging,Site A,08:00,09:00,Completed,45,clear,intermediate,4017,,{}
SYN-T-2543,OP-003,M-3,EXCAVATION_LOAD,Material Loading,Site B,08:00,09:00,Completed,60,clear,intermediate,4054,,{}
SYN-T-2544,OP-004,M-5,HAUL_TRANSPORT,Haul Cycle,Site A,08:00,09:00,Completed,60,clear,intermediate,4091,,{}
SYN-T-2545,OP-005,M-1,EXCAVATION_LOAD,Excavation — Trench Digging,Site B,08:00,09:00,Upcoming,45,clear,intermediate,4128,,{}
SYN-T-2546,OP-006,M-3,EXCAVATION_LOAD,Material Loading,Site A,08:00,09:00,Completed,60,clear,intermediate,4165,,{}
SYN-T-2547,OP-007,M-5,HAUL_TRANSPORT,Haul Cycle,Site B,08:00,09:00,Completed,60,clear,intermediate,4202,,{}
SYN-T-2548,OP-008,M-1,EXCAVATION_LOAD,Excavation — Trench Digging,Site A,08:00,09:00,Completed,45,clear,intermediate,4239,,{}
SYN-T-2549,OP-009,M-3,EXCAVATION_LOAD,Material Loading,Site B,08:00,09:00,Upcoming,60,clear,intermediate,4276,,{}
SYN-T-2550,OP-010,M-5,HAUL_TRANSPORT,Haul Cycle,Site A,08:00,09:00,Completed,60,clear,intermediate,4313,,{}
SYN-T-2551,OP-011,M-1,EXCAVATION_LOAD,Excavation — Trench Digging,Site B,08:00,09:00,Completed,45,clear,intermediate,4350,,{}
SYN-T-2552,OP-012,M-3,EXCAVATION_LOAD,Material Loading,Site A,08:00,09:00,Completed,60,clear,intermediate,4387,,{}
SYN-T-2553,OP-013,M-5,HAUL_TRANSPORT,Haul Cycle,Site B,08:00,09:00,Upcoming,60,clear,intermediate,4424,,{}
SYN-T-2554,OP-014,M-1,EXCAVATION_LOAD,Excavation — Trench Digging,Site A,08:00,09:00,Completed,45,clear,intermediate,4461,,{}
SYN-T-2555,OP-015,M-3,EXCAVATION_LOAD,Material Loading,Site B,08:00,09:00,Completed,60,clear,intermediate,4498,,{}
SYN-T-2556,OP-016,M-5,HAUL_TRANSPORT,Haul Cycle,Site A,08:00,09:00,Completed,60,clear,intermediate,4535,,{}
SYN-T-2557,OP-017,M-1,EXCAVATION_LOAD,Excavation — Trench Digging,Site B,08:00,09:00,Upcoming,45,clear,intermediate,4572,,{}
SYN-T-2558,OP-018,M-3,EXCAVATION_LOAD,Material Loading,Site A,08:00,09:00,Completed,60,clear,intermediate,4609,,{}
SYN-T-2559,OP-019,M-5,HAUL_TRANSPORT,Haul Cycle,Site B,08:00,09:00,Completed,60,clear,intermediate,4646,,{}
SYN-T-2560,OP-020,M-1,EXCAVATION_LOAD,Excavation — Trench Digging,Site A,08:00,09:00,Completed,45,clear,intermediate,4683,,{}
SYN-T-2561,OP-001,M-3,EXCAVATION_LOAD,Material Loading,Site B,08:00,09:00,Upcoming,60,clear,intermediate,4720,,{}
SYN-T-2562,OP-002,M-5,HAUL_TRANSPORT,Haul Cycle,Site A,08:00,09:00,Completed,60,clear,intermediate,4757,,{}
SYN-T-2563,OP-003,M-1,EXCAVATION_LOAD,Excavation — Trench Digging,Site B,08:00,09:00,Completed,45,clear,intermediate,4794,,{}
SYN-T-2564,OP-004,M-3,EXCAVATION_LOAD,Material Loading,Site A,08:00,09:00,Completed,60,clear,intermediate,4831,,{}
SYN-T-2565,OP-005,M-5,HAUL_TRANSPORT,Haul Cycle,Site B,08:00,09:00,Upcoming,60,clear,intermediate,4868,,{}
SYN-T-2566,OP-006,M-1,EXCAVATION_LOAD,Excavation — Trench Digging,Site A,08:00,09:00,Completed,45,clear,intermediate,4905,,{}
SYN-T-2567,OP-007,M-3,EXCAVATION_LOAD,Material Loading,Site B,08:00,09:00,Completed,60,clear,intermediate,4942,,{}
SYN-T-2568,OP-008,M-5,HAUL_TRANSPORT,Haul Cycle,Site A,08:00,09:00,Completed,60,clear,intermediate,4979,,{}
SYN-T-2569,OP-009,M-1,EXCAVATION_LOAD,Excavation — Trench Digging,Site B,08:00,09:00,Upcoming,45,clear,intermediate,5016,,{}
SYN-T-2570,OP-010,M-3,EXCAVATION_LOAD,Material Loading,Site A,08:00,09:00,Completed,60,clear,intermediate,5053,,{}
SYN-T-2571,OP-011,M-5,HAUL_TRANSPORT,Haul Cycle,Site B,08:00,09:00,Completed,60,clear,intermediate,5090,,{}
SYN-T-2572,OP-012,M-1,EXCAVATION_LOAD,Excavation — Trench Digging,Site A,08:00,09:00,Completed,45,clear,intermediate,5127,,{}
SYN-T-2573,OP-013,M-3,EXCAVATION_LOAD,Material Loading,Site B,08:00,09:00,Upcoming,60,clear,intermediate,5164,,{}
SYN-T-2574,OP-014,M-5,HAUL_TRANSPORT,Haul Cycle,Site A,08:00,09:00,Completed,60,clear,intermediate,5201,,{}
SYN-T-2575,OP-015,M-1,EXCAVATION_LOAD,Excavation — Trench Digging,Site B,08:00,09:00,Completed,45,clear,intermediate,5238,,{}
SYN-T-2576,OP-016,M-3,EXCAVATION_LOAD,Material Loading,Site A,08:00,09:00,Completed,60,clear,intermediate,5275,,{}
SYN-T-2577,OP-017,M-5,HAUL_TRANSPORT,Haul Cycle,Site B,08:00,09:00,Upcoming,60,clear,intermediate,5312,,{}
SYN-T-2578,OP-018,M-1,EXCAVATION_LOAD,Excavation — Trench Digging,Site A,08:00,09:00,Completed,45,clear,intermediate,5349,,{}
SYN-T-2579,OP-019,M-3,EXCAVATION_LOAD,Material Loading,Site B,08:00,09:00,Completed,60,clear,intermediate,5386,,{}
SYN-T-2580,OP-020,M-5,HAUL_TRANSPORT,Haul Cycle,Site A,08:00,09:00,Completed,60,clear,intermediate,5423,,{}
SYN-T-2581,OP-001,M-1,EXCAVATION_LOAD,Excavation — Trench Digging,Site B,08:00,09:00,Upcoming,45,clear,intermediate,5460,,{}
SYN-T-2582,OP-002,M-3,EXCAVATION_LOAD,Material Loading,Site A,08:00,09:00,Completed,60,clear,intermediate,5497,,{}
SYN-T-2583,OP-003,M-5,HAUL_TRANSPORT,Haul Cycle,Site B,08:00,09:00,Completed,60,clear,intermediate,5534,,{}
SYN-T-2584,OP-004,M-1,EXCAVATION_LOAD,Excavation — Trench Digging,Site A,08:00,09:00,Completed,45,clear,intermediate,5571,,{}
SYN-T-2585,OP-005,M-3,EXCAVATION_LOAD,Material Loading,Site B,08:00,09:00,Upcoming,60,clear,intermediate,5608,,{}
SYN-T-2586,OP-006,M-5,HAUL_TRANSPORT,Haul Cycle,Site A,08:00,09:00,Completed,60,clear,intermediate,5645,,{}
SYN-T-2587,OP-007,M-1,EXCAVATION_LOAD,Excavation — Trench Digging,Site B,08:00,09:00,Completed,45,clear,intermediate,5682,,{}
SYN-T-2588,OP-008,M-3,EXCAVATION_LOAD,Material Loading,Site A,08:00,09:00,Completed,60,clear,intermediate,5719,,{}
SYN-T-2589,OP-009,M-5,HAUL_TRANSPORT,Haul Cycle,Site B,08:00,09:00,Upcoming,60,clear,intermediate,5756,,{}
SYN-T-2590,OP-010,M-1,EXCAVATION_LOAD,Excavation — Trench Digging,Site A,08:00,09:00,Completed,45,clear,intermediate,5793,,{}
SYN-T-2591,OP-011,M-3,EXCAVATION_LOAD,Material Loading,Site B,08:00,09:00,Completed,60,clear,intermediate,5830,,{}
SYN-T-2592,OP-012,M-5,HAUL_TRANSPORT,Haul Cycle,Site A,08:00,09:00,Completed,60,clear,intermediate,5867,,{}
SYN-T-2593,OP-013,M-1,EXCAVATION_LOAD,Excavation — Trench Digging,Site B,08:00,09:00,Upcoming,45,clear,intermediate,5904,,{}
SYN-T-2594,OP-014,M-3,EXCAVATION_LOAD,Material Loading,Site A,08:00,09:00,Completed,60,clear,intermediate,5941,,{}
SYN-T-2595,OP-015,M-5,HAUL_TRANSPORT,Haul Cycle,Site B,08:00,09:00,Completed,60,clear,intermediate,5978,,{}
SYN-T-2596,OP-016,M-1,EXCAVATION_LOAD,Excavation — Trench Digging,Site A,08:00,09:00,Completed,45,clear,intermediate,1215,,{}
SYN-T-2597,OP-017,M-3,EXCAVATION_LOAD,Material Loading,Site B,08:00,09:00,Upcoming,60,clear,intermediate,1252,,{}
SYN-T-2598,OP-018,M-5,HAUL_TRANSPORT,Haul Cycle,Site A,08:00,09:00,Completed,60,clear,intermediate,1289,,{}
SYN-T-2599,OP-019,M-1,EXCAVATION_LOAD,Excavation — Trench Digging,Site B,08:00,09:00,Completed,45,clear,intermediate,1326,,{}
SYN-T-2600,OP-020,M-3,EXCAVATION_LOAD,Material Loading,Site A,08:00,09:00,Completed,60,clear,intermediate,1363,,{}
SYN-T-2601,OP-001,M-5,HAUL_TRANSPORT,Haul Cycle,Site B,08:00,09:00,Upcoming,60,clear,intermediate,1400,,{}
SYN-T-2602,OP-002,M-1,EXCAVATION_LOAD,Excavation — Trench Digging,Site A,08:00,09:00,Completed,45,clear,intermediate,1437,,{}
SYN-T-2603,OP-003,M-3,EXCAVATION_LOAD,Material Loading,Site B,08:00,09:00,Completed,60,clear,intermediate,1474,,{}
SYN-T-2604,OP-004,M-5,HAUL_TRANSPORT,Haul Cycle,Site A,08:00,09:00,Completed,60,clear,intermediate,1511,,{}
SYN-T-2605,OP-005,M-1,EXCAVATION_LOAD,Excavation — Trench Digging,Site B,08:00,09:00,Upcoming,45,clear,intermediate,1548,,{}
SYN-T-2606,OP-006,M-3,EXCAVATION_LOAD,Material Loading,Site A,08:00,09:00,Completed,60,clear,intermediate,1585,,{}
SYN-T-2607,OP-007,M-5,HAUL_TRANSPORT,Haul Cycle,Site B,08:00,09:00,Completed,60,clear,intermediate,1622,,{}
SYN-T-2608,OP-008,M-1,EXCAVATION_LOAD,Excavation — Trench Digging,Site A,08:00,09:00,Completed,45,clear,intermediate,1659,,{}
SYN-T-2609,OP-009,M-3,EXCAVATION_LOAD,Material Loading,Site B,08:00,09:00,Upcoming,60,clear,intermediate,1696,,{}
SYN-T-2610,OP-010,M-5,HAUL_TRANSPORT,Haul Cycle,Site A,08:00,09:00,Completed,60,clear,intermediate,1733,,{}
SYN-T-2611,OP-011,M-1,EXCAVATION_LOAD,Excavation — Trench Digging,Site B,08:00,09:00,Completed,45,clear,intermediate,1770,,{}
SYN-T-2612,OP-012,M-3,EXCAVATION_LOAD,Material Loading,Site A,08:00,09:00,Completed,60,clear,intermediate,1807,,{}
SYN-T-2613,OP-013,M-5,HAUL_TRANSPORT,Haul Cycle,Site B,08:00,09:00,Upcoming,60,clear,intermediate,1844,,{}
SYN-T-2614,OP-014,M-1,EXCAVATION_LOAD,Excavation — Trench Digging,Site A,08:00,09:00,Completed,45,clear,intermediate,1881,,{}
SYN-T-2615,OP-015,M-3,EXCAVATION_LOAD,Material Loading,Site B,08:00,09:00,Completed,60,clear,intermediate,1918,,{}
SYN-T-2616,OP-016,M-5,HAUL_TRANSPORT,Haul Cycle,Site A,08:00,09:00,Completed,60,clear,intermediate,1955,,{}
SYN-T-2617,OP-017,M-1,EXCAVATION_LOAD,Excavation — Trench Digging,Site B,08:00,09:00,Upcoming,45,clear,intermediate,1992,,{}
SYN-T-2618,OP-018,M-3,EXCAVATION_LOAD,Material Loading,Site A,08:00,09:00,Completed,60,clear,intermediate,2029,,{}
SYN-T-2619,OP-019,M-5,HAUL_TRANSPORT,Haul Cycle,Site B,08:00,09:00,Completed,60,clear,intermediate,2066,,{}
SYN-T-2620,OP-020,M-1,EXCAVATION_LOAD,Excavation — Trench Digging,Site A,08:00,09:00,Completed,45,clear,intermediate,2103,,{}
SYN-T-2621,OP-001,M-3,EXCAVATION_LOAD,Material Loading,Site B,08:00,09:00,Upcoming,60,clear,intermediate,2140,,{}
SYN-T-2622,OP-002,M-5,HAUL_TRANSPORT,Haul Cycle,Site A,08:00,09:00,Completed,60,clear,intermediate,2177,,{}
SYN-T-2623,OP-003,M-1,EXCAVATION_LOAD,Excavation — Trench Digging,Site B,08:00,09:00,Completed,45,clear,intermediate,2214,,{}
SYN-T-2624,OP-004,M-3,EXCAVATION_LOAD,Material Loading,Site A,08:00,09:00,Completed,60,clear,intermediate,2251,,{}
SYN-T-2625,OP-005,M-5,HAUL_TRANSPORT,Haul Cycle,Site B,08:00,09:00,Upcoming,60,clear,intermediate,2288,,{}
SYN-T-2626,OP-006,M-1,EXCAVATION_LOAD,Excavation — Trench Digging,Site A,08:00,09:00,Completed,45,clear,intermediate,2325,,{}
SYN-T-2627,OP-007,M-3,EXCAVATION_LOAD,Material Loading,Site B,08:00,09:00,Completed,60,clear,intermediate,2362,,{}
SYN-T-2628,OP-008,M-5,HAUL_TRANSPORT,Haul Cycle,Site A,08:00,09:00,Completed,60,clear,intermediate,2399,,{}
SYN-T-2629,OP-009,M-1,EXCAVATION_LOAD,Excavation — Trench Digging,Site B,08:00,09:00,Upcoming,45,clear,intermediate,2436,,{}
SYN-T-2630,OP-010,M-3,EXCAVATION_LOAD,Material Loading,Site A,08:00,09:00,Completed,60,clear,intermediate,2473,,{}
SYN-T-2631,OP-011,M-5,HAUL_TRANSPORT,Haul Cycle,Site B,08:00,09:00,Completed,60,clear,intermediate,2510,,{}
SYN-T-2632,OP-012,M-1,EXCAVATION_LOAD,Excavation — Trench Digging,Site A,08:00,09:00,Completed,45,clear,intermediate,2547,,{}
SYN-T-2633,OP-013,M-3,EXCAVATION_LOAD,Material Loading,Site B,08:00,09:00,Upcoming,60,clear,intermediate,2584,,{}
SYN-T-2634,OP-014,M-5,HAUL_TRANSPORT,Haul Cycle,Site A,08:00,09:00,Completed,60,clear,intermediate,2621,,{}
SYN-T-2635,OP-015,M-1,EXCAVATION_LOAD,Excavation — Trench Digging,Site B,08:00,09:00,Completed,45,clear,intermediate,2658,,{}
SYN-T-2636,OP-016,M-3,EXCAVATION_LOAD,Material Loading,Site A,08:00,09:00,Completed,60,clear,intermediate,2695,,{}
SYN-T-2637,OP-017,M-5,HAUL_TRANSPORT,Haul Cycle,Site B,08:00,09:00,Upcoming,60,clear,intermediate,2732,,{}
SYN-T-2638,OP-018,M-1,EXCAVATION_LOAD,Excavation — Trench Digging,Site A,08:00,09:00,Completed,45,clear,intermediate,2769,,{}
SYN-T-2639,OP-019,M-3,EXCAVATION_LOAD,Material Loading,Site B,08:00,09:00,Completed,60,clear,intermediate,2806,,{}
SYN-T-2640,OP-020,M-5,HAUL_TRANSPORT,Haul Cycle,Site A,08:00,09:00,Completed,60,clear,intermediate,2843,,{}
SYN-T-2641,OP-001,M-1,EXCAVATION_LOAD,Excavation — Trench Digging,Site B,08:00,09:00,Upcoming,45,clear,intermediate,2880,,{}
SYN-T-2642,OP-002,M-3,EXCAVATION_LOAD,Material Loading,Site A,08:00,09:00,Completed,60,clear,intermediate,2917,,{}
SYN-T-2643,OP-003,M-5,HAUL_TRANSPORT,Haul Cycle,Site B,08:00,09:00,Completed,60,clear,intermediate,2954,,{}
SYN-T-2644,OP-004,M-1,EXCAVATION_LOAD,Excavation — Trench Digging,Site A,08:00,09:00,Completed,45,clear,intermediate,2991,,{}
SYN-T-2645,OP-005,M-3,EXCAVATION_LOAD,Material Loading,Site B,08:00,09:00,Upcoming,60,clear,intermediate,3028,,{}
SYN-T-2646,OP-006,M-5,HAUL_TRANSPORT,Haul Cycle,Site A,08:00,09:00,Completed,60,clear,intermediate,3065,,{}
SYN-T-2647,OP-007,M-1,EXCAVATION_LOAD,Excavation — Trench Digging,Site B,08:00,09:00,Completed,45,clear,intermediate,3102,,{}
SYN-T-2648,OP-008,M-3,EXCAVATION_LOAD,Material Loading,Site A,08:00,09:00,Completed,60,clear,intermediate,3139,,{}
SYN-T-2649,OP-009,M-5,HAUL_TRANSPORT,Haul Cycle,Site B,08:00,09:00,Upcoming,60,clear,intermediate,3176,,{}
SYN-T-2650,OP-010,M-1,EXCAVATION_LOAD,Excavation — Trench Digging,Site A,08:00,09:00,Completed,45,clear,intermediate,3213,,{}
SYN-T-2651,OP-011,M-3,EXCAVATION_LOAD,Material Loading,Site B,08:00,09:00,Completed,60,clear,intermediate,3250,,{}
SYN-T-2652,OP-012,M-5,HAUL_TRANSPORT,Haul Cycle,Site A,08:00,09:00,Completed,60,clear,intermediate,3287,,{}
SYN-T-2653,OP-013,M-1,EXCAVATION_LOAD,Excavation — Trench Digging,Site B,08:00,09:00,Upcoming,45,clear,intermediate,3324,,{}
SYN-T-2654,OP-014,M-3,EXCAVATION_LOAD,Material Loading,Site A,08:00,09:00,Completed,60,clear,intermediate,3361,,{}
SYN-T-2655,OP-015,M-5,HAUL_TRANSPORT,Haul Cycle,Site B,08:00,09:00,Completed,60,clear,intermediate,3398,,{}
SYN-T-2656,OP-016,M-1,EXCAVATION_LOAD,Excavation — Trench Digging,Site A,08:00,09:00,Completed,45,clear,intermediate,3435,,{}
SYN-T-2657,OP-017,M-3,EXCAVATION_LOAD,Material Loading,Site B,08:00,09:00,Upcoming,60,clear,intermediate,3472,,{}
SYN-T-2658,OP-018,M-5,HAUL_TRANSPORT,Haul Cycle,Site A,08:00,09:00,Completed,60,clear,intermediate,3509,,{}
SYN-T-2659,OP-019,M-1,EXCAVATION_LOAD,Excavation — Trench Digging,Site B,08:00,09:00,Completed,45,clear,intermediate,3546,,{}
SYN-T-2660,OP-020,M-3,EXCAVATION_LOAD,Material Loading,Site A,08:00,09:00,Completed,60,clear,intermediate,3583,,{}
SYN-T-2661,OP-001,M-5,HAUL_TRANSPORT,Haul Cycle,Site B,08:00,09:00,Upcoming,60,clear,intermediate,3620,,{}
SYN-T-2662,OP-002,M-1,EXCAVATION_LOAD,Excavation — Trench Digging,Site A,08:00,09:00,Completed,45,clear,intermediate,3657,,{}
SYN-T-2663,OP-003,M-3,EXCAVATION_LOAD,Material Loading,Site B,08:00,09:00,Completed,60,clear,intermediate,3694,,{}
SYN-T-2664,OP-004,M-5,HAUL_TRANSPORT,Haul Cycle,Site A,08:00,09:00,Completed,60,clear,intermediate,3731,,{}
SYN-T-2665,OP-005,M-1,EXCAVATION_LOAD,Excavation — Trench Digging,Site B,08:00,09:00,Upcoming,45,clear,intermediate,3768,,{}
SYN-T-2666,OP-006,M-3,EXCAVATION_LOAD,Material Loading,Site A,08:00,09:00,Completed,60,clear,intermediate,3805,,{}
SYN-T-2667,OP-007,M-5,HAUL_TRANSPORT,Haul Cycle,Site B,08:00,09:00,Completed,60,clear,intermediate,3842,,{}
SYN-T-2668,OP-008,M-1,EXCAVATION_LOAD,Excavation — Trench Digging,Site A,08:00,09:00,Completed,45,clear,intermediate,3879,,{}
SYN-T-2669,OP-009,M-3,EXCAVATION_LOAD,Material Loading,Site B,08:00,09:00,Upcoming,60,clear,intermediate,3916,,{}
SYN-T-2670,OP-010,M-5,HAUL_TRANSPORT,Haul Cycle,Site A,08:00,09:00,Completed,60,clear,intermediate,3953,,{}
SYN-T-2671,OP-011,M-1,EXCAVATION_LOAD,Excavation — Trench Digging,Site B,08:00,09:00,Completed,45,clear,intermediate,3990,,{}
SYN-T-2672,OP-012,M-3,EXCAVATION_LOAD,Material Loading,Site A,08:00,09:00,Completed,60,clear,intermediate,4027,,{}
SYN-T-2673,OP-013,M-5,HAUL_TRANSPORT,Haul Cycle,Site B,08:00,09:00,Upcoming,60,clear,intermediate,4064,,{}
SYN-T-2674,OP-014,M-1,EXCAVATION_LOAD,Excavation — Trench Digging,Site A,08:00,09:00,Completed,45,clear,intermediate,4101,,{}
SYN-T-2675,OP-015,M-3,EXCAVATION_LOAD,Material Loading,Site B,08:00,09:00,Completed,60,clear,intermediate,4138,,{}
SYN-T-2676,OP-016,M-5,HAUL_TRANSPORT,Haul Cycle,Site A,08:00,09:00,Completed,60,clear,intermediate,4175,,{}
SYN-T-2677,OP-017,M-1,EXCAVATION_LOAD,Excavation — Trench Digging,Site B,08:00,09:00,Upcoming,45,clear,intermediate,4212,,{}
SYN-T-2678,OP-018,M-3,EXCAVATION_LOAD,Material Loading,Site A,08:00,09:00,Completed,60,clear,intermediate,4249,,{}
SYN-T-2679,OP-019,M-5,HAUL_TRANSPORT,Haul Cycle,Site B,08:00,09:00,Completed,60,clear,intermediate,4286,,{}
SYN-T-2680,OP-020,M-1,EXCAVATION_LOAD,Excavation — Trench Digging,Site A,08:00,09:00,Completed,45,clear,intermediate,4323,,{}
SYN-T-2681,OP-001,M-3,EXCAVATION_LOAD,Material Loading,Site B,08:00,09:00,Upcoming,60,clear,intermediate,4360,,{}
SYN-T-2682,OP-002,M-5,HAUL_TRANSPORT,Haul Cycle,Site A,08:00,09:00,Completed,60,clear,intermediate,4397,,{}
SYN-T-2683,OP-003,M-1,EXCAVATION_LOAD,Excavation — Trench Digging,Site B,08:00,09:00,Completed,45,clear,intermediate,4434,,{}
SYN-T-2684,OP-004,M-3,EXCAVATION_LOAD,Material Loading,Site A,08:00,09:00,Completed,60,clear,intermediate,4471,,{}
SYN-T-2685,OP-005,M-5,HAUL_TRANSPORT,Haul Cycle,Site B,08:00,09:00,Upcoming,60,clear,intermediate,4508,,{}
SYN-T-2686,OP-006,M-1,EXCAVATION_LOAD,Excavation — Trench Digging,Site A,08:00,09:00,Completed,45,clear,intermediate,4545,,{}
SYN-T-2687,OP-007,M-3,EXCAVATION_LOAD,Material Loading,Site B,08:00,09:00,Completed,60,clear,intermediate,4582,,{}
SYN-T-2688,OP-008,M-5,HAUL_TRANSPORT,Haul Cycle,Site A,08:00,09:00,Completed,60,clear,intermediate,4619,,{}
SYN-T-2689,OP-009,M-1,EXCAVATION_LOAD,Excavation — Trench Digging,Site B,08:00,09:00,Upcoming,45,clear,intermediate,4656,,{}
SYN-T-2690,OP-010,M-3,EXCAVATION_LOAD,Material Loading,Site A,08:00,09:00,Completed,60,clear,intermediate,4693,,{}
SYN-T-2691,OP-011,M-5,HAUL_TRANSPORT,Haul Cycle,Site B,08:00,09:00,Completed,60,clear,intermediate,4730,,{}
SYN-T-2692,OP-012,M-1,EXCAVATION_LOAD,Excavation — Trench Digging,Site A,08:00,09:00,Completed,45,clear,intermediate,4767,,{}
SYN-T-2693,OP-013,M-3,EXCAVATION_LOAD,Material Loading,Site B,08:00,09:00,Upcoming,60,clear,intermediate,4804,,{}
SYN-T-2694,OP-014,M-5,HAUL_TRANSPORT,Haul Cycle,Site A,08:00,09:00,Completed,60,clear,intermediate,4841,,{}
SYN-T-2695,OP-015,M-1,EXCAVATION_LOAD,Excavation — Trench Digging,Site B,08:00,09:00,Completed,45,clear,intermediate,4878,,{}
SYN-T-2696,OP-016,M-3,EXCAVATION_LOAD,Material Loading,Site A,08:00,09:00,Completed,60,clear,intermediate,4915,,{}
SYN-T-2697,OP-017,M-5,HAUL_TRANSPORT,Haul Cycle,Site B,08:00,09:00,Upcoming,60,clear,intermediate,4952,,{}
SYN-T-2698,OP-018,M-1,EXCAVATION_LOAD,Excavation — Trench Digging,Site A,08:00,09:00,Completed,45,clear,intermediate,4989,,{}
SYN-T-2699,OP-019,M-3,EXCAVATION_LOAD,Material Loading,Site B,08:00,09:00,Completed,60,clear,intermediate,5026,,{}
SYN-T-2700,OP-020,M-5,HAUL_TRANSPORT,Haul Cycle,Site A,08:00,09:00,Completed,60,clear,intermediate,5063,,{}
SYN-T-2701,OP-001,M-1,EXCAVATION_LOAD,Excavation — Trench Digging,Site B,08:00,09:00,Upcoming,45,clear,intermediate,5100,,{}
SYN-T-2702,OP-002,M-3,EXCAVATION_LOAD,Material Loading,Site A,08:00,09:00,Completed,60,clear,intermediate,5137,,{}
SYN-T-2703,OP-003,M-5,HAUL_TRANSPORT,Haul Cycle,Site B,08:00,09:00,Completed,60,clear,intermediate,5174,,{}
SYN-T-2704,OP-004,M-1,EXCAVATION_LOAD,Excavation — Trench Digging,Site A,08:00,09:00,Completed,45,clear,intermediate,5211,,{}
SYN-T-2705,OP-005,M-3,EXCAVATION_LOAD,Material Loading,Site B,08:00,09:00,Upcoming,60,clear,intermediate,5248,,{}
SYN-T-2706,OP-006,M-5,HAUL_TRANSPORT,Haul Cycle,Site A,08:00,09:00,Completed,60,clear,intermediate,5285,,{}
SYN-T-2707,OP-007,M-1,EXCAVATION_LOAD,Excavation — Trench Digging,Site B,08:00,09:00,Completed,45,clear,intermediate,5322,,{}
SYN-T-2708,OP-008,M-3,EXCAVATION_LOAD,Material Loading,Site A,08:00,09:00,Completed,60,clear,intermediate,5359,,{}
SYN-T-2709,OP-009,M-5,HAUL_TRANSPORT,Haul Cycle,Site B,08:00,09:00,Upcoming,60,clear,intermediate,5396,,{}
SYN-T-2710,OP-010,M-1,EXCAVATION_LOAD,Excavation — Trench Digging,Site A,08:00,09:00,Completed,45,clear,intermediate,5433,,{}
SYN-T-2711,OP-011,M-3,EXCAVATION_LOAD,Material Loading,Site B,08:00,09:00,Completed,60,clear,intermediate,5470,,{}
SYN-T-2712,OP-012,M-5,HAUL_TRANSPORT,Haul Cycle,Site A,08:00,09:00,Completed,60,clear,intermediate,5507,,{}
SYN-T-2713,OP-013,M-1,EXCAVATION_LOAD,Excavation — Trench Digging,Site B,08:00,09:00,Upcoming,45,clear,intermediate,5544,,{}
SYN-T-2714,OP-014,M-3,EXCAVATION_LOAD,Material Loading,Site A,08:00,09:00,Completed,60,clear,intermediate,5581,,{}
SYN-T-2715,OP-015,M-5,HAUL_TRANSPORT,Haul Cycle,Site B,08:00,09:00,Completed,60,clear,intermediate,5618,,{}
SYN-T-2716,OP-016,M-1,EXCAVATION_LOAD,Excavation — Trench Digging,Site A,08:00,09:00,Completed,45,clear,intermediate,5655,,{}
SYN-T-2717,OP-017,M-3,EXCAVATION_LOAD,Material Loading,Site B,08:00,09:00,Upcoming,60,clear,intermediate,5692,,{}
SYN-T-2718,OP-018,M-5,HAUL_TRANSPORT,Haul Cycle,Site A,08:00,09:00,Completed,60,clear,intermediate,5729,,{}
SYN-T-2719,OP-019,M-1,EXCAVATION_LOAD,Excavation — Trench Digging,Site B,08:00,09:00,Completed,45,clear,intermediate,5766,,{}
SYN-T-2720,OP-020,M-3,EXCAVATION_LOAD,Material Loading,Site A,08:00,09:00,Completed,60,clear,intermediate,5803,,{}
SYN-T-2721,OP-001,M-5,HAUL_TRANSPORT,Haul Cycle,Site B,08:00,09:00,Upcoming,60,clear,intermediate,5840,,{}
SYN-T-2722,OP-002,M-1,EXCAVATION_LOAD,Excavation — Trench Digging,Site A,08:00,09:00,Completed,45,clear,intermediate,5877,,{}
SYN-T-2723,OP-003,M-3,EXCAVATION_LOAD,Material Loading,Site B,08:00,09:00,Completed,60,clear,intermediate,5914,,{}
SYN-T-2724,OP-004,M-5,HAUL_TRANSPORT,Haul Cycle,Site A,08:00,09:00,Completed,60,clear,intermediate,5951,,{}
SYN-T-2725,OP-005,M-1,EXCAVATION_LOAD,Excavation — Trench Digging,Site B,08:00,09:00,Upcoming,45,clear,intermediate,5988,,{}
SYN-T-2726,OP-006,M-3,EXCAVATION_LOAD,Material Loading,Site A,08:00,09:00,Completed,60,clear,intermediate,1225,,{}
SYN-T-2727,OP-007,M-5,HAUL_TRANSPORT,Haul Cycle,Site B,08:00,09:00,Completed,60,clear,intermediate,1262,,{}
SYN-T-2728,OP-008,M-1,EXCAVATION_LOAD,Excavation — Trench Digging,Site A,08:00,09:00,Completed,45,clear,intermediate,1299,,{}
SYN-T-2729,OP-009,M-3,EXCAVATION_LOAD,Material Loading,Site B,08:00,09:00,Upcoming,60,clear,intermediate,1336,,{}
SYN-T-2730,OP-010,M-5,HAUL_TRANSPORT,Haul Cycle,Site A,08:00,09:00,Completed,60,clear,intermediate,1373,,{}
SYN-T-2731,OP-011,M-1,EXCAVATION_LOAD,Excavation — Trench Digging,Site B,08:00,09:00,Completed,45,clear,intermediate,1410,,{}
SYN-T-2732,OP-012,M-3,EXCAVATION_LOAD,Material Loading,Site A,08:00,09:00,Completed,60,clear,intermediate,1447,,{}
SYN-T-2733,OP-013,M-5,HAUL_TRANSPORT,Haul Cycle,Site B,08:00,09:00,Upcoming,60,clear,intermediate,1484,,{}
SYN-T-2734,OP-014,M-1,EXCAVATION_LOAD,Excavation — Trench Digging,Site A,08:00,09:00,Completed,45,clear,intermediate,1521,,{}
SYN-T-2735,OP-015,M-3,EXCAVATION_LOAD,Material Loading,Site B,08:00,09:00,Completed,60,clear,intermediate,1558,,{}
SYN-T-2736,OP-016,M-5,HAUL_TRANSPORT,Haul Cycle,Site A,08:00,09:00,Completed,60,clear,intermediate,1595,,{}
SYN-T-2737,OP-017,M-1,EXCAVATION_LOAD,Excavation — Trench Digging,Site B,08:00,09:00,Upcoming,45,clear,intermediate,1632,,{}
SYN-T-2738,OP-018,M-3,EXCAVATION_LOAD,Material Loading,Site A,08:00,09:00,Completed,60,clear,intermediate,1669,,{}
SYN-T-2739,OP-019,M-5,HAUL_TRANSPORT,Haul Cycle,Site B,08:00,09:00,Completed,60,clear,intermediate,1706,,{}
SYN-T-2740,OP-020,M-1,EXCAVATION_LOAD,Excavation — Trench Digging,Site A,08:00,09:00,Completed,45,clear,intermediate,1743,,{}
SYN-T-2741,OP-001,M-3,EXCAVATION_LOAD,Material Loading,Site B,08:00,09:00,Upcoming,60,clear,intermediate,1780,,{}
SYN-T-2742,OP-002,M-5,HAUL_TRANSPORT,Haul Cycle,Site A,08:00,09:00,Completed,60,clear,intermediate,1817,,{}
SYN-T-2743,OP-003,M-1,EXCAVATION_LOAD,Excavation — Trench Digging,Site B,08:00,09:00,Completed,45,clear,intermediate,1854,,{}
SYN-T-2744,OP-004,M-3,EXCAVATION_LOAD,Material Loading,Site A,08:00,09:00,Completed,60,clear,intermediate,1891,,{}
SYN-T-2745,OP-005,M-5,HAUL_TRANSPORT,Haul Cycle,Site B,08:00,09:00,Upcoming,60,clear,intermediate,1928,,{}
SYN-T-2746,OP-006,M-1,EXCAVATION_LOAD,Excavation — Trench Digging,Site A,08:00,09:00,Completed,45,clear,intermediate,1965,,{}
SYN-T-2747,OP-007,M-3,EXCAVATION_LOAD,Material Loading,Site B,08:00,09:00,Completed,60,clear,intermediate,2002,,{}
SYN-T-2748,OP-008,M-5,HAUL_TRANSPORT,Haul Cycle,Site A,08:00,09:00,Completed,60,clear,intermediate,2039,,{}
SYN-T-2749,OP-009,M-1,EXCAVATION_LOAD,Excavation — Trench Digging,Site B,08:00,09:00,Upcoming,45,clear,intermediate,2076,,{}
SYN-T-2750,OP-010,M-3,EXCAVATION_LOAD,Material Loading,Site A,08:00,09:00,Completed,60,clear,intermediate,2113,,{}
SYN-T-2751,OP-011,M-5,HAUL_TRANSPORT,Haul Cycle,Site B,08:00,09:00,Completed,60,clear,intermediate,2150,,{}
SYN-T-2752,OP-012,M-1,EXCAVATION_LOAD,Excavation — Trench Digging,Site A,08:00,09:00,Completed,45,clear,intermediate,2187,,{}
SYN-T-2753,OP-013,M-3,EXCAVATION_LOAD,Material Loading,Site B,08:00,09:00,Upcoming,60,clear,intermediate,2224,,{}
SYN-T-2754,OP-014,M-5,HAUL_TRANSPORT,Haul Cycle,Site A,08:00,09:00,Completed,60,clear,intermediate,2261,,{}
SYN-T-2755,OP-015,M-1,EXCAVATION_LOAD,Excavation — Trench Digging,Site B,08:00,09:00,Completed,45,clear,intermediate,2298,,{}
SYN-T-2756,OP-016,M-3,EXCAVATION_LOAD,Material Loading,Site A,08:00,09:00,Completed,60,clear,intermediate,2335,,{}
SYN-T-2757,OP-017,M-5,HAUL_TRANSPORT,Haul Cycle,Site B,08:00,09:00,Upcoming,60,clear,intermediate,2372,,{}
SYN-T-2758,OP-018,M-1,EXCAVATION_LOAD,Excavation — Trench Digging,Site A,08:00,09:00,Completed,45,clear,intermediate,2409,,{}
SYN-T-2759,OP-019,M-3,EXCAVATION_LOAD,Material Loading,Site B,08:00,09:00,Completed,60,clear,intermediate,2446,,{}
SYN-T-2760,OP-020,M-5,HAUL_TRANSPORT,Haul Cycle,Site A,08:00,09:00,Completed,60,clear,intermediate,2483,,{}
SYN-T-2761,OP-001,M-1,EXCAVATION_LOAD,Excavation — Trench Digging,Site B,08:00,09:00,Upcoming,45,clear,intermediate,2520,,{}
SYN-T-2762,OP-002,M-3,EXCAVATION_LOAD,Material Loading,Site A,08:00,09:00,Completed,60,clear,intermediate,2557,,{}
SYN-T-2763,OP-003,M-5,HAUL_TRANSPORT,Haul Cycle,Site B,08:00,09:00,Completed,60,clear,intermediate,2594,,{}
SYN-T-2764,OP-004,M-1,EXCAVATION_LOAD,Excavation — Trench Digging,Site A,08:00,09:00,Completed,45,clear,intermediate,2631,,{}
SYN-T-2765,OP-005,M-3,EXCAVATION_LOAD,Material Loading,Site B,08:00,09:00,Upcoming,60,clear,intermediate,2668,,{}
SYN-T-2766,OP-006,M-5,HAUL_TRANSPORT,Haul Cycle,Site A,08:00,09:00,Completed,60,clear,intermediate,2705,,{}
SYN-T-2767,OP-007,M-1,EXCAVATION_LOAD,Excavation — Trench Digging,Site B,08:00,09:00,Completed,45,clear,intermediate,2742,,{}
SYN-T-2768,OP-008,M-3,EXCAVATION_LOAD,Material Loading,Site A,08:00,09:00,Completed,60,clear,intermediate,2779,,{}
SYN-T-2769,OP-009,M-5,HAUL_TRANSPORT,Haul Cycle,Site B,08:00,09:00,Upcoming,60,clear,intermediate,2816,,{}
SYN-T-2770,OP-010,M-1,EXCAVATION_LOAD,Excavation — Trench Digging,Site A,08:00,09:00,Completed,45,clear,intermediate,2853,,{}
SYN-T-2771,OP-011,M-3,EXCAVATION_LOAD,Material Loading,Site B,08:00,09:00,Completed,60,clear,intermediate,2890,,{}
SYN-T-2772,OP-012,M-5,HAUL_TRANSPORT,Haul Cycle,Site A,08:00,09:00,Completed,60,clear,intermediate,2927,,{}
SYN-T-2773,OP-013,M-1,EXCAVATION_LOAD,Excavation — Trench Digging,Site B,08:00,09:00,Upcoming,45,clear,intermediate,2964,,{}
SYN-T-2774,OP-014,M-3,EXCAVATION_LOAD,Material Loading,Site A,08:00,09:00,Completed,60,clear,intermediate,3001,,{}
SYN-T-2775,OP-015,M-5,HAUL_TRANSPORT,Haul Cycle,Site B,08:00,09:00,Completed,60,clear,intermediate,3038,,{}
SYN-T-2776,OP-016,M-1,EXCAVATION_LOAD,Excavation — Trench Digging,Site A,08:00,09:00,Completed,45,clear,intermediate,3075,,{}
SYN-T-2777,OP-017,M-3,EXCAVATION_LOAD,Material Loading,Site B,08:00,09:00,Upcoming,60,clear,intermediate,3112,,{}
SYN-T-2778,OP-018,M-5,HAUL_TRANSPORT,Haul Cycle,Site A,08:00,09:00,Completed,60,clear,intermediate,3149,,{}
SYN-T-2779,OP-019,M-1,EXCAVATION_LOAD,Excavation — Trench Digging,Site B,08:00,09:00,Completed,45,clear,intermediate,3186,,{}
SYN-T-2780,OP-020,M-3,EXCAVATION_LOAD,Material Loading,Site A,08:00,09:00,Completed,60,clear,intermediate,3223,,{}
SYN-T-2781,OP-001,M-5,HAUL_TRANSPORT,Haul Cycle,Site B,08:00,09:00,Upcoming,60,clear,intermediate,3260,,{}
SYN-T-2782,OP-002,M-1,EXCAVATION_LOAD,Excavation — Trench Digging,Site A,08:00,09:00,Completed,45,clear,intermediate,3297,,{}
SYN-T-2783,OP-003,M-3,EXCAVATION_LOAD,Material Loading,Site B,08:00,09:00,Completed,60,clear,intermediate,3334,,{}
SYN-T-2784,OP-004,M-5,HAUL_TRANSPORT,Haul Cycle,Site A,08:00,09:00,Completed,60,clear,intermediate,3371,,{}
SYN-T-2785,OP-005,M-1,EXCAVATION_LOAD,Excavation — Trench Digging,Site B,08:00,09:00,Upcoming,45,clear,intermediate,3408,,{}
SYN-T-2786,OP-006,M-3,EXCAVATION_LOAD,Material Loading,Site A,08:00,09:00,Completed,60,clear,intermediate,3445,,{}
SYN-T-2787,OP-007,M-5,HAUL_TRANSPORT,Haul Cycle,Site B,08:00,09:00,Completed,60,clear,intermediate,3482,,{}
SYN-T-2788,OP-008,M-1,EXCAVATION_LOAD,Excavation — Trench Digging,Site A,08:00,09:00,Completed,45,clear,intermediate,3519,,{}
SYN-T-2789,OP-009,M-3,EXCAVATION_LOAD,Material Loading,Site B,08:00,09:00,Upcoming,60,clear,intermediate,3556,,{}
SYN-T-2790,OP-010,M-5,HAUL_TRANSPORT,Haul Cycle,Site A,08:00,09:00,Completed,60,clear,intermediate,3593,,{}
SYN-T-2791,OP-011,M-1,EXCAVATION_LOAD,Excavation — Trench Digging,Site B,08:00,09:00,Completed,45,clear,intermediate,3630,,{}
SYN-T-2792,OP-012,M-3,EXCAVATION_LOAD,Material Loading,Site A,08:00,09:00,Completed,60,clear,intermediate,3667,,{}
SYN-T-2793,OP-013,M-5,HAUL_TRANSPORT,Haul Cycle,Site B,08:00,09:00,Upcoming,60,clear,intermediate,3704,,{}
SYN-T-2794,OP-014,M-1,EXCAVATION_LOAD,Excavation — Trench Digging,Site A,08:00,09:00,Completed,45,clear,intermediate,3741,,{}
SYN-T-2795,OP-015,M-3,EXCAVATION_LOAD,Material Loading,Site B,08:00,09:00,Completed,60,clear,intermediate,3778,,{}
SYN-T-2796,OP-016,M-5,HAUL_TRANSPORT,Haul Cycle,Site A,08:00,09:00,Completed,60,clear,intermediate,3815,,{}
SYN-T-2797,OP-017,M-1,EXCAVATION_LOAD,Excavation — Trench Digging,Site B,08:00,09:00,Upcoming,45,clear,intermediate,3852,,{}
SYN-T-2798,OP-018,M-3,EXCAVATION_LOAD,Material Loading,Site A,08:00,09:00,Completed,60,clear,intermediate,3889,,{}
SYN-T-2799,OP-019,M-5,HAUL_TRANSPORT,Haul Cycle,Site B,08:00,09:00,Completed,60,clear,intermediate,3926,,{}
SYN-T-2800,OP-020,M-1,EXCAVATION_LOAD,Excavation — Trench Digging,Site A,08:00,09:00,Completed,45,clear,intermediate,3963,,{}
SYN-T-2801,OP-001,M-3,EXCAVATION_LOAD,Material Loading,Site B,08:00,09:00,Upcoming,60,clear,intermediate,4000,,{}
SYN-T-2802,OP-002,M-5,HAUL_TRANSPORT,Haul Cycle,Site A,08:00,09:00,Completed,60,clear,intermediate,4037,,{}
SYN-T-2803,OP-003,M-1,EXCAVATION_LOAD,Excavation — Trench Digging,Site B,08:00,09:00,Completed,45,clear,intermediate,4074,,{}
SYN-T-2804,OP-004,M-3,EXCAVATION_LOAD,Material Loading,Site A,08:00,09:00,Completed,60,clear,intermediate,4111,,{}
SYN-T-2805,OP-005,M-5,HAUL_TRANSPORT,Haul Cycle,Site B,08:00,09:00,Upcoming,60,clear,intermediate,4148,,{}
SYN-T-2806,OP-006,M-1,EXCAVATION_LOAD,Excavation — Trench Digging,Site A,08:00,09:00,Completed,45,clear,intermediate,4185,,{}
SYN-T-2807,OP-007,M-3,EXCAVATION_LOAD,Material Loading,Site B,08:00,09:00,Completed,60,clear,intermediate,4222,,{}
SYN-T-2808,OP-008,M-5,HAUL_TRANSPORT,Haul Cycle,Site A,08:00,09:00,Completed,60,clear,intermediate,4259,,{}
SYN-T-2809,OP-009,M-1,EXCAVATION_LOAD,Excavation — Trench Digging,Site B,08:00,09:00,Upcoming,45,clear,intermediate,4296,,{}
SYN-T-2810,OP-010,M-3,EXCAVATION_LOAD,Material Loading,Site A,08:00,09:00,Completed,60,clear,intermediate,4333,,{}
SYN-T-2811,OP-011,M-5,HAUL_TRANSPORT,Haul Cycle,Site B,08:00,09:00,Completed,60,clear,intermediate,4370,,{}
SYN-T-2812,OP-012,M-1,EXCAVATION_LOAD,Excavation — Trench Digging,Site A,08:00,09:00,Completed,45,clear,intermediate,4407,,{}
SYN-T-2813,OP-013,M-3,EXCAVATION_LOAD,Material Loading,Site B,08:00,09:00,Upcoming,60,clear,intermediate,4444,,{}
SYN-T-2814,OP-014,M-5,HAUL_TRANSPORT,Haul Cycle,Site A,08:00,09:00,Completed,60,clear,intermediate,4481,,{}
SYN-T-2815,OP-015,M-1,EXCAVATION_LOAD,Excavation — Trench Digging,Site B,08:00,09:00,Completed,45,clear,intermediate,4518,,{}
SYN-T-2816,OP-016,M-3,EXCAVATION_LOAD,Material Loading,Site A,08:00,09:00,Completed,60,clear,intermediate,4555,,{}
SYN-T-2817,OP-017,M-5,HAUL_TRANSPORT,Haul Cycle,Site B,08:00,09:00,Upcoming,60,clear,intermediate,4592,,{}
SYN-T-2818,OP-018,M-1,EXCAVATION_LOAD,Excavation — Trench Digging,Site A,08:00,09:00,Completed,45,clear,intermediate,4629,,{}
SYN-T-2819,OP-019,M-3,EXCAVATION_LOAD,Material Loading,Site B,08:00,09:00,Completed,60,clear,intermediate,4666,,{}
SYN-T-2820,OP-020,M-5,HAUL_TRANSPORT,Haul Cycle,Site A,08:00,09:00,Completed,60,clear,intermediate,4703,,{}
SYN-T-2821,OP-001,M-1,EXCAVATION_LOAD,Excavation — Trench Digging,Site B,08:00,09:00,Upcoming,45,clear,intermediate,4740,,{}
SYN-T-2822,OP-002,M-3,EXCAVATION_LOAD,Material Loading,Site A,08:00,09:00,Completed,60,clear,intermediate,4777,,{}
SYN-T-2823,OP-003,M-5,HAUL_TRANSPORT,Haul Cycle,Site B,08:00,09:00,Completed,60,clear,intermediate,4814,,{}
SYN-T-2824,OP-004,M-1,EXCAVATION_LOAD,Excavation — Trench Digging,Site A,08:00,09:00,Completed,45,clear,intermediate,4851,,{}
SYN-T-2825,OP-005,M-3,EXCAVATION_LOAD,Material Loading,Site B,08:00,09:00,Upcoming,60,clear,intermediate,4888,,{}
SYN-T-2826,OP-006,M-5,HAUL_TRANSPORT,Haul Cycle,Site A,08:00,09:00,Completed,60,clear,intermediate,4925,,{}
SYN-T-2827,OP-007,M-1,EXCAVATION_LOAD,Excavation — Trench Digging,Site B,08:00,09:00,Completed,45,clear,intermediate,4962,,{}
SYN-T-2828,OP-008,M-3,EXCAVATION_LOAD,Material Loading,Site A,08:00,09:00,Completed,60,clear,intermediate,4999,,{}
SYN-T-2829,OP-009,M-5,HAUL_TRANSPORT,Haul Cycle,Site B,08:00,09:00,Upcoming,60,clear,intermediate,5036,,{}
SYN-T-2830,OP-010,M-1,EXCAVATION_LOAD,Excavation — Trench Digging,Site A,08:00,09:00,Completed,45,clear,intermediate,5073,,{}
SYN-T-2831,OP-011,M-3,EXCAVATION_LOAD,Material Loading,Site B,08:00,09:00,Completed,60,clear,intermediate,5110,,{}
SYN-T-2832,OP-012,M-5,HAUL_TRANSPORT,Haul Cycle,Site A,08:00,09:00,Completed,60,clear,intermediate,5147,,{}
SYN-T-2833,OP-013,M-1,EXCAVATION_LOAD,Excavation — Trench Digging,Site B,08:00,09:00,Upcoming,45,clear,intermediate,5184,,{}
SYN-T-2834,OP-014,M-3,EXCAVATION_LOAD,Material Loading,Site A,08:00,09:00,Completed,60,clear,intermediate,5221,,{}
SYN-T-2835,OP-015,M-5,HAUL_TRANSPORT,Haul Cycle,Site B,08:00,09:00,Completed,60,clear,intermediate,5258,,{}
SYN-T-2836,OP-016,M-1,EXCAVATION_LOAD,Excavation — Trench Digging,Site A,08:00,09:00,Completed,45,clear,intermediate,5295,,{}
SYN-T-2837,OP-017,M-3,EXCAVATION_LOAD,Material Loading,Site B,08:00,09:00,Upcoming,60,clear,intermediate,5332,,{}
SYN-T-2838,OP-018,M-5,HAUL_TRANSPORT,Haul Cycle,Site A,08:00,09:00,Completed,60,clear,intermediate,5369,,{}
SYN-T-2839,OP-019,M-1,EXCAVATION_LOAD,Excavation — Trench Digging,Site B,08:00,09:00,Completed,45,clear,intermediate,5406,,{}
SYN-T-2840,OP-020,M-3,EXCAVATION_LOAD,Material Loading,Site A,08:00,09:00,Completed,60,clear,intermediate,5443,,{}
SYN-T-2841,OP-001,M-5,HAUL_TRANSPORT,Haul Cycle,Site B,08:00,09:00,Upcoming,60,clear,intermediate,5480,,{}
SYN-T-2842,OP-002,M-1,EXCAVATION_LOAD,Excavation — Trench Digging,Site A,08:00,09:00,Completed,45,clear,intermediate,5517,,{}
SYN-T-2843,OP-003,M-3,EXCAVATION_LOAD,Material Loading,Site B,08:00,09:00,Completed,60,clear,intermediate,5554,,{}
SYN-T-2844,OP-004,M-5,HAUL_TRANSPORT,Haul Cycle,Site A,08:00,09:00,Completed,60,clear,intermediate,5591,,{}
SYN-T-2845,OP-005,M-1,EXCAVATION_LOAD,Excavation — Trench Digging,Site B,08:00,09:00,Upcoming,45,clear,intermediate,5628,,{}
SYN-T-2846,OP-006,M-3,EXCAVATION_LOAD,Material Loading,Site A,08:00,09:00,Completed,60,clear,intermediate,5665,,{}
SYN-T-2847,OP-007,M-5,HAUL_TRANSPORT,Haul Cycle,Site B,08:00,09:00,Completed,60,clear,intermediate,5702,,{}
SYN-T-2848,OP-008,M-1,EXCAVATION_LOAD,Excavation — Trench Digging,Site A,08:00,09:00,Completed,45,clear,intermediate,5739,,{}
SYN-T-2849,OP-009,M-3,EXCAVATION_LOAD,Material Loading,Site B,08:00,09:00,Upcoming,60,clear,intermediate,5776,,{}
SYN-T-2850,OP-010,M-5,HAUL_TRANSPORT,Haul Cycle,Site A,08:00,09:00,Completed,60,clear,intermediate,5813,,{}
SYN-T-2851,OP-011,M-1,EXCAVATION_LOAD,Excavation — Trench Digging,Site B,08:00,09:00,Completed,45,clear,intermediate,5850,,{}
SYN-T-2852,OP-012,M-3,EXCAVATION_LOAD,Material Loading,Site A,08:00,09:00,Completed,60,clear,intermediate,5887,,{}
SYN-T-2853,OP-013,M-5,HAUL_TRANSPORT,Haul Cycle,Site B,08:00,09:00,Upcoming,60,clear,intermediate,5924,,{}
SYN-T-2854,OP-014,M-1,EXCAVATION_LOAD,Excavation — Trench Digging,Site A,08:00,09:00,Completed,45,clear,intermediate,5961,,{}
SYN-T-2855,OP-015,M-3,EXCAVATION_LOAD,Material Loading,Site B,08:00,09:00,Completed,60,clear,intermediate,5998,,{}
SYN-T-2856,OP-016,M-5,HAUL_TRANSPORT,Haul Cycle,Site A,08:00,09:00,Completed,60,clear,intermediate,1235,,{}
SYN-T-2857,OP-017,M-1,EXCAVATION_LOAD,Excavation — Trench Digging,Site B,08:00,09:00,Upcoming,45,clear,intermediate,1272,,{}
SYN-T-2858,OP-018,M-3,EXCAVATION_LOAD,Material Loading,Site A,08:00,09:00,Completed,60,clear,intermediate,1309,,{}
SYN-T-2859,OP-019,M-5,HAUL_TRANSPORT,Haul Cycle,Site B,08:00,09:00,Completed,60,clear,intermediate,1346,,{}
SYN-T-2860,OP-020,M-1,EXCAVATION_LOAD,Excavation — Trench Digging,Site A,08:00,09:00,Completed,45,clear,intermediate,1383,,{}
SYN-T-2861,OP-001,M-3,EXCAVATION_LOAD,Material Loading,Site B,08:00,09:00,Upcoming,60,clear,intermediate,1420,,{}
SYN-T-2862,OP-002,M-5,HAUL_TRANSPORT,Haul Cycle,Site A,08:00,09:00,Completed,60,clear,intermediate,1457,,{}
SYN-T-2863,OP-003,M-1,EXCAVATION_LOAD,Excavation — Trench Digging,Site B,08:00,09:00,Completed,45,clear,intermediate,1494,,{}
SYN-T-2864,OP-004,M-3,EXCAVATION_LOAD,Material Loading,Site A,08:00,09:00,Completed,60,clear,intermediate,1531,,{}
SYN-T-2865,OP-005,M-5,HAUL_TRANSPORT,Haul Cycle,Site B,08:00,09:00,Upcoming,60,clear,intermediate,1568,,{}
SYN-T-2866,OP-006,M-1,EXCAVATION_LOAD,Excavation — Trench Digging,Site A,08:00,09:00,Completed,45,clear,intermediate,1605,,{}
SYN-T-2867,OP-007,M-3,EXCAVATION_LOAD,Material Loading,Site B,08:00,09:00,Completed,60,clear,intermediate,1642,,{}
SYN-T-2868,OP-008,M-5,HAUL_TRANSPORT,Haul Cycle,Site A,08:00,09:00,Completed,60,clear,intermediate,1679,,{}
SYN-T-2869,OP-009,M-1,EXCAVATION_LOAD,Excavation — Trench Digging,Site B,08:00,09:00,Upcoming,45,clear,intermediate,1716,,{}
SYN-T-2870,OP-010,M-3,EXCAVATION_LOAD,Material Loading,Site A,08:00,09:00,Completed,60,clear,intermediate,1753,,{}
SYN-T-2871,OP-011,M-5,HAUL_TRANSPORT,Haul Cycle,Site B,08:00,09:00,Completed,60,clear,intermediate,1790,,{}
SYN-T-2872,OP-012,M-1,EXCAVATION_LOAD,Excavation — Trench Digging,Site A,08:00,09:00,Completed,45,clear,intermediate,1827,,{}
SYN-T-2873,OP-013,M-3,EXCAVATION_LOAD,Material Loading,Site B,08:00,09:00,Upcoming,60,clear,intermediate,1864,,{}
SYN-T-2874,OP-014,M-5,HAUL_TRANSPORT,Haul Cycle,Site A,08:00,09:00,Completed,60,clear,intermediate,1901,,{}
SYN-T-2875,OP-015,M-1,EXCAVATION_LOAD,Excavation — Trench Digging,Site B,08:00,09:00,Completed,45,clear,intermediate,1938,,{}
SYN-T-2876,OP-016,M-3,EXCAVATION_LOAD,Material Loading,Site A,08:00,09:00,Completed,60,clear,intermediate,1975,,{}
SYN-T-2877,OP-017,M-5,HAUL_TRANSPORT,Haul Cycle,Site B,08:00,09:00,Upcoming,60,clear,intermediate,2012,,{}
SYN-T-2878,OP-018,M-1,EXCAVATION_LOAD,Excavation — Trench Digging,Site A,08:00,09:00,Completed,45,clear,intermediate,2049,,{}
SYN-T-2879,OP-019,M-3,EXCAVATION_LOAD,Material Loading,Site B,08:00,09:00,Completed,60,clear,intermediate,2086,,{}
SYN-T-2880,OP-020,M-5,HAUL_TRANSPORT,Haul Cycle,Site A,08:00,09:00,Completed,60,clear,intermediate,2123,,{}
SYN-T-2881,OP-001,M-1,EXCAVATION_LOAD,Excavation — Trench Digging,Site B,08:00,09:00,Upcoming,45,clear,intermediate,2160,,{}
SYN-T-2882,OP-002,M-3,EXCAVATION_LOAD,Material Loading,Site A,08:00,09:00,Completed,60,clear,intermediate,2197,,{}
SYN-T-2883,OP-003,M-5,HAUL_TRANSPORT,Haul Cycle,Site B,08:00,09:00,Completed,60,clear,intermediate,2234,,{}
SYN-T-2884,OP-004,M-1,EXCAVATION_LOAD,Excavation — Trench Digging,Site A,08:00,09:00,Completed,45,clear,intermediate,2271,,{}
SYN-T-2885,OP-005,M-3,EXCAVATION_LOAD,Material Loading,Site B,08:00,09:00,Upcoming,60,clear,intermediate,2308,,{}
SYN-T-2886,OP-006,M-5,HAUL_TRANSPORT,Haul Cycle,Site A,08:00,09:00,Completed,60,clear,intermediate,2345,,{}
SYN-T-2887,OP-007,M-1,EXCAVATION_LOAD,Excavation — Trench Digging,Site B,08:00,09:00,Completed,45,clear,intermediate,2382,,{}
SYN-T-2888,OP-008,M-3,EXCAVATION_LOAD,Material Loading,Site A,08:00,09:00,Completed,60,clear,intermediate,2419,,{}
SYN-T-2889,OP-009,M-5,HAUL_TRANSPORT,Haul Cycle,Site B,08:00,09:00,Upcoming,60,clear,intermediate,2456,,{}
SYN-T-2890,OP-010,M-1,EXCAVATION_LOAD,Excavation — Trench Digging,Site A,08:00,09:00,Completed,45,clear,intermediate,2493,,{}
SYN-T-2891,OP-011,M-3,EXCAVATION_LOAD,Material Loading,Site B,08:00,09:00,Completed,60,clear,intermediate,2530,,{}
SYN-T-2892,OP-012,M-5,HAUL_TRANSPORT,Haul Cycle,Site A,08:00,09:00,Completed,60,clear,intermediate,2567,,{}
SYN-T-2893,OP-013,M-1,EXCAVATION_LOAD,Excavation — Trench Digging,Site B,08:00,09:00,Upcoming,45,clear,intermediate,2604,,{}
SYN-T-2894,OP-014,M-3,EXCAVATION_LOAD,Material Loading,Site A,08:00,09:00,Completed,60,clear,intermediate,2641,,{}
SYN-T-2895,OP-015,M-5,HAUL_TRANSPORT,Haul Cycle,Site B,08:00,09:00,Completed,60,clear,intermediate,2678,,{}
SYN-T-2896,OP-016,M-1,EXCAVATION_LOAD,Excavation — Trench Digging,Site A,08:00,09:00,Completed,45,clear,intermediate,2715,,{}
SYN-T-2897,OP-017,M-3,EXCAVATION_LOAD,Material Loading,Site B,08:00,09:00,Upcoming,60,clear,intermediate,2752,,{}
SYN-T-2898,OP-018,M-5,HAUL_TRANSPORT,Haul Cycle,Site A,08:00,09:00,Completed,60,clear,intermediate,2789,,{}
SYN-T-2899,OP-019,M-1,EXCAVATION_LOAD,Excavation — Trench Digging,Site B,08:00,09:00,Completed,45,clear,intermediate,2826,,{}
SYN-T-2900,OP-020,M-3,EXCAVATION_LOAD,Material Loading,Site A,08:00,09:00,Completed,60,clear,intermediate,2863,,{}
SYN-T-2901,OP-001,M-5,HAUL_TRANSPORT,Haul Cycle,Site B,08:00,09:00,Upcoming,60,clear,intermediate,2900,,{}
SYN-T-2902,OP-002,M-1,EXCAVATION_LOAD,Excavation — Trench Digging,Site A,08:00,09:00,Completed,45,clear,intermediate,2937,,{}
SYN-T-2903,OP-003,M-3,EXCAVATION_LOAD,Material Loading,Site B,08:00,09:00,Completed,60,clear,intermediate,2974,,{}
SYN-T-2904,OP-004,M-5,HAUL_TRANSPORT,Haul Cycle,Site A,08:00,09:00,Completed,60,clear,intermediate,3011,,{}
SYN-T-2905,OP-005,M-1,EXCAVATION_LOAD,Excavation — Trench Digging,Site B,08:00,09:00,Upcoming,45,clear,intermediate,3048,,{}
SYN-T-2906,OP-006,M-3,EXCAVATION_LOAD,Material Loading,Site A,08:00,09:00,Completed,60,clear,intermediate,3085,,{}
SYN-T-2907,OP-007,M-5,HAUL_TRANSPORT,Haul Cycle,Site B,08:00,09:00,Completed,60,clear,intermediate,3122,,{}
SYN-T-2908,OP-008,M-1,EXCAVATION_LOAD,Excavation — Trench Digging,Site A,08:00,09:00,Completed,45,clear,intermediate,3159,,{}
SYN-T-2909,OP-009,M-3,EXCAVATION_LOAD,Material Loading,Site B,08:00,09:00,Upcoming,60,clear,intermediate,3196,,{}
SYN-T-2910,OP-010,M-5,HAUL_TRANSPORT,Haul Cycle,Site A,08:00,09:00,Completed,60,clear,intermediate,3233,,{}
SYN-T-2911,OP-011,M-1,EXCAVATION_LOAD,Excavation — Trench Digging,Site B,08:00,09:00,Completed,45,clear,intermediate,3270,,{}
SYN-T-2912,OP-012,M-3,EXCAVATION_LOAD,Material Loading,Site A,08:00,09:00,Completed,60,clear,intermediate,3307,,{}
SYN-T-2913,OP-013,M-5,HAUL_TRANSPORT,Haul Cycle,Site B,08:00,09:00,Upcoming,60,clear,intermediate,3344,,{}
SYN-T-2914,OP-014,M-1,EXCAVATION_LOAD,Excavation — Trench Digging,Site A,08:00,09:00,Completed,45,clear,intermediate,3381,,{}
SYN-T-2915,OP-015,M-3,EXCAVATION_LOAD,Material Loading,Site B,08:00,09:00,Completed,60,clear,intermediate,3418,,{}
SYN-T-2916,OP-016,M-5,HAUL_TRANSPORT,Haul Cycle,Site A,08:00,09:00,Completed,60,clear,intermediate,3455,,{}
SYN-T-2917,OP-017,M-1,EXCAVATION_LOAD,Excavation — Trench Digging,Site B,08:00,09:00,Upcoming,45,clear,intermediate,3492,,{}
SYN-T-2918,OP-018,M-3,EXCAVATION_LOAD,Material Loading,Site A,08:00,09:00,Completed,60,clear,intermediate,3529,,{}
SYN-T-2919,OP-019,M-5,HAUL_TRANSPORT,Haul Cycle,Site B,08:00,09:00,Completed,60,clear,intermediate,3566,,{}
SYN-T-2920,OP-020,M-1,EXCAVATION_LOAD,Excavation — Trench Digging,Site A,08:00,09:00,Completed,45,clear,intermediate,3603,,{}
SYN-T-2921,OP-001,M-3,EXCAVATION_LOAD,Material Loading,Site B,08:00,09:00,Upcoming,60,clear,intermediate,3640,,{}
SYN-T-2922,OP-002,M-5,HAUL_TRANSPORT,Haul Cycle,Site A,08:00,09:00,Completed,60,clear,intermediate,3677,,{}
SYN-T-2923,OP-003,M-1,EXCAVATION_LOAD,Excavation — Trench Digging,Site B,08:00,09:00,Completed,45,clear,intermediate,3714,,{}
SYN-T-2924,OP-004,M-3,EXCAVATION_LOAD,Material Loading,Site A,08:00,09:00,Completed,60,clear,intermediate,3751,,{}
SYN-T-2925,OP-005,M-5,HAUL_TRANSPORT,Haul Cycle,Site B,08:00,09:00,Upcoming,60,clear,intermediate,3788,,{}
SYN-T-2926,OP-006,M-1,EXCAVATION_LOAD,Excavation — Trench Digging,Site A,08:00,09:00,Completed,45,clear,intermediate,3825,,{}
SYN-T-2927,OP-007,M-3,EXCAVATION_LOAD,Material Loading,Site B,08:00,09:00,Completed,60,clear,intermediate,3862,,{}
SYN-T-2928,OP-008,M-5,HAUL_TRANSPORT,Haul Cycle,Site A,08:00,09:00,Completed,60,clear,intermediate,3899,,{}
SYN-T-2929,OP-009,M-1,EXCAVATION_LOAD,Excavation — Trench Digging,Site B,08:00,09:00,Upcoming,45,clear,intermediate,3936,,{}
SYN-T-2930,OP-010,M-3,EXCAVATION_LOAD,Material Loading,Site A,08:00,09:00,Completed,60,clear,intermediate,3973,,{}
SYN-T-2931,OP-011,M-5,HAUL_TRANSPORT,Haul Cycle,Site B,08:00,09:00,Completed,60,clear,intermediate,4010,,{}
SYN-T-2932,OP-012,M-1,EXCAVATION_LOAD,Excavation — Trench Digging,Site A,08:00,09:00,Completed,45,clear,intermediate,4047,,{}
SYN-T-2933,OP-013,M-3,EXCAVATION_LOAD,Material Loading,Site B,08:00,09:00,Upcoming,60,clear,intermediate,4084,,{}
SYN-T-2934,OP-014,M-5,HAUL_TRANSPORT,Haul Cycle,Site A,08:00,09:00,Completed,60,clear,intermediate,4121,,{}
SYN-T-2935,OP-015,M-1,EXCAVATION_LOAD,Excavation — Trench Digging,Site B,08:00,09:00,Completed,45,clear,intermediate,4158,,{}
SYN-T-2936,OP-016,M-3,EXCAVATION_LOAD,Material Loading,Site A,08:00,09:00,Completed,60,clear,intermediate,4195,,{}
SYN-T-2937,OP-017,M-5,HAUL_TRANSPORT,Haul Cycle,Site B,08:00,09:00,Upcoming,60,clear,intermediate,4232,,{}
SYN-T-2938,OP-018,M-1,EXCAVATION_LOAD,Excavation — Trench Digging,Site A,08:00,09:00,Completed,45,clear,intermediate,4269,,{}
SYN-T-2939,OP-019,M-3,EXCAVATION_LOAD,Material Loading,Site B,08:00,09:00,Completed,60,clear,intermediate,4306,,{}
SYN-T-2940,OP-020,M-5,HAUL_TRANSPORT,Haul Cycle,Site A,08:00,09:00,Completed,60,clear,intermediate,4343,,{}
SYN-T-2941,OP-001,M-1,EXCAVATION_LOAD,Excavation — Trench Digging,Site B,08:00,09:00,Upcoming,45,clear,intermediate,4380,,{}
SYN-T-2942,OP-002,M-3,EXCAVATION_LOAD,Material Loading,Site A,08:00,09:00,Completed,60,clear,intermediate,4417,,{}
SYN-T-2943,OP-003,M-5,HAUL_TRANSPORT,Haul Cycle,Site B,08:00,09:00,Completed,60,clear,intermediate,4454,,{}
SYN-T-2944,OP-004,M-1,EXCAVATION_LOAD,Excavation — Trench Digging,Site A,08:00,09:00,Completed,45,clear,intermediate,4491,,{}
SYN-T-2945,OP-005,M-3,EXCAVATION_LOAD,Material Loading,Site B,08:00,09:00,Upcoming,60,clear,intermediate,4528,,{}
SYN-T-2946,OP-006,M-5,HAUL_TRANSPORT,Haul Cycle,Site A,08:00,09:00,Completed,60,clear,intermediate,4565,,{}
SYN-T-2947,OP-007,M-1,EXCAVATION_LOAD,Excavation — Trench Digging,Site B,08:00,09:00,Completed,45,clear,intermediate,4602,,{}
SYN-T-2948,OP-008,M-3,EXCAVATION_LOAD,Material Loading,Site A,08:00,09:00,Completed,60,clear,intermediate,4639,,{}
SYN-T-2949,OP-009,M-5,HAUL_TRANSPORT,Haul Cycle,Site B,08:00,09:00,Upcoming,60,clear,intermediate,4676,,{}
SYN-T-2950,OP-010,M-1,EXCAVATION_LOAD,Excavation — Trench Digging,Site A,08:00,09:00,Completed,45,clear,intermediate,4713,,{}
SYN-T-2951,OP-011,M-3,EXCAVATION_LOAD,Material Loading,Site B,08:00,09:00,Completed,60,clear,intermediate,4750,,{}
SYN-T-2952,OP-012,M-5,HAUL_TRANSPORT,Haul Cycle,Site A,08:00,09:00,Completed,60,clear,intermediate,4787,,{}
SYN-T-2953,OP-013,M-1,EXCAVATION_LOAD,Excavation — Trench Digging,Site B,08:00,09:00,Upcoming,45,clear,intermediate,4824,,{}
SYN-T-2954,OP-014,M-3,EXCAVATION_LOAD,Material Loading,Site A,08:00,09:00,Completed,60,clear,intermediate,4861,,{}
SYN-T-2955,OP-015,M-5,HAUL_TRANSPORT,Haul Cycle,Site B,08:00,09:00,Completed,60,clear,intermediate,4898,,{}
SYN-T-2956,OP-016,M-1,EXCAVATION_LOAD,Excavation — Trench Digging,Site A,08:00,09:00,Completed,45,clear,intermediate,4935,,{}
SYN-T-2957,OP-017,M-3,EXCAVATION_LOAD,Material Loading,Site B,08:00,09:00,Upcoming,60,clear,intermediate,4972,,{}
SYN-T-2958,OP-018,M-5,HAUL_TRANSPORT,Haul Cycle,Site A,08:00,09:00,Completed,60,clear,intermediate,5009,,{}
SYN-T-2959,OP-019,M-1,EXCAVATION_LOAD,Excavation — Trench Digging,Site B,08:00,09:00,Completed,45,clear,intermediate,5046,,{}
SYN-T-2960,OP-020,M-3,EXCAVATION_LOAD,Material Loading,Site A,08:00,09:00,Completed,60,clear,intermediate,5083,,{}
SYN-T-2961,OP-001,M-5,HAUL_TRANSPORT,Haul Cycle,Site B,08:00,09:00,Upcoming,60,clear,intermediate,5120,,{}
SYN-T-2962,OP-002,M-1,EXCAVATION_LOAD,Excavation — Trench Digging,Site A,08:00,09:00,Completed,45,clear,intermediate,5157,,{}
SYN-T-2963,OP-003,M-3,EXCAVATION_LOAD,Material Loading,Site B,08:00,09:00,Completed,60,clear,intermediate,5194,,{}
SYN-T-2964,OP-004,M-5,HAUL_TRANSPORT,Haul Cycle,Site A,08:00,09:00,Completed,60,clear,intermediate,5231,,{}
SYN-T-2965,OP-005,M-1,EXCAVATION_LOAD,Excavation — Trench Digging,Site B,08:00,09:00,Upcoming,45,clear,intermediate,5268,,{}
SYN-T-2966,OP-006,M-3,EXCAVATION_LOAD,Material Loading,Site A,08:00,09:00,Completed,60,clear,intermediate,5305,,{}
SYN-T-2967,OP-007,M-5,HAUL_TRANSPORT,Haul Cycle,Site B,08:00,09:00,Completed,60,clear,intermediate,5342,,{}
SYN-T-2968,OP-008,M-1,EXCAVATION_LOAD,Excavation — Trench Digging,Site A,08:00,09:00,Completed,45,clear,intermediate,5379,,{}
SYN-T-2969,OP-009,M-3,EXCAVATION_LOAD,Material Loading,Site B,08:00,09:00,Upcoming,60,clear,intermediate,5416,,{}
SYN-T-2970,OP-010,M-5,HAUL_TRANSPORT,Haul Cycle,Site A,08:00,09:00,Completed,60,clear,intermediate,5453,,{}
SYN-T-2971,OP-011,M-1,EXCAVATION_LOAD,Excavation — Trench Digging,Site B,08:00,09:00,Completed,45,clear,intermediate,5490,,{}
SYN-T-2972,OP-012,M-3,EXCAVATION_LOAD,Material Loading,Site A,08:00,09:00,Completed,60,clear,intermediate,5527,,{}
SYN-T-2973,OP-013,M-5,HAUL_TRANSPORT,Haul Cycle,Site B,08:00,09:00,Upcoming,60,clear,intermediate,5564,,{}
SYN-T-2974,OP-014,M-1,EXCAVATION_LOAD,Excavation — Trench Digging,Site A,08:00,09:00,Completed,45,clear,intermediate,5601,,{}
SYN-T-2975,OP-015,M-3,EXCAVATION_LOAD,Material Loading,Site B,08:00,09:00,Completed,60,clear,intermediate,5638,,{}
SYN-T-2976,OP-016,M-5,HAUL_TRANSPORT,Haul Cycle,Site A,08:00,09:00,Completed,60,clear,intermediate,5675,,{}
SYN-T-2977,OP-017,M-1,EXCAVATION_LOAD,Excavation — Trench Digging,Site B,08:00,09:00,Upcoming,45,clear,intermediate,5712,,{}
SYN-T-2978,OP-018,M-3,EXCAVATION_LOAD,Material Loading,Site A,08:00,09:00,Completed,60,clear,intermediate,5749,,{}
SYN-T-2979,OP-019,M-5,HAUL_TRANSPORT,Haul Cycle,Site B,08:00,09:00,Completed,60,clear,intermediate,5786,,{}
SYN-T-2980,OP-020,M-1,EXCAVATION_LOAD,Excavation — Trench Digging,Site A,08:00,09:00,Completed,45,clear,intermediate,5823,,{}
SYN-T-2981,OP-001,M-3,EXCAVATION_LOAD,Material Loading,Site B,08:00,09:00,Upcoming,60,clear,intermediate,5860,,{}
SYN-T-2982,OP-002,M-5,HAUL_TRANSPORT,Haul Cycle,Site A,08:00,09:00,Completed,60,clear,intermediate,5897,,{}
SYN-T-2983,OP-003,M-1,EXCAVATION_LOAD,Excavation — Trench Digging,Site B,08:00,09:00,Completed,45,clear,intermediate,5934,,{}
SYN-T-2984,OP-004,M-3,EXCAVATION_LOAD,Material Loading,Site A,08:00,09:00,Completed,60,clear,intermediate,5971,,{}
SYN-T-2985,OP-005,M-5,HAUL_TRANSPORT,Haul Cycle,Site B,08:00,09:00,Upcoming,60,clear,intermediate,1208,,{}
SYN-T-2986,OP-006,M-1,EXCAVATION_LOAD,Excavation — Trench Digging,Site A,08:00,09:00,Completed,45,clear,intermediate,1245,,{}
SYN-T-2987,OP-007,M-3,EXCAVATION_LOAD,Material Loading,Site B,08:00,09:00,Completed,60,clear,intermediate,1282,,{}
SYN-T-2988,OP-008,M-5,HAUL_TRANSPORT,Haul Cycle,Site A,08:00,09:00,Completed,60,clear,intermediate,1319,,{}
SYN-T-2989,OP-009,M-1,EXCAVATION_LOAD,Excavation — Trench Digging,Site B,08:00,09:00,Upcoming,45,clear,intermediate,1356,,{}
SYN-T-2990,OP-010,M-3,EXCAVATION_LOAD,Material Loading,Site A,08:00,09:00,Completed,60,clear,intermediate,1393,,{}
SYN-T-2991,OP-011,M-5,HAUL_TRANSPORT,Haul Cycle,Site B,08:00,09:00,Completed,60,clear,intermediate,1430,,{}
SYN-T-2992,OP-012,M-1,EXCAVATION_LOAD,Excavation — Trench Digging,Site A,08:00,09:00,Completed,45,clear,intermediate,1467,,{}
SYN-T-2993,OP-013,M-3,EXCAVATION_LOAD,Material Loading,Site B,08:00,09:00,Upcoming,60,clear,intermediate,1504,,{}
SYN-T-2994,OP-014,M-5,HAUL_TRANSPORT,Haul Cycle,Site A,08:00,09:00,Completed,60,clear,intermediate,1541,,{}
SYN-T-2995,OP-015,M-1,EXCAVATION_LOAD,Excavation — Trench Digging,Site B,08:00,09:00,Completed,45,clear,intermediate,1578,,{}
SYN-T-2996,OP-016,M-3,EXCAVATION_LOAD,Material Loading,Site A,08:00,09:00,Completed,60,clear,intermediate,1615,,{}
SYN-T-2997,OP-017,M-5,HAUL_TRANSPORT,Haul Cycle,Site B,08:00,09:00,Upcoming,60,clear,intermediate,1652,,{}
SYN-T-2998,OP-018,M-1,EXCAVATION_LOAD,Excavation — Trench Digging,Site A,08:00,09:00,Completed,45,clear,intermediate,1689,,{}
SYN-T-2999,OP-019,M-3,EXCAVATION_LOAD,Material Loading,Site B,08:00,09:00,Completed,60,clear,intermediate,1726,,{}
SYN-T-3000,OP-020,M-5,HAUL_TRANSPORT,Haul Cycle,Site A,08:00,09:00,Completed,60,clear,intermediate,1763,,{}
