event_id,session_id,timestamp,ambient_temp_c,humidity_pct,wind_speed_kmh,fuel_level_pct,fuel_rate_lph,engine_temp_c,hydraulic_load_pct,payload_pct,seatbelt_fastened,proximity_distance_m,proximity_limit_m,proximity_closing_speed_mps,visibility,soil_type,ground_condition,tilt_deg,idle_seconds,fuel_per_cycle_l,unusual_pattern,cycle_phase
1,WS-001,2026-09-23T08:00:00,32.7,58,12,62.0,21.0,79.4,50.4,20,1,12,8,0,Good,Rocky,Hard,3.1,0,4.2,True,ACQUIRE
2,WS-001,2026-09-23T08:00:00,34.0,58,12,62.0,22.5,81.0,75.0,65,1,12,8,0,Good,Rocky,Hard,3.8,0,4.5,False,LIFT
3,WS-001,2026-09-23T08:00:00,33.2,58,12,62.0,22.5,80.6,74.3,65,1,12,8,0,Good,Rocky,Hard,3.2,0,4.49,False,SWING
4,WS-001,2026-09-23T08:00:00,32.8,58,12,61.9,21.0,79.4,50.5,20,1,12,8,0,Good,Rocky,Hard,2.6,0,4.21,False,DUMP
5,WS-001,2026-09-23T08:00:00,32.8,58,12,61.9,20.7,79.2,45.7,20,1,12,8,0,Good,Rocky,Hard,4.0,0,4.15,False,RETURN
6,WS-001,2026-09-23T08:00:00,34.0,58,12,61.9,21.0,80.0,50.6,20,1,12,8,0,Good,Rocky,Hard,2.2,0,4.21,False,ACQUIRE
7,WS-001,2026-09-23T08:00:00,32.9,58,12,61.9,22.3,80.3,72.4,65,1,12,8,0,Good,Rocky,Hard,2.1,0,4.47,False,LIFT
8,WS-001,2026-09-23T08:00:00,33.3,58,12,61.9,22.2,80.5,70.4,65,1,12,8,0,Good,Rocky,Hard,2.7,0,4.44,False,SWING
9,WS-001,2026-09-23T08:00:00,33.6,58,12,61.8,20.8,79.7,47.0,20,1,12,8,0,Good,Rocky,Hard,2.8,0,4.16,False,DUMP
10,WS-001,2026-09-23T08:00:00,34.1,58,12,61.8,20.8,79.9,46.4,20,1,12,8,0,Good,Rocky,Hard,2.4,0,4.16,False,RETURN
11,WS-001,2026-09-23T08:00:00,34.1,58,12,61.8,20.9,80.0,48.1,20,1,12,8,0,Good,Rocky,Hard,3.4,0,4.18,False,ACQUIRE
12,WS-001,2026-09-23T08:00:00,33.9,58,12,61.8,22.5,80.9,74.7,65,1,12,8,0,Good,Rocky,Hard,2.5,0,4.5,False,LIFT
13,WS-001,2026-09-23T08:00:00,34.2,58,12,61.8,22.4,81.0,73.7,65,1,12,8,0,Good,Rocky,Hard,3.3,0,4.48,False,SWING
14,WS-001,2026-09-23T08:00:00,34.8,58,12,61.7,20.9,80.3,48.7,20,1,12,8,0,Good,Rocky,Hard,2.6,0,4.18,False,DUMP
15,WS-001,2026-09-23T08:00:00,34.1,58,12,61.7,20.7,79.9,45.6,20,1,12,8,0,Good,Rocky,Hard,3.9,0,4.15,False,RETURN
16,WS-001,2026-09-23T08:00:00,35.0,58,12,61.7,20.8,80.4,47.4,20,1,12,8,0,Good,Rocky,Hard,3.9,0,4.17,False,ACQUIRE
17,WS-001,2026-09-23T08:00:00,34.4,58,12,61.7,22.4,81.1,73.7,65,1,12,8,0,Good,Rocky,Hard,2.6,0,4.48,False,LIFT
18,WS-001,2026-09-23T08:00:00,35.0,58,12,61.7,22.6,81.6,76.8,65,1,12,8,0,Good,Rocky,Hard,2.2,0,4.52,False,SWING
19,WS-001,2026-09-23T08:00:00,33.7,58,12,61.6,20.9,79.8,47.9,20,1,12,8,0,Good,Rocky,Hard,2.6,0,4.17,False,DUMP
20,WS-001,2026-09-23T08:00:00,34.3,58,12,61.6,20.7,80.0,45.2,20,1,12,8,0,Good,Rocky,Hard,3.7,0,4.14,False,RETURN
21,WS-001,2026-09-23T08:00:00,33.7,58,12,61.6,20.7,79.7,45.1,20,1,12,8,0,Good,Rocky,Hard,3.7,0,4.14,True,ACQUIRE
22,WS-001,2026-09-23T08:00:00,34.4,58,12,61.6,22.7,81.3,77.8,65,1,12,8,0,Good,Rocky,Hard,3.8,0,4.53,False,LIFT
23,WS-001,2026-09-23T08:00:00,34.3,58,12,61.6,22.6,81.2,76.7,65,1,12,8,0,Good,Rocky,Hard,3.8,0,4.52,False,SWING
24,WS-001,2026-09-23T08:00:00,34.3,58,12,61.5,20.8,80.0,46.8,20,1,12,8,0,Good,Rocky,Hard,3.6,0,4.16,False,DUMP
25,WS-001,2026-09-23T08:00:00,33.1,58,12,61.5,20.8,79.4,46.5,20,1,12,8,0,Good,Rocky,Hard,2.5,0,4.16,False,RETURN
26,WS-001,2026-09-23T08:00:00,34.1,58,12,61.5,21.1,80.1,51.1,20,1,6,8,0,Good,Rocky,Hard,3.4,0,4.21,False,ACQUIRE
27,WS-001,2026-09-23T08:00:00,32.8,58,12,61.5,22.2,80.2,70.8,65,1,6,8,0,Good,Rocky,Hard,3.3,0,4.45,False,LIFT
28,WS-001,2026-09-23T08:00:00,32.5,58,12,61.5,22.6,80.3,76.3,65,1,6,8,0,Good,Rocky,Hard,2.1,0,4.52,False,SWING
29,WS-001,2026-09-23T08:00:00,33.1,58,12,61.4,20.8,79.4,46.1,20,1,6,8,0,Good,Rocky,Hard,3.8,0,4.15,False,DUMP
30,WS-001,2026-09-23T08:00:00,32.9,58,12,61.4,20.9,79.4,48.3,20,1,6,8,0,Good,Rocky,Hard,2.4,0,4.18,False,RETURN
31,WS-001,2026-09-23T08:00:00,33.7,58,12,61.4,21.1,79.9,52.0,20,1,12,8,0,Good,Rocky,Hard,2.7,0,4.22,False,ACQUIRE
32,WS-001,2026-09-23T08:00:00,33.0,58,12,61.4,22.3,80.4,72.2,65,1,12,8,0,Good,Rocky,Hard,2.3,0,4.47,False,LIFT
33,WS-001,2026-09-23T08:00:00,33.8,58,12,61.4,22.7,81.0,77.6,65,1,12,8,0,Good,Rocky,Hard,3.9,0,4.53,False,SWING
34,WS-001,2026-09-23T08:00:00,32.4,58,12,61.3,21.1,79.3,52.0,20,1,12,8,0,Good,Rocky,Hard,3.6,0,4.22,False,DUMP
35,WS-001,2026-09-23T08:00:00,32.7,58,12,61.3,20.7,79.2,45.6,20,1,12,8,0,Good,Rocky,Hard,3.5,3,4.15,False,RETURN
36,WS-001,2026-09-23T08:00:00,32.1,58,12,61.3,21.0,79.1,50.4,20,1,12,8,0,Good,Rocky,Hard,3.3,0,4.2,False,ACQUIRE
37,WS-001,2026-09-23T08:00:00,32.4,58,12,61.3,22.6,80.3,76.8,65,1,12,8,0,Good,Rocky,Hard,3.1,0,4.52,False,LIFT
38,WS-001,2026-09-23T08:00:00,31.7,58,12,61.3,22.4,79.8,73.2,65,1,12,8,0,Good,Rocky,Hard,2.5,0,4.48,False,SWING
39,WS-001,2026-09-23T08:00:00,31.6,58,12,61.2,20.9,78.7,47.9,20,1,12,8,0,Good,Rocky,Hard,3.5,0,4.17,False,DUMP
40,WS-001,2026-09-23T08:00:00,31.8,58,12,61.2,20.9,78.8,48.0,20,1,12,8,0,Good,Rocky,Hard,3.3,0,4.18,False,RETURN
41,WS-001,2026-09-23T08:00:00,32.0,58,12,61.2,21.0,79.0,50.4,20,1,12,8,0,Good,Rocky,Hard,2.9,0,4.2,True,ACQUIRE
42,WS-001,2026-09-23T08:00:00,32.4,58,12,61.2,22.6,80.3,77.5,65,1,12,8,0,Good,Rocky,Hard,2.7,0,4.53,False,LIFT
43,WS-001,2026-09-23T08:00:00,32.3,58,12,61.2,22.5,80.2,75.2,65,1,12,8,0,Good,Rocky,Hard,3.3,0,4.5,False,SWING
44,WS-001,2026-09-23T08:00:00,32.0,58,12,61.1,21.0,79.0,50.6,20,1,12,8,0,Good,Rocky,Hard,3.3,0,4.21,False,DUMP
45,WS-001,2026-09-23T08:00:00,31.3,58,12,61.1,20.7,78.5,45.4,20,1,12,8,0,Good,Rocky,Hard,2.1,0,4.14,False,RETURN
46,WS-001,2026-09-23T08:00:00,33.0,58,12,61.1,20.8,79.3,45.9,20,1,12,8,0,Good,Rocky,Hard,2.5,0,4.15,False,ACQUIRE
47,WS-001,2026-09-23T08:00:00,32.1,58,12,61.1,22.4,80.0,73.1,65,1,12,8,0,Good,Rocky,Hard,2.7,0,4.48,False,LIFT
48,WS-001,2026-09-23T08:00:00,32.9,58,12,61.1,22.5,80.5,75.6,65,1,12,8,0,Good,Rocky,Hard,3.1,0,4.51,False,SWING
49,WS-001,2026-09-23T08:00:00,32.2,58,12,61.0,21.0,79.1,50.8,20,1,12,8,0,Good,Rocky,Hard,3.8,0,4.21,False,DUMP
50,WS-001,2026-09-23T08:00:00,32.3,58,12,61.0,21.1,79.2,51.7,20,1,12,8,0,Good,Rocky,Hard,3.2,0,4.22,False,RETURN
51,WS-001,2026-09-23T08:00:00,32.9,58,12,61.0,20.8,79.3,47.2,20,1,12,8,0,Good,Rocky,Hard,3.4,0,4.17,False,ACQUIRE
52,WS-001,2026-09-23T08:00:00,31.5,58,12,61.0,22.4,79.7,73.6,65,1,12,8,0,Good,Rocky,Hard,2.5,0,4.48,False,LIFT
53,WS-001,2026-09-23T08:00:00,31.8,58,12,61.0,22.7,80.0,77.8,65,1,12,8,0,Good,Rocky,Hard,2.7,0,4.53,False,SWING
54,WS-001,2026-09-23T08:00:00,33.0,58,12,60.9,21.0,79.5,50.2,20,1,12,8,0,Good,Rocky,Hard,2.1,0,4.2,False,DUMP
55,WS-001,2026-09-23T08:00:00,31.8,58,12,60.9,21.2,79.0,52.7,20,1,12,8,0,Good,Rocky,Hard,3.9,0,4.23,False,RETURN
56,WS-001,2026-09-23T08:00:00,32.9,58,12,60.9,20.7,79.3,45.7,20,1,6,8,0,Good,Rocky,Hard,2.4,0,4.15,False,ACQUIRE
57,WS-001,2026-09-23T08:00:00,32.6,58,12,60.9,22.7,80.4,77.8,65,1,6,8,0,Good,Rocky,Hard,2.1,0,4.53,False,LIFT
58,WS-001,2026-09-23T08:00:00,32.1,58,12,60.9,22.7,80.2,77.9,65,1,6,8,0,Good,Rocky,Hard,3.6,0,4.53,False,SWING
59,WS-001,2026-09-23T08:00:00,31.9,58,12,60.8,21.1,79.0,51.6,20,1,6,8,0,Good,Rocky,Hard,3.1,0,4.22,False,DUMP
60,WS-001,2026-09-23T08:00:00,32.8,58,12,60.8,21.1,79.5,51.5,20,1,6,8,0,Good,Rocky,Hard,2.5,0,4.22,False,RETURN
61,WS-001,2026-09-23T08:00:00,33.3,58,12,60.8,21.1,79.7,51.3,20,1,12,8,0,Good,Rocky,Hard,3.2,0,4.22,True,ACQUIRE
62,WS-001,2026-09-23T08:00:00,32.4,58,12,60.8,22.7,80.3,77.9,65,1,12,8,0,Good,Rocky,Hard,4.0,0,4.53,False,LIFT
63,WS-001,2026-09-23T08:00:00,33.0,58,12,60.8,22.6,80.6,76.4,65,1,12,8,0,Good,Rocky,Hard,2.2,0,4.52,False,SWING
64,WS-001,2026-09-23T08:00:00,33.7,58,12,60.7,20.8,79.7,46.1,20,1,12,8,0,Good,Rocky,Hard,2.7,0,4.15,False,DUMP
65,WS-001,2026-09-23T08:00:00,33.7,58,12,60.7,21.0,79.8,49.7,20,1,12,8,0,Good,Rocky,Hard,2.0,0,4.2,False,RETURN
66,WS-001,2026-09-23T08:00:00,32.7,58,12,60.7,20.8,79.2,46.0,20,1,12,8,0,Good,Rocky,Hard,2.8,0,4.15,False,ACQUIRE
67,WS-001,2026-09-23T08:00:00,32.5,58,12,60.7,22.2,80.1,70.5,65,1,12,8,0,Good,Rocky,Hard,2.9,0,4.45,False,LIFT
68,WS-001,2026-09-23T08:00:00,33.1,58,12,60.7,22.5,80.5,74.7,65,1,12,8,0,Good,Rocky,Hard,2.9,0,4.5,False,SWING
69,WS-001,2026-09-23T08:00:00,32.9,58,12,60.6,21.0,79.4,49.9,20,1,12,8,0,Good,Rocky,Hard,3.5,0,4.2,False,DUMP
70,WS-001,2026-09-23T08:00:00,34.4,58,12,60.6,21.0,80.2,50.3,20,1,12,8,0,Good,Rocky,Hard,2.6,0,4.2,False,RETURN
71,WS-001,2026-09-23T08:00:00,33.9,58,12,60.6,20.7,79.8,45.2,20,1,12,8,0,Good,Rocky,Hard,4.0,0,4.14,False,ACQUIRE
72,WS-001,2026-09-23T08:00:00,34.4,58,12,60.6,22.4,81.1,73.4,65,1,12,8,0,Good,Rocky,Hard,2.2,0,4.48,False,LIFT
73,WS-001,2026-09-23T08:00:00,34.2,58,12,60.6,22.4,81.0,73.5,65,1,12,8,0,Good,Rocky,Hard,3.8,0,4.48,False,SWING
74,WS-001,2026-09-23T08:00:00,33.5,58,12,60.5,20.8,79.6,46.2,20,1,12,8,0,Good,Rocky,Hard,2.3,0,4.15,False,DUMP
75,WS-001,2026-09-23T08:00:00,34.1,58,12,60.5,21.0,80.0,49.7,20,1,12,8,0,Good,Rocky,Hard,3.4,0,4.2,False,RETURN
76,WS-001,2026-09-23T08:00:00,33.7,58,12,60.5,21.0,79.8,49.8,20,1,12,8,0,Good,Rocky,Hard,2.6,0,4.2,False,ACQUIRE
77,WS-001,2026-09-23T08:00:00,34.0,58,12,60.5,22.4,80.9,73.4,65,1,12,8,0,Good,Rocky,Hard,3.6,0,4.48,False,LIFT
78,WS-001,2026-09-23T08:00:00,33.2,58,12,60.5,22.5,80.6,75.2,65,1,12,8,0,Good,Rocky,Hard,3.8,0,4.5,False,SWING
79,WS-001,2026-09-23T08:00:00,34.1,58,12,60.4,21.1,80.1,51.9,20,1,12,8,0,Good,Rocky,Hard,2.9,0,4.22,False,DUMP
80,WS-001,2026-09-23T08:00:00,34.8,58,12,60.4,20.9,80.3,48.3,20,1,12,8,0,Good,Rocky,Hard,3.7,0,4.18,False,RETURN
81,WS-001,2026-09-23T08:00:00,33.8,58,12,60.4,21.0,79.9,50.8,20,1,12,8,0,Good,Rocky,Hard,2.6,0,4.21,True,ACQUIRE
82,WS-001,2026-09-23T08:00:00,33.6,58,12,60.4,22.3,80.7,72.0,65,1,12,8,0,Good,Rocky,Hard,3.9,0,4.46,False,LIFT
83,WS-001,2026-09-23T08:00:00,34.3,58,12,60.4,22.4,81.1,73.8,65,1,12,8,0,Good,Rocky,Hard,2.2,0,4.49,False,SWING
84,WS-001,2026-09-23T08:00:00,33.1,58,12,60.3,20.9,79.5,48.5,20,1,12,8,0,Good,Rocky,Hard,3.5,0,4.18,False,DUMP
85,WS-001,2026-09-23T08:00:00,33.6,58,12,60.3,20.8,79.6,46.0,20,1,12,8,0,Good,Rocky,Hard,2.1,0,4.15,False,RETURN
86,WS-001,2026-09-23T08:00:00,34.7,58,12,60.3,21.0,80.3,49.5,20,1,6,8,0,Good,Rocky,Hard,3.3,0,4.19,False,ACQUIRE
87,WS-001,2026-09-23T08:00:00,33.6,58,12,60.3,22.6,80.9,77.0,65,1,6,8,0,Good,Rocky,Hard,3.9,0,4.52,False,LIFT
88,WS-001,2026-09-23T08:00:00,33.5,58,12,60.3,22.6,80.8,77.3,65,1,6,8,0,Good,Rocky,Hard,2.1,0,4.53,False,SWING
89,WS-001,2026-09-23T08:00:00,33.2,58,12,60.2,20.9,79.5,47.5,20,1,6,8,0,Good,Rocky,Hard,2.2,0,4.17,False,DUMP
90,WS-001,2026-09-23T08:00:00,33.5,58,12,60.2,20.8,79.6,46.2,20,1,6,8,0,Good,Rocky,Hard,3.0,0,4.15,False,RETURN
91,WS-001,2026-09-23T08:00:00,34.1,58,12,60.2,20.9,80.0,47.8,20,1,12,8,0,Good,Rocky,Hard,3.1,0,4.17,False,ACQUIRE
92,WS-001,2026-09-23T08:00:00,32.5,58,12,60.2,22.3,80.1,72.2,65,1,12,8,0,Good,Rocky,Hard,2.5,0,4.47,False,LIFT
93,WS-001,2026-09-23T08:00:00,33.1,58,12,60.2,22.5,80.5,74.5,65,1,12,8,0,Good,Rocky,Hard,3.5,0,4.49,False,SWING
94,WS-001,2026-09-23T08:00:00,33.4,58,12,60.1,21.0,79.7,50.4,20,1,12,8,0,Good,Rocky,Hard,3.1,0,4.2,False,DUMP
95,WS-001,2026-09-23T08:00:00,33.2,58,12,60.1,21.0,79.6,50.3,20,1,12,8,0,Good,Rocky,Hard,3.4,0,4.2,False,RETURN
96,WS-001,2026-09-23T08:00:00,32.0,58,12,60.1,20.8,78.9,47.2,20,1,12,8,0,Good,Rocky,Hard,3.5,0,4.17,False,ACQUIRE
97,WS-001,2026-09-23T08:00:00,33.7,58,12,60.1,22.4,80.8,72.8,65,1,12,8,0,Good,Rocky,Hard,2.4,0,4.47,False,LIFT
98,WS-001,2026-09-23T08:00:00,32.0,58,12,60.1,22.5,80.0,75.3,65,1,12,8,0,Good,Rocky,Hard,2.1,0,4.5,False,SWING
99,WS-001,2026-09-23T08:00:00,33.1,58,12,60.0,21.2,79.7,52.8,20,1,12,8,0,Good,Rocky,Hard,2.2,0,4.23,False,DUMP
100,WS-001,2026-09-23T08:00:00,32.6,58,12,60.0,20.9,79.2,48.0,20,1,12,8,0,Good,Rocky,Hard,2.9,0,4.18,False,RETURN
101,WS-001,2026-09-23T08:00:00,31.8,58,12,60.0,20.9,78.8,47.5,20,1,12,8,0,Good,Rocky,Hard,2.6,0,4.17,True,ACQUIRE
102,WS-001,2026-09-23T08:00:00,33.3,58,12,60.0,22.5,80.6,74.8,65,1,12,8,0,Good,Rocky,Hard,3.8,0,4.5,False,LIFT
103,WS-001,2026-09-23T08:00:00,31.6,58,12,60.0,22.6,79.8,76.0,65,1,12,8,0,Good,Rocky,Hard,2.1,0,4.51,False,SWING
104,WS-001,2026-09-23T08:00:00,31.4,58,12,59.9,20.9,78.6,48.5,20,1,12,8,0,Good,Rocky,Hard,2.8,0,4.18,False,DUMP
105,WS-001,2026-09-23T08:00:00,32.4,58,12,59.9,20.9,79.1,48.3,20,1,12,8,0,Good,Rocky,Hard,2.4,0,4.18,False,RETURN
106,WS-001,2026-09-23T08:00:00,32.1,58,12,59.9,20.9,79.0,47.8,20,1,12,8,0,Good,Rocky,Hard,2.2,0,4.17,False,ACQUIRE
107,WS-001,2026-09-23T08:00:00,32.4,58,12,59.9,22.5,80.2,74.7,65,1,12,8,0,Good,Rocky,Hard,3.1,0,4.5,False,LIFT
108,WS-001,2026-09-23T08:00:00,31.7,58,12,59.9,22.3,79.7,71.8,65,1,12,8,0,Good,Rocky,Hard,4.0,0,4.46,False,SWING
109,WS-001,2026-09-23T08:00:00,31.1,58,12,59.8,20.8,78.4,46.6,20,1,12,8,0,Good,Rocky,Hard,3.9,0,4.16,False,DUMP
110,WS-001,2026-09-23T08:00:00,32.5,58,12,59.8,21.1,79.3,51.1,20,1,12,8,0,Good,Rocky,Hard,2.6,0,4.21,False,RETURN
111,WS-001,2026-09-23T08:00:00,31.2,58,12,59.8,20.9,78.6,49.0,20,1,12,8,0,Good,Rocky,Hard,2.9,0,4.19,False,ACQUIRE
112,WS-001,2026-09-23T08:00:00,31.3,58,12,59.8,22.5,79.6,74.3,65,1,12,8,0,Good,Rocky,Hard,2.5,0,4.49,False,LIFT
113,WS-001,2026-09-23T08:00:00,32.1,58,12,59.8,22.5,80.1,75.3,65,1,12,8,0,Good,Rocky,Hard,2.7,0,4.5,False,SWING
114,WS-001,2026-09-23T08:00:00,31.8,58,12,59.7,21.1,78.9,50.9,20,1,12,8,0,Good,Rocky,Hard,2.9,0,4.21,False,DUMP
115,WS-001,2026-09-23T08:00:00,32.0,58,12,59.7,20.7,78.8,45.6,20,1,12,8,0,Good,Rocky,Hard,2.6,0,4.15,False,RETURN
116,WS-001,2026-09-23T08:00:00,32.0,58,12,59.7,20.9,78.9,48.2,20,1,6,8,0,Good,Rocky,Hard,3.3,0,4.18,False,ACQUIRE
117,WS-001,2026-09-23T08:00:00,31.8,58,12,59.7,22.4,79.8,73.2,65,1,6,8,0,Good,Rocky,Hard,3.9,0,4.48,False,LIFT
118,WS-001,2026-09-23T08:00:00,31.6,58,12,59.7,22.7,79.9,77.6,65,1,6,8,0,Good,Rocky,Hard,2.9,0,4.53,False,SWING
119,WS-001,2026-09-23T08:00:00,32.7,58,12,59.6,20.9,79.3,47.9,20,1,6,8,0,Good,Rocky,Hard,2.9,0,4.17,False,DUMP
120,WS-001,2026-09-23T08:00:00,31.6,58,12,59.6,20.9,78.7,48.5,20,1,6,8,0,Good,Rocky,Hard,2.8,3,4.18,False,RETURN
121,WS-001,2026-09-23T08:00:00,31.6,58,12,59.6,21.1,78.9,52.0,20,1,12,8,0,Good,Rocky,Hard,3.5,0,4.22,True,ACQUIRE
122,WS-001,2026-09-23T08:00:00,32.0,58,12,59.6,22.6,80.0,76.2,65,1,12,8,0,Good,Rocky,Hard,2.2,0,4.51,False,LIFT
123,WS-001,2026-09-23T08:00:00,32.9,58,12,59.6,22.5,80.4,74.2,65,1,12,8,0,Good,Rocky,Hard,2.4,0,4.49,False,SWING
124,WS-001,2026-09-23T08:00:00,33.3,58,12,59.5,20.9,79.6,47.8,20,1,12,8,0,Good,Rocky,Hard,3.9,0,4.17,False,DUMP
125,WS-001,2026-09-23T08:00:00,33.1,58,12,59.5,20.8,79.4,46.2,20,1,12,8,0,Good,Rocky,Hard,2.2,0,4.15,False,RETURN
126,WS-001,2026-09-23T08:00:00,32.4,58,12,59.5,20.8,79.1,46.4,20,1,12,8,0,Good,Rocky,Hard,2.3,0,4.16,False,ACQUIRE
127,WS-001,2026-09-23T08:00:00,33.6,58,12,59.5,22.2,80.6,70.6,65,1,12,8,0,Good,Rocky,Hard,3.9,0,4.45,False,LIFT
128,WS-001,2026-09-23T08:00:00,33.4,58,12,59.5,22.4,80.6,73.7,65,1,12,8,0,Good,Rocky,Hard,3.1,0,4.48,False,SWING
129,WS-001,2026-09-23T08:00:00,33.4,58,12,59.4,21.0,79.7,50.4,20,1,12,8,0,Good,Rocky,Hard,3.8,0,4.2,False,DUMP
130,WS-001,2026-09-23T08:00:00,33.6,58,12,59.4,21.2,79.9,52.9,20,1,12,8,0,Good,Rocky,Hard,2.6,0,4.23,False,RETURN
131,WS-001,2026-09-23T08:00:00,34.4,58,12,59.4,20.9,80.1,47.5,20,1,12,8,0,Good,Rocky,Hard,2.9,0,4.17,False,ACQUIRE
132,WS-001,2026-09-23T08:00:00,33.4,58,12,59.4,22.5,80.7,75.1,65,1,12,8,0,Good,Rocky,Hard,3.6,0,4.5,False,LIFT
133,WS-001,2026-09-23T08:00:00,33.8,58,12,59.4,22.4,80.8,72.8,65,1,12,8,0,Good,Rocky,Hard,2.1,0,4.47,False,SWING
134,WS-001,2026-09-23T08:00:00,33.6,58,12,59.3,20.7,79.6,45.3,20,1,12,8,0,Good,Rocky,Hard,2.7,0,4.14,False,DUMP
135,WS-001,2026-09-23T08:00:00,33.3,58,12,59.3,21.0,79.7,50.2,20,1,12,8,0,Good,Rocky,Hard,4.0,0,4.2,False,RETURN
136,WS-001,2026-09-23T08:00:00,33.0,58,12,59.3,21.0,79.5,49.8,20,1,12,8,0,Good,Rocky,Hard,2.8,0,4.2,False,ACQUIRE
137,WS-001,2026-09-23T08:00:00,34.0,58,12,59.3,22.7,81.1,77.6,65,1,12,8,0,Good,Rocky,Hard,3.5,0,4.53,False,LIFT
138,WS-001,2026-09-23T08:00:00,33.0,58,12,59.3,22.6,80.6,77.3,65,1,12,8,0,Good,Rocky,Hard,3.1,0,4.53,False,SWING
139,WS-001,2026-09-23T08:00:00,33.3,58,12,59.2,21.0,79.6,49.8,20,1,12,8,0,Good,Rocky,Hard,3.0,0,4.2,False,DUMP
140,WS-001,2026-09-23T08:00:00,34.9,58,12,59.2,20.9,80.4,48.6,20,1,12,8,0,Good,Rocky,Hard,3.6,0,4.18,False,RETURN
141,WS-001,2026-09-23T08:00:00,34.7,58,12,59.2,21.2,80.5,52.9,20,1,12,8,0,Good,Rocky,Hard,2.2,0,4.23,True,ACQUIRE
142,WS-001,2026-09-23T08:00:00,34.3,58,12,59.2,22.2,81.0,70.3,65,1,12,8,0,Good,Rocky,Hard,3.4,0,4.44,False,LIFT
143,WS-001,2026-09-23T08:00:00,35.0,58,12,59.2,22.5,81.5,74.2,65,1,12,8,0,Good,Rocky,Hard,3.2,0,4.49,False,SWING
144,WS-001,2026-09-23T08:00:00,33.7,58,12,59.1,21.1,79.9,52.3,20,1,12,8,0,Good,Rocky,Hard,2.8,0,4.23,False,DUMP
145,WS-001,2026-09-23T08:00:00,34.5,58,12,59.1,21.0,80.3,50.4,20,1,12,8,0,Good,Rocky,Hard,2.1,0,4.2,False,RETURN
146,WS-001,2026-09-23T08:00:00,34.2,58,12,59.1,20.9,80.0,47.7,20,1,6,8,0,Good,Rocky,Hard,2.7,0,4.17,False,ACQUIRE
147,WS-001,2026-09-23T08:00:00,34.0,58,12,59.1,22.4,80.9,73.1,65,1,6,8,0,Good,Rocky,Hard,2.5,0,4.48,False,LIFT
148,WS-001,2026-09-23T08:00:00,34.5,58,12,59.1,22.7,81.4,77.7,65,1,6,8,0,Good,Rocky,Hard,3.2,0,4.53,False,SWING
149,WS-001,2026-09-23T08:00:00,33.1,58,12,59.0,20.7,79.4,45.7,20,1,6,8,0,Good,Rocky,Hard,3.3,0,4.15,False,DUMP
150,WS-001,2026-09-23T08:00:00,34.6,58,12,59.0,20.9,80.2,47.5,20,1,6,8,0,Good,Rocky,Hard,3.3,0,4.17,False,RETURN
151,WS-002,2026-09-23T08:00:00,33.9,58,12,62.0,21.2,80.1,53.0,20,1,12,8,0,Good,Medium (Sandy),Dry,3.8,0,5.72,True,ACQUIRE
152,WS-002,2026-09-23T08:00:00,32.3,58,12,62.0,22.5,80.2,75.4,65,1,12,8,0,Good,Medium (Sandy),Dry,3.0,0,6.08,False,LIFT
153,WS-002,2026-09-23T08:00:00,32.2,58,12,62.0,22.4,80.0,72.5,65,1,12,8,0,Good,Medium (Sandy),Dry,3.9,0,6.03,False,SWING
154,WS-002,2026-09-23T08:00:00,33.0,58,12,61.9,21.1,79.5,51.1,20,1,12,8,0,Good,Medium (Sandy),Dry,2.4,0,5.69,False,DUMP
155,WS-002,2026-09-23T08:00:00,34.4,58,12,61.9,20.8,80.0,46.2,20,1,12,8,0,Good,Medium (Sandy),Dry,2.6,0,5.61,False,RETURN
156,WS-002,2026-09-23T08:00:00,34.1,58,12,61.9,20.9,80.0,49.1,20,1,12,8,0,Good,Medium (Sandy),Dry,3.1,0,5.66,False,ACQUIRE
157,WS-002,2026-09-23T08:00:00,34.0,58,12,61.9,22.5,81.0,74.2,65,1,12,8,0,Good,Medium (Sandy),Dry,3.3,0,6.06,False,LIFT
158,WS-002,2026-09-23T08:00:00,34.4,58,12,61.9,22.5,81.2,74.9,65,1,12,8,0,Good,Medium (Sandy),Dry,3.2,0,6.07,False,SWING
159,WS-002,2026-09-23T08:00:00,33.0,58,12,61.8,20.8,79.4,46.4,20,1,12,8,0,Good,Medium (Sandy),Dry,3.4,0,5.61,False,DUMP
160,WS-002,2026-09-23T08:00:00,34.0,58,12,61.8,21.1,80.1,52.2,20,1,12,8,0,Good,Medium (Sandy),Dry,3.4,0,5.71,False,RETURN
161,WS-002,2026-09-23T08:00:00,32.9,58,12,61.8,20.9,79.4,47.9,20,1,12,8,0,Good,Medium (Sandy),Dry,3.4,0,5.64,True,ACQUIRE
162,WS-002,2026-09-23T08:00:00,34.8,58,12,61.8,22.5,81.4,74.9,65,1,12,8,0,Good,Medium (Sandy),Dry,3.5,0,6.07,False,LIFT
163,WS-002,2026-09-23T08:00:00,34.5,58,12,61.8,22.3,81.1,71.9,65,1,12,8,0,Good,Medium (Sandy),Dry,2.5,0,6.02,False,SWING
164,WS-002,2026-09-23T08:00:00,34.9,58,12,61.7,21.1,80.5,51.3,20,1,12,8,0,Good,Medium (Sandy),Dry,3.8,0,5.69,False,DUMP
165,WS-002,2026-09-23T08:00:00,33.4,58,12,61.7,21.0,79.7,50.4,20,1,12,8,0,Good,Medium (Sandy),Dry,3.1,0,5.68,False,RETURN
166,WS-002,2026-09-23T08:00:00,33.9,58,12,61.7,21.1,80.0,51.2,20,1,12,8,0,Good,Medium (Sandy),Dry,3.6,0,5.69,False,ACQUIRE
167,WS-002,2026-09-23T08:00:00,34.0,58,12,61.7,22.4,80.9,73.3,65,1,12,8,0,Good,Medium (Sandy),Dry,2.3,0,6.05,False,LIFT
168,WS-002,2026-09-23T08:00:00,33.4,58,12,61.7,22.5,80.7,74.8,65,1,12,8,0,Good,Medium (Sandy),Dry,3.7,0,6.07,False,SWING
169,WS-002,2026-09-23T08:00:00,33.1,58,12,61.6,20.9,79.5,48.8,20,1,12,8,0,Good,Medium (Sandy),Dry,2.7,0,5.65,False,DUMP
170,WS-002,2026-09-23T08:00:00,34.8,58,12,61.6,21.0,80.4,50.7,20,1,12,8,0,Good,Medium (Sandy),Dry,3.0,0,5.68,False,RETURN
171,WS-002,2026-09-23T08:00:00,33.2,58,12,61.6,20.7,79.4,45.7,20,0,12,8,0,Good,Medium (Sandy),Dry,2.3,0,5.6,False,ACQUIRE
172,WS-002,2026-09-23T08:00:00,33.8,58,12,61.6,22.4,80.9,74.1,65,0,12,8,0,Good,Medium (Sandy),Dry,3.7,0,6.06,False,LIFT
173,WS-002,2026-09-23T08:00:00,33.0,58,12,61.6,22.6,80.6,77.3,65,1,12,8,0,Good,Medium (Sandy),Dry,3.6,0,6.11,False,SWING
174,WS-002,2026-09-23T08:00:00,34.5,58,12,61.5,21.1,80.3,52.4,20,1,12,8,0,Good,Medium (Sandy),Dry,2.8,0,5.71,False,DUMP
175,WS-002,2026-09-23T08:00:00,33.5,58,12,61.5,20.9,79.7,48.0,20,1,12,8,0,Good,Medium (Sandy),Dry,2.8,0,5.64,False,RETURN
176,WS-002,2026-09-23T08:00:00,32.8,58,12,61.5,20.8,79.3,46.8,20,1,6,8,0,Good,Medium (Sandy),Dry,2.6,0,5.62,False,ACQUIRE
177,WS-002,2026-09-23T08:00:00,32.7,58,12,61.5,22.5,80.4,75.7,65,1,6,8,0,Good,Medium (Sandy),Dry,2.7,0,6.09,False,LIFT
178,WS-002,2026-09-23T08:00:00,32.7,58,12,61.5,22.2,80.2,70.3,65,1,6,8,0,Good,Medium (Sandy),Dry,3.8,0,6.0,False,SWING
179,WS-002,2026-09-23T08:00:00,33.3,58,12,61.4,21.1,79.7,51.6,20,1,6,8,0,Good,Medium (Sandy),Dry,3.5,0,5.7,False,DUMP
180,WS-002,2026-09-23T08:00:00,33.2,58,12,61.4,21.0,79.6,49.9,20,1,6,8,0,Good,Medium (Sandy),Dry,3.8,0,5.67,False,RETURN
181,WS-002,2026-09-23T08:00:00,32.2,58,12,61.4,20.8,79.0,46.7,20,1,12,8,0,Good,Medium (Sandy),Dry,2.3,0,5.62,True,ACQUIRE
182,WS-002,2026-09-23T08:00:00,33.9,58,12,61.4,22.5,80.9,74.9,65,1,12,8,0,Good,Medium (Sandy),Dry,2.8,0,6.07,False,LIFT
183,WS-002,2026-09-23T08:00:00,33.5,58,12,61.4,22.3,80.6,71.9,65,1,12,8,0,Good,Medium (Sandy),Dry,2.2,0,6.02,False,SWING
184,WS-002,2026-09-23T08:00:00,32.3,58,12,61.3,21.0,79.2,50.1,20,1,12,8,0,Good,Medium (Sandy),Dry,3.2,0,5.67,False,DUMP
185,WS-002,2026-09-23T08:00:00,31.9,58,12,61.3,21.1,79.0,51.7,20,1,12,8,0,Good,Medium (Sandy),Dry,3.0,3,5.7,False,RETURN
186,WS-002,2026-09-23T08:00:00,32.7,58,12,61.3,21.0,79.4,50.1,20,1,12,8,0,Good,Medium (Sandy),Dry,3.2,0,5.67,False,ACQUIRE
187,WS-002,2026-09-23T08:00:00,33.0,58,12,61.3,22.3,80.4,72.3,65,1,12,8,0,Good,Medium (Sandy),Dry,2.0,0,6.03,False,LIFT
188,WS-002,2026-09-23T08:00:00,32.2,58,12,61.3,22.5,80.1,74.6,65,1,12,8,0,Good,Medium (Sandy),Dry,2.4,0,6.07,False,SWING
189,WS-002,2026-09-23T08:00:00,32.7,58,12,61.2,21.0,79.3,49.2,20,1,12,8,0,Good,Medium (Sandy),Dry,2.7,0,5.66,False,DUMP
190,WS-002,2026-09-23T08:00:00,33.2,58,12,61.2,21.0,79.6,49.4,20,1,12,8,0,Good,Medium (Sandy),Dry,3.6,0,5.66,False,RETURN
191,WS-002,2026-09-23T08:00:00,32.3,58,12,61.2,20.7,79.0,45.2,20,1,12,8,0,Good,Medium (Sandy),Dry,3.7,0,5.59,False,ACQUIRE
192,WS-002,2026-09-23T08:00:00,31.3,58,12,61.2,22.4,79.6,73.1,65,1,12,8,0,Good,Medium (Sandy),Dry,2.7,0,6.04,False,LIFT
193,WS-002,2026-09-23T08:00:00,32.6,58,12,61.2,22.4,80.2,72.9,65,1,12,8,0,Good,Medium (Sandy),Dry,2.1,0,6.04,False,SWING
194,WS-002,2026-09-23T08:00:00,31.6,58,12,61.1,21.0,78.8,50.3,20,1,12,8,0,Good,Medium (Sandy),Dry,2.2,0,5.67,False,DUMP
195,WS-002,2026-09-23T08:00:00,32.2,58,12,61.1,21.1,79.1,51.1,20,1,12,8,0,Good,Medium (Sandy),Dry,2.3,0,5.69,False,RETURN
196,WS-002,2026-09-23T08:00:00,31.7,58,12,61.1,20.9,78.8,47.7,20,1,12,8,0,Good,Medium (Sandy),Dry,3.3,0,5.63,False,ACQUIRE
197,WS-002,2026-09-23T08:00:00,32.7,58,12,61.1,22.5,80.4,75.5,65,1,12,8,0,Good,Medium (Sandy),Dry,4.0,0,6.08,False,LIFT
198,WS-002,2026-09-23T08:00:00,32.0,58,12,61.1,22.3,79.9,71.5,65,1,12,8,0,Good,Medium (Sandy),Dry,2.3,0,6.02,True,SWING
199,WS-002,2026-09-23T08:00:00,32.4,58,12,61.0,21.1,79.3,52.5,20,1,12,8,0,Good,Medium (Sandy),Dry,2.1,0,5.71,False,DUMP
200,WS-002,2026-09-23T08:00:00,31.4,58,12,61.0,21.1,78.8,51.3,20,1,12,8,0,Good,Medium (Sandy),Dry,3.8,0,5.69,False,RETURN
201,WS-002,2026-09-23T08:00:00,31.7,58,12,61.0,20.9,78.8,47.5,20,1,12,8,0,Good,Medium (Sandy),Dry,2.8,0,5.63,True,ACQUIRE
202,WS-002,2026-09-23T08:00:00,32.7,58,12,61.0,22.4,80.3,73.8,65,1,12,8,0,Good,Medium (Sandy),Dry,2.1,0,6.06,False,LIFT
203,WS-002,2026-09-23T08:00:00,32.4,58,12,61.0,22.3,80.1,72.3,65,1,12,8,0,Good,Medium (Sandy),Dry,3.7,0,6.03,False,SWING
204,WS-002,2026-09-23T08:00:00,31.3,58,12,60.9,21.0,78.7,50.2,20,1,12,8,0,Good,Medium (Sandy),Dry,2.5,0,5.67,False,DUMP
205,WS-002,2026-09-23T08:00:00,32.8,58,12,60.9,20.9,79.3,48.5,20,1,12,8,0,Good,Medium (Sandy),Dry,2.8,0,5.65,False,RETURN
206,WS-002,2026-09-23T08:00:00,32.2,58,12,60.9,21.2,79.2,52.7,20,1,6,8,0,Good,Medium (Sandy),Dry,2.7,0,5.71,False,ACQUIRE
207,WS-002,2026-09-23T08:00:00,31.7,58,12,60.9,22.5,79.9,75.5,65,1,6,8,0,Good,Medium (Sandy),Dry,2.7,0,6.08,False,LIFT
208,WS-002,2026-09-23T08:00:00,33.0,58,12,60.9,22.3,80.4,72.1,65,1,6,8,0,Good,Medium (Sandy),Dry,2.2,0,6.03,False,SWING
209,WS-002,2026-09-23T08:00:00,32.4,58,12,60.8,20.9,79.1,48.4,20,1,6,8,0,Good,Medium (Sandy),Dry,4.0,0,5.64,False,DUMP
210,WS-002,2026-09-23T08:00:00,32.0,58,12,60.8,20.8,78.9,47.4,20,1,6,8,0,Good,Medium (Sandy),Dry,2.2,0,5.63,False,RETURN
211,WS-002,2026-09-23T08:00:00,32.4,58,12,60.8,20.8,79.1,47.4,20,1,12,8,0,Good,Medium (Sandy),Dry,2.9,0,5.63,False,ACQUIRE
212,WS-002,2026-09-23T08:00:00,33.3,58,12,60.8,22.3,80.5,71.3,65,1,12,8,0,Good,Medium (Sandy),Dry,2.9,0,6.02,False,LIFT
213,WS-002,2026-09-23T08:00:00,32.8,58,12,60.8,22.5,80.4,75.8,65,1,12,8,0,Good,Medium (Sandy),Dry,3.8,0,6.09,False,SWING
214,WS-002,2026-09-23T08:00:00,33.2,58,12,60.7,20.9,79.5,48.5,20,1,12,8,0,Good,Medium (Sandy),Dry,3.3,0,5.65,False,DUMP
215,WS-002,2026-09-23T08:00:00,33.7,58,12,60.7,20.7,79.7,45.5,20,1,12,8,0,Good,Medium (Sandy),Dry,3.3,0,5.6,False,RETURN
216,WS-002,2026-09-23T08:00:00,33.0,58,12,60.7,20.9,79.5,49.1,20,1,12,8,0,Good,Medium (Sandy),Dry,3.5,0,5.66,False,ACQUIRE
217,WS-002,2026-09-23T08:00:00,32.6,58,12,60.7,22.2,80.1,70.2,65,1,12,8,0,Good,Medium (Sandy),Dry,3.7,0,6.0,False,LIFT
218,WS-002,2026-09-23T08:00:00,33.8,58,12,60.7,22.4,80.8,73.5,65,1,12,8,0,Good,Medium (Sandy),Dry,2.3,0,6.05,False,SWING
219,WS-002,2026-09-23T08:00:00,33.0,58,12,60.6,21.0,79.5,50.2,20,1,12,8,0,Good,Medium (Sandy),Dry,2.7,0,5.67,False,DUMP
220,WS-002,2026-09-23T08:00:00,34.5,58,12,60.6,20.7,80.1,45.3,20,1,12,8,0,Good,Medium (Sandy),Dry,2.3,0,5.59,False,RETURN
221,WS-002,2026-09-23T08:00:00,33.6,58,12,60.6,20.9,79.7,48.0,20,1,12,8,0,Good,Medium (Sandy),Dry,2.9,0,5.64,True,ACQUIRE
222,WS-002,2026-09-23T08:00:00,32.9,58,12,60.6,22.3,80.3,71.1,65,1,12,8,0,Good,Medium (Sandy),Dry,2.7,0,6.01,False,LIFT
223,WS-002,2026-09-23T08:00:00,33.4,58,12,60.6,22.3,80.6,72.2,65,1,12,8,0,Good,Medium (Sandy),Dry,3.9,0,6.03,False,SWING
224,WS-002,2026-09-23T08:00:00,32.9,58,12,60.5,20.8,79.3,46.5,20,1,12,8,0,Good,Medium (Sandy),Dry,3.0,0,5.61,False,DUMP
225,WS-002,2026-09-23T08:00:00,34.7,58,12,60.5,20.8,80.2,45.9,20,1,12,8,0,Good,Medium (Sandy),Dry,3.5,0,5.6,False,RETURN
226,WS-002,2026-09-23T08:00:00,34.3,58,12,60.5,20.8,80.0,46.7,20,1,12,8,0,Good,Medium (Sandy),Dry,3.2,0,5.62,False,ACQUIRE
227,WS-002,2026-09-23T08:00:00,34.4,58,12,60.5,22.7,81.3,78.0,65,1,12,8,0,Good,Medium (Sandy),Dry,2.4,0,6.12,False,LIFT
228,WS-002,2026-09-23T08:00:00,33.3,58,12,60.5,22.2,80.5,70.6,65,1,12,8,0,Good,Medium (Sandy),Dry,2.3,0,6.0,False,SWING
229,WS-002,2026-09-23T08:00:00,34.4,58,12,60.4,21.2,80.3,53.0,20,1,12,8,0,Good,Medium (Sandy),Dry,3.6,0,5.72,False,DUMP
230,WS-002,2026-09-23T08:00:00,34.9,58,12,60.4,21.2,80.6,52.9,20,1,12,8,0,Good,Medium (Sandy),Dry,3.3,0,5.72,False,RETURN
231,WS-002,2026-09-23T08:00:00,34.4,58,12,60.4,21.0,80.2,49.4,20,1,12,8,0,Good,Medium (Sandy),Dry,2.6,0,5.66,False,ACQUIRE
232,WS-002,2026-09-23T08:00:00,33.6,58,12,60.4,22.3,80.7,71.3,65,1,12,8,0,Good,Medium (Sandy),Dry,3.4,0,6.02,False,LIFT
233,WS-002,2026-09-23T08:00:00,34.3,58,12,60.4,22.3,81.0,71.4,65,1,12,8,0,Good,Medium (Sandy),Dry,2.7,0,6.02,False,SWING
234,WS-002,2026-09-23T08:00:00,33.4,58,12,60.3,21.2,79.8,52.9,20,1,12,8,0,Good,Medium (Sandy),Dry,3.6,0,5.72,False,DUMP
235,WS-002,2026-09-23T08:00:00,33.3,58,12,60.3,20.9,79.6,49.0,20,1,12,8,0,Good,Medium (Sandy),Dry,2.7,0,5.65,False,RETURN
236,WS-002,2026-09-23T08:00:00,33.9,58,12,60.3,20.9,79.9,48.7,20,1,6,8,0,Good,Medium (Sandy),Dry,4.0,0,5.65,False,ACQUIRE
237,WS-002,2026-09-23T08:00:00,33.0,58,12,60.3,22.6,80.6,77.1,65,1,6,8,0,Good,Medium (Sandy),Dry,2.1,0,6.11,False,LIFT
238,WS-002,2026-09-23T08:00:00,33.5,58,12,60.3,22.5,80.8,75.7,65,1,6,8,0,Good,Medium (Sandy),Dry,3.0,0,6.09,False,SWING
239,WS-002,2026-09-23T08:00:00,33.4,58,12,60.2,20.9,79.6,48.3,20,1,6,8,0,Good,Medium (Sandy),Dry,3.1,0,5.64,False,DUMP
240,WS-002,2026-09-23T08:00:00,32.8,58,12,60.2,20.9,79.3,47.5,20,1,6,8,0,Good,Medium (Sandy),Dry,2.1,0,5.63,False,RETURN
241,WS-002,2026-09-23T08:00:00,33.3,58,12,60.2,20.9,79.6,49.1,20,1,12,8,0,Good,Medium (Sandy),Dry,2.3,0,5.66,True,ACQUIRE
242,WS-002,2026-09-23T08:00:00,34.0,58,12,60.2,22.5,81.0,74.4,65,1,12,8,0,Good,Medium (Sandy),Dry,3.2,0,6.07,False,LIFT
243,WS-002,2026-09-23T08:00:00,33.8,58,12,60.2,22.3,80.7,71.0,65,1,12,8,0,Good,Medium (Sandy),Dry,3.0,0,6.01,False,SWING
244,WS-002,2026-09-23T08:00:00,33.9,58,12,60.1,21.1,80.0,51.7,20,1,12,8,0,Good,Medium (Sandy),Dry,3.0,0,5.7,False,DUMP
245,WS-002,2026-09-23T08:00:00,32.6,58,12,60.1,20.8,79.2,46.3,20,1,12,8,0,Good,Medium (Sandy),Dry,3.9,0,5.61,True,RETURN
246,WS-002,2026-09-23T08:00:00,32.4,58,12,60.1,21.2,79.3,52.6,20,1,12,8,0,Good,Medium (Sandy),Dry,3.0,0,5.71,False,ACQUIRE
247,WS-002,2026-09-23T08:00:00,32.4,58,12,60.1,22.2,80.0,70.6,65,1,12,8,0,Good,Medium (Sandy),Dry,2.4,0,6.0,False,LIFT
248,WS-002,2026-09-23T08:00:00,33.6,58,12,60.1,22.3,80.7,72.2,65,1,12,8,0,Good,Medium (Sandy),Dry,3.3,0,6.03,False,SWING
249,WS-002,2026-09-23T08:00:00,32.9,58,12,60.0,20.7,79.3,45.7,20,1,12,8,0,Good,Medium (Sandy),Dry,3.3,0,5.6,False,DUMP
250,WS-002,2026-09-23T08:00:00,32.7,58,12,60.0,21.0,79.3,49.6,20,1,12,8,0,Good,Medium (Sandy),Dry,2.3,0,5.66,False,RETURN
251,WS-002,2026-09-23T08:00:00,32.7,58,12,60.0,21.1,79.4,52.2,20,1,12,8,0,Good,Medium (Sandy),Dry,2.7,0,5.71,False,ACQUIRE
252,WS-002,2026-09-23T08:00:00,33.2,58,12,60.0,22.2,80.4,70.3,65,1,12,8,0,Good,Medium (Sandy),Dry,3.7,0,6.0,False,LIFT
253,WS-002,2026-09-23T08:00:00,31.5,58,12,60.0,22.7,79.9,77.6,65,1,12,8,0,Good,Medium (Sandy),Dry,3.5,0,6.12,False,SWING
254,WS-002,2026-09-23T08:00:00,31.8,58,12,59.9,20.8,78.8,46.7,20,1,12,8,0,Good,Medium (Sandy),Dry,3.1,0,5.62,False,DUMP
255,WS-002,2026-09-23T08:00:00,32.4,58,12,59.9,20.7,79.0,45.2,20,1,12,8,0,Good,Medium (Sandy),Dry,3.8,0,5.59,False,RETURN
256,WS-002,2026-09-23T08:00:00,32.2,58,12,59.9,21.0,79.1,50.1,20,1,12,8,0,Good,Medium (Sandy),Dry,2.6,0,5.67,False,ACQUIRE
257,WS-002,2026-09-23T08:00:00,31.6,58,12,59.9,22.6,79.9,76.5,65,1,12,8,0,Good,Medium (Sandy),Dry,2.8,0,6.1,False,LIFT
258,WS-002,2026-09-23T08:00:00,32.0,58,12,59.9,22.5,80.0,75.5,65,1,12,8,0,Good,Medium (Sandy),Dry,2.3,0,6.08,False,SWING
259,WS-002,2026-09-23T08:00:00,31.9,58,12,59.8,20.9,78.9,48.7,20,1,12,8,0,Good,Medium (Sandy),Dry,2.7,0,5.65,False,DUMP
260,WS-002,2026-09-23T08:00:00,31.3,58,12,59.8,21.1,78.7,51.9,20,1,12,8,0,Good,Medium (Sandy),Dry,2.6,0,5.7,False,RETURN
261,WS-002,2026-09-23T08:00:00,33.0,58,12,59.8,20.9,79.4,47.8,20,1,12,8,0,Good,Medium (Sandy),Dry,2.8,0,5.63,True,ACQUIRE
262,WS-002,2026-09-23T08:00:00,32.5,58,12,59.8,22.4,80.2,74.1,65,1,12,8,0,Good,Medium (Sandy),Dry,2.2,0,6.06,False,LIFT
263,WS-002,2026-09-23T08:00:00,31.5,58,12,59.8,22.3,79.6,71.0,65,1,12,8,0,Good,Medium (Sandy),Dry,2.9,0,6.01,False,SWING
264,WS-002,2026-09-23T08:00:00,31.3,58,12,59.7,20.7,78.5,45.4,20,1,12,8,0,Good,Medium (Sandy),Dry,3.9,0,5.6,False,DUMP
265,WS-002,2026-09-23T08:00:00,32.8,58,12,59.7,20.9,79.3,48.3,20,1,12,8,0,Good,Medium (Sandy),Dry,3.9,0,5.64,False,RETURN
266,WS-002,2026-09-23T08:00:00,32.9,58,12,59.7,21.1,79.5,51.5,20,1,6,8,0,Good,Medium (Sandy),Dry,3.9,0,5.69,False,ACQUIRE
267,WS-002,2026-09-23T08:00:00,32.6,58,12,59.7,22.3,80.2,71.5,65,1,6,8,0,Good,Medium (Sandy),Dry,2.3,0,6.02,False,LIFT
268,WS-002,2026-09-23T08:00:00,33.2,58,12,59.7,22.4,80.5,73.7,65,1,6,8,0,Good,Medium (Sandy),Dry,3.8,0,6.05,False,SWING
269,WS-002,2026-09-23T08:00:00,32.3,58,12,59.6,20.7,79.0,45.7,20,1,6,8,0,Good,Medium (Sandy),Dry,2.8,0,5.6,False,DUMP
270,WS-002,2026-09-23T08:00:00,32.3,58,12,59.6,20.8,79.0,46.9,20,1,6,8,0,Good,Medium (Sandy),Dry,3.2,3,5.62,False,RETURN
271,WS-002,2026-09-23T08:00:00,31.6,58,12,59.6,20.8,78.7,47.3,20,1,12,8,0,Good,Medium (Sandy),Dry,3.2,0,5.63,False,ACQUIRE
272,WS-002,2026-09-23T08:00:00,33.2,58,12,59.6,22.5,80.6,75.4,65,1,12,8,0,Good,Medium (Sandy),Dry,2.6,0,6.08,False,LIFT
273,WS-002,2026-09-23T08:00:00,31.7,58,12,59.6,22.3,79.7,70.9,65,1,12,8,0,Good,Medium (Sandy),Dry,2.3,0,6.01,False,SWING
274,WS-002,2026-09-23T08:00:00,32.3,58,12,59.5,20.9,79.1,47.9,20,1,12,8,0,Good,Medium (Sandy),Dry,2.8,0,5.64,False,DUMP
275,WS-002,2026-09-23T08:00:00,31.9,58,12,59.5,20.7,78.8,45.4,20,1,12,8,0,Good,Medium (Sandy),Dry,3.1,0,5.6,False,RETURN
276,WS-002,2026-09-23T08:00:00,32.7,58,12,59.5,20.8,79.2,47.3,20,1,12,8,0,Good,Medium (Sandy),Dry,2.8,0,5.63,False,ACQUIRE
277,WS-002,2026-09-23T08:00:00,32.9,58,12,59.5,22.5,80.4,74.4,65,1,12,8,0,Good,Medium (Sandy),Dry,3.7,0,6.07,False,LIFT
278,WS-002,2026-09-23T08:00:00,33.4,58,12,59.5,22.5,80.7,74.9,65,1,12,8,0,Good,Medium (Sandy),Dry,2.3,0,6.07,False,SWING
279,WS-002,2026-09-23T08:00:00,32.4,58,12,59.4,20.9,79.1,48.0,20,1,12,8,0,Good,Medium (Sandy),Dry,4.0,0,5.64,False,DUMP
280,WS-002,2026-09-23T08:00:00,33.4,58,12,59.4,20.9,79.6,47.9,20,1,12,8,0,Good,Medium (Sandy),Dry,2.3,0,5.64,False,RETURN
281,WS-002,2026-09-23T08:00:00,33.6,58,12,59.4,20.9,79.7,48.2,20,1,12,8,0,Good,Medium (Sandy),Dry,2.1,0,5.64,True,ACQUIRE
282,WS-002,2026-09-23T08:00:00,32.6,58,12,59.4,22.5,80.3,75.7,65,1,12,8,0,Good,Medium (Sandy),Dry,3.6,0,6.09,False,LIFT
283,WS-002,2026-09-23T08:00:00,33.6,58,12,59.4,22.3,80.6,71.2,65,1,12,8,0,Good,Medium (Sandy),Dry,3.8,0,6.01,False,SWING
284,WS-002,2026-09-23T08:00:00,32.9,58,12,59.3,21.1,79.5,52.5,20,1,12,8,0,Good,Medium (Sandy),Dry,2.6,0,5.71,False,DUMP
285,WS-002,2026-09-23T08:00:00,33.5,58,12,59.3,21.0,79.7,49.9,20,1,12,8,0,Good,Medium (Sandy),Dry,3.7,0,5.67,False,RETURN
286,WS-002,2026-09-23T08:00:00,34.0,58,12,59.3,20.9,80.0,49.1,20,1,12,8,0,Good,Medium (Sandy),Dry,3.0,0,5.66,False,ACQUIRE
287,WS-002,2026-09-23T08:00:00,33.8,58,12,59.3,22.5,80.9,74.5,65,1,12,8,0,Good,Medium (Sandy),Dry,2.9,0,6.07,False,LIFT
288,WS-002,2026-09-23T08:00:00,32.9,58,12,59.3,22.4,80.4,72.6,65,1,12,8,0,Good,Medium (Sandy),Dry,2.2,0,6.04,False,SWING
289,WS-002,2026-09-23T08:00:00,33.8,58,12,59.2,20.9,79.8,47.5,20,1,12,8,0,Good,Medium (Sandy),Dry,3.8,0,5.63,False,DUMP
290,WS-002,2026-09-23T08:00:00,34.7,58,12,59.2,21.0,80.3,50.0,20,1,12,8,0,Good,Medium (Sandy),Dry,3.2,0,5.67,False,RETURN
291,WS-002,2026-09-23T08:00:00,33.5,58,12,59.2,21.0,79.8,50.2,20,1,12,8,0,Good,Medium (Sandy),Dry,3.9,0,5.67,False,ACQUIRE
292,WS-002,2026-09-23T08:00:00,34.2,58,12,59.2,22.3,81.0,71.8,65,1,12,8,0,Good,Medium (Sandy),Dry,2.1,0,6.02,True,LIFT
293,WS-002,2026-09-23T08:00:00,34.0,58,12,59.2,22.5,81.0,74.2,65,1,12,8,0,Good,Medium (Sandy),Dry,3.4,0,6.06,False,SWING
294,WS-002,2026-09-23T08:00:00,34.5,58,12,59.1,20.9,80.2,48.0,20,1,12,8,0,Good,Medium (Sandy),Dry,3.6,0,5.64,False,DUMP
295,WS-002,2026-09-23T08:00:00,33.5,58,12,59.1,21.0,79.7,49.6,20,1,12,8,0,Good,Medium (Sandy),Dry,3.4,0,5.66,False,RETURN
296,WS-002,2026-09-23T08:00:00,33.3,58,12,59.1,20.9,79.6,48.5,20,1,6,8,0,Good,Medium (Sandy),Dry,2.8,0,5.65,False,ACQUIRE
297,WS-002,2026-09-23T08:00:00,33.7,58,12,59.1,22.3,80.7,71.6,65,1,6,8,0,Good,Medium (Sandy),Dry,3.0,0,6.02,False,LIFT
298,WS-002,2026-09-23T08:00:00,34.1,58,12,59.1,22.4,81.0,73.8,65,1,6,8,0,Good,Medium (Sandy),Dry,3.7,0,6.06,False,SWING
299,WS-002,2026-09-23T08:00:00,34.2,58,12,59.0,21.0,80.1,50.6,20,1,6,8,0,Good,Medium (Sandy),Dry,3.0,0,5.68,False,DUMP
300,WS-002,2026-09-23T08:00:00,33.8,58,12,59.0,21.2,80.0,53.0,20,1,6,8,0,Good,Medium (Sandy),Dry,3.0,0,5.72,False,RETURN
301,WS-003,2026-09-23T08:00:00,32.6,58,12,62.0,20.8,79.2,47.4,20,1,12,8,0,Good,Medium (Sandy),Dry,3.9,0,4.17,True,ACQUIRE
302,WS-003,2026-09-23T08:00:00,34.1,58,12,62.0,22.6,81.1,76.2,65,1,12,8,0,Good,Medium (Sandy),Dry,3.4,0,4.51,False,LIFT
303,WS-003,2026-09-23T08:00:00,33.6,58,12,62.0,22.4,80.8,73.9,65,1,12,8,0,Good,Medium (Sandy),Dry,3.0,0,4.49,False,SWING
304,WS-003,2026-09-23T08:00:00,33.4,58,12,61.9,21.1,79.8,52.5,20,1,12,8,0,Good,Medium (Sandy),Dry,3.4,0,4.23,False,DUMP
305,WS-003,2026-09-23T08:00:00,33.0,58,12,61.9,21.0,79.5,49.6,20,1,12,8,0,Good,Medium (Sandy),Dry,3.1,0,4.2,False,RETURN
306,WS-003,2026-09-23T08:00:00,34.3,58,12,61.9,20.9,80.1,48.2,20,1,12,8,0,Good,Medium (Sandy),Dry,2.7,0,4.18,False,ACQUIRE
307,WS-003,2026-09-23T08:00:00,34.1,58,12,61.9,22.3,80.9,71.2,65,1,12,8,0,Good,Medium (Sandy),Dry,2.1,0,4.45,False,LIFT
308,WS-003,2026-09-23T08:00:00,34.6,58,12,61.9,22.2,81.1,70.6,65,1,12,8,0,Good,Medium (Sandy),Dry,3.8,0,4.45,False,SWING
309,WS-003,2026-09-23T08:00:00,34.0,58,12,61.8,21.1,80.0,51.0,20,1,12,8,0,Good,Medium (Sandy),Dry,2.4,0,4.21,False,DUMP
310,WS-003,2026-09-23T08:00:00,34.4,58,12,61.8,20.8,80.1,47.2,20,1,12,8,0,Good,Medium (Sandy),Dry,3.1,0,4.17,False,RETURN
311,WS-003,2026-09-23T08:00:00,33.4,58,12,61.8,20.8,79.5,45.9,20,1,12,8,0,Good,Medium (Sandy),Dry,3.5,0,4.15,False,ACQUIRE
312,WS-003,2026-09-23T08:00:00,33.4,58,12,61.8,22.2,80.5,70.4,65,1,12,8,0,Good,Medium (Sandy),Dry,3.8,0,4.44,False,LIFT
313,WS-003,2026-09-23T08:00:00,33.4,58,12,61.8,22.3,80.6,71.9,65,1,12,8,0,Good,Medium (Sandy),Dry,2.2,0,4.46,False,SWING
314,WS-003,2026-09-23T08:00:00,33.6,58,12,61.7,20.9,79.8,48.8,20,1,12,8,0,Good,Medium (Sandy),Dry,3.4,0,4.19,False,DUMP
315,WS-003,2026-09-23T08:00:00,33.3,58,12,61.7,21.2,79.8,52.7,20,1,12,8,0,Good,Medium (Sandy),Dry,4.0,0,4.23,False,RETURN
316,WS-003,2026-09-23T08:00:00,33.3,58,12,61.7,21.0,79.7,50.2,20,1,12,8,0,Good,Medium (Sandy),Dry,3.8,0,4.2,False,ACQUIRE
317,WS-003,2026-09-23T08:00:00,34.0,58,12,61.7,22.5,81.0,75.2,65,1,12,8,0,Good,Medium (Sandy),Dry,3.5,0,4.5,False,LIFT
318,WS-003,2026-09-23T08:00:00,33.6,58,12,61.7,22.3,80.7,72.3,65,1,12,8,0,Good,Medium (Sandy),Dry,2.1,0,4.47,False,SWING
319,WS-003,2026-09-23T08:00:00,34.5,58,12,61.6,21.0,80.3,50.2,20,1,12,8,0,Good,Medium (Sandy),Dry,2.5,0,4.2,False,DUMP
320,WS-003,2026-09-23T08:00:00,34.4,58,12,61.6,21.1,80.3,51.8,20,1,12,8,0,Good,Medium (Sandy),Dry,2.1,0,4.22,False,RETURN
321,WS-003,2026-09-23T08:00:00,34.8,58,12,61.6,20.9,80.3,48.3,20,1,12,8,0,Good,Medium (Sandy),Dry,3.7,0,4.18,True,ACQUIRE
322,WS-003,2026-09-23T08:00:00,34.7,58,12,61.6,22.2,81.2,70.3,65,1,12,8,0,Good,Medium (Sandy),Dry,3.7,0,4.44,False,LIFT
323,WS-003,2026-09-23T08:00:00,34.4,58,12,61.6,22.3,81.1,71.5,65,1,12,8,0,Good,Medium (Sandy),Dry,3.5,0,4.46,False,SWING
324,WS-003,2026-09-23T08:00:00,34.5,58,12,61.5,20.8,80.1,47.3,20,1,12,8,0,Good,Medium (Sandy),Dry,2.1,0,4.17,False,DUMP
325,WS-003,2026-09-23T08:00:00,33.3,58,12,61.5,21.0,79.6,49.8,20,1,12,8,0,Good,Medium (Sandy),Dry,3.9,0,4.2,False,RETURN
326,WS-003,2026-09-23T08:00:00,33.3,58,12,61.5,20.9,79.6,48.6,20,1,6,8,0,Good,Medium (Sandy),Dry,3.3,0,4.18,False,ACQUIRE
327,WS-003,2026-09-23T08:00:00,33.6,58,12,61.5,22.6,80.9,77.1,65,1,6,8,0,Good,Medium (Sandy),Dry,2.3,0,4.53,False,LIFT
328,WS-003,2026-09-23T08:00:00,33.4,58,12,61.5,22.3,80.6,72.2,65,1,6,8,0,Good,Medium (Sandy),Dry,3.6,0,4.47,False,SWING
329,WS-003,2026-09-23T08:00:00,33.0,58,12,61.4,21.0,79.5,50.8,20,1,6,8,0,Good,Medium (Sandy),Dry,3.3,0,4.21,False,DUMP
330,WS-003,2026-09-23T08:00:00,33.7,58,12,61.4,20.7,79.7,45.1,20,1,6,8,0,Good,Medium (Sandy),Dry,2.7,0,4.14,False,RETURN
331,WS-003,2026-09-23T08:00:00,32.7,58,12,61.4,21.0,79.4,50.4,20,1,12,8,0,Good,Medium (Sandy),Dry,2.4,0,4.2,False,ACQUIRE
332,WS-003,2026-09-23T08:00:00,33.3,58,12,61.4,22.5,80.7,75.1,65,1,12,8,0,Good,Medium (Sandy),Dry,2.8,0,4.5,False,LIFT
333,WS-003,2026-09-23T08:00:00,32.8,58,12,61.4,22.4,80.3,72.6,65,1,12,8,0,Good,Medium (Sandy),Dry,2.8,0,4.47,False,SWING
334,WS-003,2026-09-23T08:00:00,32.0,58,12,61.3,21.2,79.1,52.9,20,1,12,8,0,Good,Medium (Sandy),Dry,3.0,0,4.23,False,DUMP
335,WS-003,2026-09-23T08:00:00,33.6,58,12,61.3,20.7,79.6,45.1,20,1,12,8,0,Good,Medium (Sandy),Dry,2.8,3,4.14,False,RETURN
336,WS-003,2026-09-23T08:00:00,32.5,58,12,61.3,20.8,79.1,47.1,20,1,12,8,0,Good,Medium (Sandy),Dry,2.7,0,4.17,False,ACQUIRE
337,WS-003,2026-09-23T08:00:00,32.7,58,12,61.3,22.5,80.3,74.6,65,1,12,8,0,Good,Medium (Sandy),Dry,2.5,0,4.5,False,LIFT
338,WS-003,2026-09-23T08:00:00,32.2,58,12,61.3,22.3,80.0,71.9,65,1,12,8,0,Good,Medium (Sandy),Dry,3.3,0,4.46,False,SWING
339,WS-003,2026-09-23T08:00:00,32.3,58,12,61.2,20.8,79.0,46.3,20,1,12,8,0,Good,Medium (Sandy),Dry,3.4,0,4.16,False,DUMP
340,WS-003,2026-09-23T08:00:00,33.2,58,12,61.2,21.1,79.7,52.1,20,1,12,8,0,Good,Medium (Sandy),Dry,3.5,0,4.23,False,RETURN
341,WS-003,2026-09-23T08:00:00,32.6,58,12,61.2,21.0,79.3,50.1,20,1,12,8,0,Good,Medium (Sandy),Dry,3.9,0,4.2,True,ACQUIRE
342,WS-003,2026-09-23T08:00:00,31.9,58,12,61.2,22.3,79.8,71.8,65,1,12,8,0,Good,Medium (Sandy),Dry,3.9,0,4.46,False,LIFT
343,WS-003,2026-09-23T08:00:00,32.1,58,12,61.2,22.4,80.0,73.6,65,1,12,8,0,Good,Medium (Sandy),Dry,4.0,0,4.48,False,SWING
344,WS-003,2026-09-23T08:00:00,31.8,58,12,61.1,21.0,78.9,50.6,20,1,12,8,0,Good,Medium (Sandy),Dry,3.8,0,4.21,False,DUMP
345,WS-003,2026-09-23T08:00:00,32.6,58,12,61.1,21.1,79.4,51.4,20,1,12,8,0,Good,Medium (Sandy),Dry,3.7,0,4.22,False,RETURN
346,WS-003,2026-09-23T08:00:00,32.5,58,12,61.1,21.0,79.3,50.4,20,1,12,8,0,Good,Medium (Sandy),Dry,3.2,0,4.2,False,ACQUIRE
347,WS-003,2026-09-23T08:00:00,32.6,58,12,61.1,22.5,80.3,74.2,65,1,12,8,0,Good,Medium (Sandy),Dry,3.1,0,4.49,False,LIFT
348,WS-003,2026-09-23T08:00:00,31.7,58,12,61.1,22.6,79.9,77.3,65,1,12,8,0,Good,Medium (Sandy),Dry,2.2,0,4.53,False,SWING
349,WS-003,2026-09-23T08:00:00,32.7,58,12,61.0,21.1,79.4,52.2,20,1,12,8,0,Good,Medium (Sandy),Dry,2.4,0,4.23,False,DUMP
350,WS-003,2026-09-23T08:00:00,32.1,58,12,61.0,20.8,78.9,46.3,20,1,12,8,0,Good,Medium (Sandy),Dry,3.7,0,4.16,False,RETURN
351,WS-003,2026-09-23T08:00:00,31.9,58,12,61.0,21.0,79.0,50.4,20,1,12,8,0,Good,Medium (Sandy),Dry,3.4,0,4.2,False,ACQUIRE
352,WS-003,2026-09-23T08:00:00,32.1,58,12,61.0,22.6,80.1,77.2,65,1,12,8,0,Good,Medium (Sandy),Dry,2.9,0,4.53,False,LIFT
353,WS-003,2026-09-23T08:00:00,31.2,58,12,61.0,22.3,79.4,71.1,65,1,12,8,0,Good,Medium (Sandy),Dry,2.8,0,4.45,False,SWING
354,WS-003,2026-09-23T08:00:00,32.3,58,12,60.9,21.0,79.1,49.5,20,1,12,8,0,Good,Medium (Sandy),Dry,3.3,0,4.19,False,DUMP
355,WS-003,2026-09-23T08:00:00,31.8,58,12,60.9,20.7,78.7,45.2,20,1,12,8,0,Good,Medium (Sandy),Dry,2.5,0,4.14,False,RETURN
356,WS-003,2026-09-23T08:00:00,31.3,58,12,60.9,20.8,78.5,46.7,20,1,6,8,0,Good,Medium (Sandy),Dry,2.1,0,4.16,False,ACQUIRE
357,WS-003,2026-09-23T08:00:00,32.2,58,12,60.9,22.5,80.1,75.6,65,1,6,8,0,Good,Medium (Sandy),Dry,3.1,0,4.51,False,LIFT
358,WS-003,2026-09-23T08:00:00,31.6,58,12,60.9,22.6,79.9,77.2,65,1,6,8,0,Good,Medium (Sandy),Dry,4.0,0,4.53,False,SWING
359,WS-003,2026-09-23T08:00:00,32.5,58,12,60.8,20.8,79.1,47.3,20,1,6,8,0,Good,Medium (Sandy),Dry,2.4,0,4.17,False,DUMP
360,WS-003,2026-09-23T08:00:00,31.9,58,12,60.8,21.0,79.0,50.1,20,1,6,8,0,Good,Medium (Sandy),Dry,3.5,0,4.2,False,RETURN
361,WS-003,2026-09-23T08:00:00,33.6,58,12,60.8,20.9,79.7,48.0,20,1,12,8,0,Good,Medium (Sandy),Dry,3.8,0,4.18,True,ACQUIRE
362,WS-003,2026-09-23T08:00:00,32.7,58,12,60.8,22.6,80.4,77.3,65,1,12,8,0,Good,Medium (Sandy),Dry,2.8,0,4.53,False,LIFT
363,WS-003,2026-09-23T08:00:00,32.1,58,12,60.8,22.7,80.2,77.7,65,1,12,8,0,Good,Medium (Sandy),Dry,3.7,0,4.53,False,SWING
364,WS-003,2026-09-23T08:00:00,32.3,58,12,60.7,21.1,79.2,51.9,20,1,12,8,0,Good,Medium (Sandy),Dry,2.2,0,4.22,False,DUMP
365,WS-003,2026-09-23T08:00:00,34.1,58,12,60.7,20.9,80.0,48.1,20,1,12,8,0,Good,Medium (Sandy),Dry,2.3,0,4.18,False,RETURN
366,WS-003,2026-09-23T08:00:00,34.2,58,12,60.7,21.1,80.2,51.7,20,1,12,8,0,Good,Medium (Sandy),Dry,3.5,0,4.22,False,ACQUIRE
367,WS-003,2026-09-23T08:00:00,34.3,58,12,60.7,22.4,81.1,73.7,65,1,12,8,0,Good,Medium (Sandy),Dry,3.4,0,4.48,False,LIFT
368,WS-003,2026-09-23T08:00:00,33.3,58,12,60.7,22.4,80.6,73.0,65,1,12,8,0,Good,Medium (Sandy),Dry,2.5,0,4.48,False,SWING
369,WS-003,2026-09-23T08:00:00,33.4,58,12,60.6,20.8,79.5,46.2,20,1,12,8,0,Good,Medium (Sandy),Dry,2.4,0,4.15,False,DUMP
370,WS-003,2026-09-23T08:00:00,34.3,58,12,60.6,21.1,80.2,51.1,20,1,12,8,0,Good,Medium (Sandy),Dry,2.1,0,4.21,False,RETURN
371,WS-003,2026-09-23T08:00:00,34.0,58,12,60.6,21.0,80.0,49.9,20,1,12,8,0,Good,Medium (Sandy),Dry,3.9,0,4.2,False,ACQUIRE
372,WS-003,2026-09-23T08:00:00,34.5,58,12,60.6,22.3,81.1,71.9,65,1,12,8,0,Good,Medium (Sandy),Dry,2.1,0,4.46,False,LIFT
373,WS-003,2026-09-23T08:00:00,34.0,58,12,60.6,22.4,80.9,73.6,65,1,12,8,0,Good,Medium (Sandy),Dry,3.3,0,4.48,False,SWING
374,WS-003,2026-09-23T08:00:00,34.6,58,12,60.5,20.8,80.2,47.0,20,1,12,8,0,Good,Medium (Sandy),Dry,2.1,0,4.16,False,DUMP
375,WS-003,2026-09-23T08:00:00,33.8,58,12,60.5,21.0,79.9,49.3,20,1,12,8,0,Good,Medium (Sandy),Dry,3.5,0,4.19,False,RETURN
376,WS-003,2026-09-23T08:00:00,34.5,58,12,60.5,20.8,80.1,46.1,20,1,12,8,0,Good,Medium (Sandy),Dry,4.0,0,4.15,False,ACQUIRE
377,WS-003,2026-09-23T08:00:00,33.4,58,12,60.5,22.6,80.8,77.3,65,1,12,8,0,Good,Medium (Sandy),Dry,3.2,0,4.53,False,LIFT
378,WS-003,2026-09-23T08:00:00,34.1,58,12,60.5,22.6,81.1,76.2,65,1,12,8,0,Good,Medium (Sandy),Dry,3.6,0,4.51,False,SWING
379,WS-003,2026-09-23T08:00:00,33.5,58,12,60.4,21.1,79.8,52.0,20,1,12,8,0,Good,Medium (Sandy),Dry,4.0,0,4.22,False,DUMP
380,WS-003,2026-09-23T08:00:00,34.0,58,12,60.4,20.9,79.9,48.3,20,1,12,8,0,Good,Medium (Sandy),Dry,2.6,0,4.18,False,RETURN
381,WS-003,2026-09-23T08:00:00,34.1,58,12,60.4,21.0,80.0,49.7,20,1,12,8,0,Good,Medium (Sandy),Dry,3.5,0,4.2,True,ACQUIRE
382,WS-003,2026-09-23T08:00:00,33.3,58,12,60.4,22.5,80.7,75.4,65,1,12,8,0,Good,Medium (Sandy),Dry,3.1,0,4.5,False,LIFT
383,WS-003,2026-09-23T08:00:00,33.0,58,12,60.4,22.4,80.4,72.8,65,1,12,8,0,Good,Medium (Sandy),Dry,3.3,0,4.47,False,SWING
384,WS-003,2026-09-23T08:00:00,33.7,58,12,60.3,21.0,79.8,49.2,20,1,12,8,0,Good,Medium (Sandy),Dry,3.4,0,4.19,False,DUMP
385,WS-003,2026-09-23T08:00:00,33.7,58,12,60.3,20.8,79.7,47.4,20,1,12,8,0,Good,Medium (Sandy),Dry,2.4,0,4.17,False,RETURN
386,WS-003,2026-09-23T08:00:00,33.9,58,12,60.3,20.8,79.8,46.9,20,1,6,8,0,Good,Medium (Sandy),Dry,2.5,0,4.16,False,ACQUIRE
387,WS-003,2026-09-23T08:00:00,34.4,58,12,60.3,22.3,81.0,71.2,65,1,6,8,0,Good,Medium (Sandy),Dry,2.9,0,4.45,False,LIFT
388,WS-003,2026-09-23T08:00:00,32.8,58,12,60.3,22.4,80.3,73.3,65,1,6,8,0,Good,Medium (Sandy),Dry,2.8,0,4.48,False,SWING
389,WS-003,2026-09-23T08:00:00,33.6,58,12,60.2,20.9,79.7,48.1,20,1,6,8,0,Good,Medium (Sandy),Dry,2.5,0,4.18,False,DUMP
390,WS-003,2026-09-23T08:00:00,33.2,58,12,60.2,20.7,79.4,45.6,20,1,6,8,0,Good,Medium (Sandy),Dry,2.9,0,4.15,False,RETURN
391,WS-003,2026-09-23T08:00:00,33.2,58,12,60.2,21.0,79.6,49.3,20,1,12,8,0,Good,Medium (Sandy),Dry,3.7,0,4.19,False,ACQUIRE
392,WS-003,2026-09-23T08:00:00,32.4,58,12,60.2,22.4,80.1,73.0,65,1,12,8,0,Good,Medium (Sandy),Dry,3.2,0,4.48,False,LIFT
393,WS-003,2026-09-23T08:00:00,32.3,58,12,60.2,22.2,80.0,70.6,65,1,12,8,0,Good,Medium (Sandy),Dry,3.6,0,4.45,False,SWING
394,WS-003,2026-09-23T08:00:00,33.3,58,12,60.1,21.0,79.7,50.4,20,1,12,8,0,Good,Medium (Sandy),Dry,2.4,0,4.2,False,DUMP
395,WS-003,2026-09-23T08:00:00,32.4,58,12,60.1,21.1,79.3,52.3,20,1,12,8,0,Good,Medium (Sandy),Dry,2.6,0,4.23,False,RETURN
396,WS-003,2026-09-23T08:00:00,33.7,58,12,60.1,20.8,79.7,46.7,20,1,12,8,0,Good,Medium (Sandy),Dry,2.4,0,4.16,False,ACQUIRE
397,WS-003,2026-09-23T08:00:00,33.3,58,12,60.1,22.6,80.7,76.0,65,1,12,8,0,Good,Medium (Sandy),Dry,3.5,0,4.51,False,LIFT
398,WS-003,2026-09-23T08:00:00,33.6,58,12,60.1,22.5,80.8,75.6,65,1,12,8,0,Good,Medium (Sandy),Dry,3.4,0,4.51,False,SWING
399,WS-003,2026-09-23T08:00:00,32.4,58,12,60.0,20.8,79.1,46.9,20,1,12,8,0,Good,Medium (Sandy),Dry,2.6,0,4.16,False,DUMP
400,WS-003,2026-09-23T08:00:00,32.1,58,12,60.0,20.9,79.0,48.7,20,1,12,8,0,Good,Medium (Sandy),Dry,3.3,0,4.18,False,RETURN
401,WS-003,2026-09-23T08:00:00,32.1,58,12,60.0,20.9,79.0,47.9,20,1,12,8,0,Good,Medium (Sandy),Dry,3.8,0,4.17,True,ACQUIRE
402,WS-003,2026-09-23T08:00:00,32.3,58,12,60.0,22.6,80.2,76.4,65,1,12,8,0,Good,Medium (Sandy),Dry,3.4,0,4.52,False,LIFT
403,WS-003,2026-09-23T08:00:00,32.8,58,12,60.0,22.4,80.3,72.6,65,1,12,8,0,Good,Medium (Sandy),Dry,2.4,0,4.47,False,SWING
404,WS-003,2026-09-23T08:00:00,31.9,58,12,59.9,20.7,78.8,45.4,20,1,12,8,0,Good,Medium (Sandy),Dry,3.7,0,4.14,False,DUMP
405,WS-003,2026-09-23T08:00:00,32.7,58,12,59.9,20.7,79.2,45.1,20,1,12,8,0,Good,Medium (Sandy),Dry,3.1,0,4.14,False,RETURN
406,WS-003,2026-09-23T08:00:00,32.3,58,12,59.9,21.0,79.2,50.8,20,1,12,8,0,Good,Medium (Sandy),Dry,2.6,0,4.21,False,ACQUIRE
407,WS-003,2026-09-23T08:00:00,31.5,58,12,59.9,22.3,79.6,71.8,65,1,12,8,0,Good,Medium (Sandy),Dry,3.1,0,4.46,False,LIFT
408,WS-003,2026-09-23T08:00:00,31.5,58,12,59.9,22.5,79.7,74.4,65,1,12,8,0,Good,Medium (Sandy),Dry,3.9,0,4.49,False,SWING
409,WS-003,2026-09-23T08:00:00,31.7,58,12,59.8,21.1,78.9,51.1,20,1,12,8,0,Good,Medium (Sandy),Dry,3.0,0,4.21,False,DUMP
410,WS-003,2026-09-23T08:00:00,32.5,58,12,59.8,21.1,79.3,50.9,20,1,12,8,0,Good,Medium (Sandy),Dry,2.9,0,4.21,False,RETURN
411,WS-003,2026-09-23T08:00:00,32.5,58,12,59.8,20.9,79.2,47.8,20,1,12,8,0,Good,Medium (Sandy),Dry,2.3,0,4.17,False,ACQUIRE
412,WS-003,2026-09-23T08:00:00,32.1,58,12,59.8,22.3,79.9,71.5,65,1,12,8,0,Good,Medium (Sandy),Dry,3.8,0,4.46,False,LIFT
413,WS-003,2026-09-23T08:00:00,33.0,58,12,59.8,22.7,80.6,77.7,65,1,12,8,0,Good,Medium (Sandy),Dry,3.0,0,4.53,False,SWING
414,WS-003,2026-09-23T08:00:00,32.7,58,12,59.7,20.7,79.2,45.6,20,1,12,8,0,Good,Medium (Sandy),Dry,3.6,0,4.15,False,DUMP
415,WS-003,2026-09-23T08:00:00,31.2,58,12,59.7,20.7,78.4,45.1,20,1,12,8,0,Good,Medium (Sandy),Dry,2.3,0,4.14,False,RETURN
416,WS-003,2026-09-23T08:00:00,32.4,58,12,59.7,20.7,79.0,45.5,20,1,6,8,0,Good,Medium (Sandy),Dry,2.3,0,4.15,False,ACQUIRE
417,WS-003,2026-09-23T08:00:00,31.6,58,12,59.7,22.4,79.7,73.6,65,1,6,8,0,Good,Medium (Sandy),Dry,2.1,0,4.48,False,LIFT
418,WS-003,2026-09-23T08:00:00,32.5,58,12,59.7,22.6,80.3,77.5,65,1,6,8,0,Good,Medium (Sandy),Dry,3.8,0,4.53,False,SWING
419,WS-003,2026-09-23T08:00:00,32.6,58,12,59.6,20.7,79.1,45.1,20,1,6,8,0,Good,Medium (Sandy),Dry,3.1,0,4.14,False,DUMP
420,WS-003,2026-09-23T08:00:00,32.2,58,12,59.6,20.7,78.9,45.1,20,1,6,8,0,Good,Medium (Sandy),Dry,3.4,3,4.14,False,RETURN
421,WS-003,2026-09-23T08:00:00,32.5,58,12,59.6,20.8,79.1,47.3,20,1,12,8,0,Good,Medium (Sandy),Dry,3.0,0,4.17,True,ACQUIRE
422,WS-003,2026-09-23T08:00:00,32.9,58,12,59.6,22.4,80.4,73.4,65,1,12,8,0,Good,Medium (Sandy),Dry,3.9,0,4.48,False,LIFT
423,WS-003,2026-09-23T08:00:00,32.0,58,12,59.6,22.6,80.1,77.3,65,1,12,8,0,Good,Medium (Sandy),Dry,3.0,0,4.53,False,SWING
424,WS-003,2026-09-23T08:00:00,32.2,58,12,59.5,21.0,79.1,50.0,20,1,12,8,0,Good,Medium (Sandy),Dry,2.5,0,4.2,False,DUMP
425,WS-003,2026-09-23T08:00:00,32.5,58,12,59.5,21.1,79.3,51.4,20,1,12,8,0,Good,Medium (Sandy),Dry,2.2,0,4.22,False,RETURN
426,WS-003,2026-09-23T08:00:00,33.9,58,12,59.5,20.9,79.9,48.7,20,1,12,8,0,Good,Medium (Sandy),Dry,2.5,0,4.18,False,ACQUIRE
427,WS-003,2026-09-23T08:00:00,33.4,58,12,59.5,22.3,80.6,72.4,65,1,12,8,0,Good,Medium (Sandy),Dry,3.7,0,4.47,False,LIFT
428,WS-003,2026-09-23T08:00:00,32.3,58,12,59.5,22.7,80.3,77.9,65,1,12,8,0,Good,Medium (Sandy),Dry,3.3,0,4.53,False,SWING
429,WS-003,2026-09-23T08:00:00,32.3,58,12,59.4,20.9,79.1,48.2,20,1,12,8,0,Good,Medium (Sandy),Dry,2.8,0,4.18,False,DUMP
430,WS-003,2026-09-23T08:00:00,33.3,58,12,59.4,21.0,79.7,50.1,20,1,12,8,0,Good,Medium (Sandy),Dry,3.4,0,4.2,False,RETURN
431,WS-003,2026-09-23T08:00:00,32.6,58,12,59.4,21.1,79.4,51.8,20,1,12,8,0,Good,Medium (Sandy),Dry,3.3,0,4.22,False,ACQUIRE
432,WS-003,2026-09-23T08:00:00,33.2,58,12,59.4,22.7,80.7,77.8,65,1,12,8,0,Good,Medium (Sandy),Dry,3.9,0,4.53,False,LIFT
433,WS-003,2026-09-23T08:00:00,34.4,58,12,59.4,22.6,81.3,77.4,65,1,12,8,0,Good,Medium (Sandy),Dry,2.5,0,4.53,False,SWING
434,WS-003,2026-09-23T08:00:00,34.5,58,12,59.3,21.0,80.3,50.5,20,1,12,8,0,Good,Medium (Sandy),Dry,3.1,0,4.21,False,DUMP
435,WS-003,2026-09-23T08:00:00,33.3,58,12,59.3,21.1,79.7,52.4,20,1,12,8,0,Good,Medium (Sandy),Dry,3.4,0,4.23,False,RETURN
436,WS-003,2026-09-23T08:00:00,33.4,58,12,59.3,21.0,79.7,49.3,20,1,12,8,0,Good,Medium (Sandy),Dry,3.3,0,4.19,False,ACQUIRE
437,WS-003,2026-09-23T08:00:00,33.2,58,12,59.3,22.6,80.7,76.8,65,1,12,8,0,Good,Medium (Sandy),Dry,2.0,0,4.52,False,LIFT
438,WS-003,2026-09-23T08:00:00,33.3,58,12,59.3,22.3,80.5,71.2,65,1,12,8,0,Good,Medium (Sandy),Dry,3.6,0,4.45,False,SWING
439,WS-003,2026-09-23T08:00:00,34.6,58,12,59.2,21.1,80.4,52.4,20,1,12,8,0,Good,Medium (Sandy),Dry,2.6,0,4.23,False,DUMP
440,WS-003,2026-09-23T08:00:00,34.1,58,12,59.2,21.0,80.0,49.5,20,1,12,8,0,Good,Medium (Sandy),Dry,3.7,0,4.19,False,RETURN
441,WS-003,2026-09-23T08:00:00,34.3,58,12,59.2,21.0,80.1,49.3,20,1,12,8,0,Good,Medium (Sandy),Dry,2.8,0,4.19,True,ACQUIRE
442,WS-003,2026-09-23T08:00:00,34.5,58,12,59.2,22.6,81.3,76.3,65,1,12,8,0,Good,Medium (Sandy),Dry,3.4,0,4.52,False,LIFT
443,WS-003,2026-09-23T08:00:00,33.2,58,12,59.2,22.6,80.6,76.0,65,1,12,8,0,Good,Medium (Sandy),Dry,2.7,0,4.51,False,SWING
444,WS-003,2026-09-23T08:00:00,33.2,58,12,59.1,20.8,79.5,46.9,20,1,12,8,0,Good,Medium (Sandy),Dry,2.2,0,4.16,False,DUMP
445,WS-003,2026-09-23T08:00:00,34.2,58,12,59.1,21.0,80.1,49.9,20,1,12,8,0,Good,Medium (Sandy),Dry,3.2,0,4.2,False,RETURN
446,WS-003,2026-09-23T08:00:00,34.9,58,12,59.1,20.9,80.4,47.6,20,1,6,8,0,Good,Medium (Sandy),Dry,3.3,0,4.17,False,ACQUIRE
447,WS-003,2026-09-23T08:00:00,34.5,58,12,59.1,22.4,81.2,73.6,65,1,6,8,0,Good,Medium (Sandy),Dry,2.5,0,4.48,False,LIFT
448,WS-003,2026-09-23T08:00:00,34.0,58,12,59.1,22.4,80.9,73.0,65,1,6,8,0,Good,Medium (Sandy),Dry,2.4,0,4.48,False,SWING
449,WS-003,2026-09-23T08:00:00,34.0,58,12,59.0,20.9,79.9,48.0,20,1,6,8,0,Good,Medium (Sandy),Dry,3.5,0,4.18,False,DUMP
450,WS-003,2026-09-23T08:00:00,33.3,58,12,59.0,20.8,79.5,47.0,20,1,6,8,0,Good,Medium (Sandy),Dry,2.1,0,4.16,False,RETURN
451,WS-004,2026-09-23T08:00:00,32.9,58,12,62.0,21.0,79.4,49.5,20,1,12,8,0,Good,Medium (Sandy),Dry,3.0,0,4.19,False,ACQUIRE
452,WS-004,2026-09-23T08:00:00,32.3,58,12,62.0,22.2,80.0,70.7,65,1,12,8,0,Good,Medium (Sandy),Dry,3.1,0,4.45,False,LIFT
453,WS-004,2026-09-23T08:00:00,33.4,58,12,62.0,22.6,80.8,76.3,65,1,12,8,0,Good,Medium (Sandy),Dry,3.7,0,4.52,False,SWING
454,WS-004,2026-09-23T08:00:00,32.3,58,12,61.9,20.9,79.1,48.3,20,1,12,8,0,Good,Medium (Sandy),Dry,3.6,0,4.18,False,DUMP
455,WS-004,2026-09-23T08:00:00,33.8,58,12,61.9,21.0,79.9,49.5,20,1,12,8,0,Good,Medium (Sandy),Dry,4.0,0,4.19,False,RETURN
456,WS-004,2026-09-23T08:00:00,33.0,58,12,61.9,21.0,79.5,49.2,20,1,12,8,0,Good,Medium (Sandy),Dry,3.4,0,4.19,False,ACQUIRE
457,WS-004,2026-09-23T08:00:00,32.9,58,12,61.9,22.3,80.3,72.2,65,1,12,8,0,Good,Medium (Sandy),Dry,2.5,0,4.47,False,LIFT
458,WS-004,2026-09-23T08:00:00,32.9,58,12,61.9,22.3,80.3,71.3,65,1,12,8,0,Good,Medium (Sandy),Dry,2.6,0,4.46,False,SWING
459,WS-004,2026-09-23T08:00:00,33.3,58,12,61.8,21.1,79.7,51.3,20,1,12,8,0,Good,Medium (Sandy),Dry,2.7,0,4.22,False,DUMP
460,WS-004,2026-09-23T08:00:00,34.7,58,12,61.8,21.0,80.4,50.8,20,1,12,8,0,Good,Medium (Sandy),Dry,3.0,0,4.21,False,RETURN
461,WS-004,2026-09-23T08:00:00,34.1,58,12,61.8,20.9,80.0,48.7,20,1,12,8,0,Good,Medium (Sandy),Dry,2.3,0,4.18,True,ACQUIRE
462,WS-004,2026-09-23T08:00:00,32.9,58,12,61.8,22.4,80.4,73.2,65,1,12,8,0,Good,Medium (Sandy),Dry,3.7,0,4.48,False,LIFT
463,WS-004,2026-09-23T08:00:00,33.7,58,12,61.8,22.6,80.9,76.9,65,1,12,8,0,Good,Medium (Sandy),Dry,2.9,0,4.52,False,SWING
464,WS-004,2026-09-23T08:00:00,33.8,58,12,61.7,21.1,80.0,51.6,20,1,12,8,0,Good,Medium (Sandy),Dry,3.3,0,4.22,False,DUMP
465,WS-004,2026-09-23T08:00:00,34.2,58,12,61.7,20.8,80.0,47.4,20,1,12,8,0,Good,Medium (Sandy),Dry,3.2,0,4.17,False,RETURN
466,WS-004,2026-09-23T08:00:00,34.4,58,12,61.7,20.9,80.2,48.8,20,1,12,8,0,Good,Medium (Sandy),Dry,2.4,0,4.19,False,ACQUIRE
467,WS-004,2026-09-23T08:00:00,33.8,58,12,61.7,22.4,80.8,72.6,65,1,12,8,0,Good,Medium (Sandy),Dry,3.5,0,4.47,False,LIFT
468,WS-004,2026-09-23T08:00:00,34.3,58,12,61.7,22.7,81.3,77.7,65,1,12,8,0,Good,Medium (Sandy),Dry,3.6,0,4.53,False,SWING
469,WS-004,2026-09-23T08:00:00,33.6,58,12,61.6,20.8,79.7,47.2,20,1,12,8,0,Good,Medium (Sandy),Dry,3.6,0,4.17,False,DUMP
470,WS-004,2026-09-23T08:00:00,33.7,58,12,61.6,21.1,79.9,52.5,20,1,12,8,0,Good,Medium (Sandy),Dry,2.4,0,4.23,False,RETURN
471,WS-004,2026-09-23T08:00:00,34.9,58,12,61.6,20.8,80.3,46.4,20,1,12,8,0,Good,Medium (Sandy),Dry,3.5,0,4.16,False,ACQUIRE
472,WS-004,2026-09-23T08:00:00,32.9,58,12,61.6,22.5,80.5,75.8,65,1,12,8,0,Good,Medium (Sandy),Dry,3.9,0,4.51,False,LIFT
473,WS-004,2026-09-23T08:00:00,33.2,58,12,61.6,22.6,80.7,76.4,65,1,12,8,0,Good,Medium (Sandy),Dry,3.7,0,4.52,False,SWING
474,WS-004,2026-09-23T08:00:00,32.9,58,12,61.5,21.1,79.5,51.8,20,1,12,8,0,Good,Medium (Sandy),Dry,3.6,0,4.22,False,DUMP
475,WS-004,2026-09-23T08:00:00,34.0,58,12,61.5,20.8,79.8,46.1,20,1,12,8,0,Good,Medium (Sandy),Dry,2.6,0,4.15,False,RETURN
476,WS-004,2026-09-23T08:00:00,33.1,58,12,61.5,20.8,79.4,46.2,20,1,6,8,0,Good,Medium (Sandy),Dry,2.8,0,4.15,False,ACQUIRE
477,WS-004,2026-09-23T08:00:00,33.3,58,12,61.5,22.4,80.6,73.6,65,1,6,8,0,Good,Medium (Sandy),Dry,3.2,0,4.48,False,LIFT
478,WS-004,2026-09-23T08:00:00,33.6,58,12,61.5,22.5,80.8,74.3,65,1,6,8,0,Good,Medium (Sandy),Dry,3.8,0,4.49,False,SWING
479,WS-004,2026-09-23T08:00:00,34.1,58,12,61.4,20.9,80.0,48.3,20,1,6,8,0,Good,Medium (Sandy),Dry,2.1,0,4.18,False,DUMP
480,WS-004,2026-09-23T08:00:00,34.2,58,12,61.4,21.0,80.1,50.6,20,1,6,8,0,Good,Medium (Sandy),Dry,3.6,0,4.21,False,RETURN
481,WS-004,2026-09-23T08:00:00,33.3,58,12,61.4,21.1,79.7,52.3,20,1,12,8,0,Good,Medium (Sandy),Dry,2.2,0,4.23,True,ACQUIRE
482,WS-004,2026-09-23T08:00:00,32.5,58,12,61.4,22.5,80.3,75.3,65,1,12,8,0,Good,Medium (Sandy),Dry,2.3,0,4.5,False,LIFT
483,WS-004,2026-09-23T08:00:00,33.2,58,12,61.4,22.5,80.6,74.5,65,1,12,8,0,Good,Medium (Sandy),Dry,3.3,0,4.49,False,SWING
484,WS-004,2026-09-23T08:00:00,33.1,58,12,61.3,21.2,79.7,52.7,20,1,12,8,0,Good,Medium (Sandy),Dry,2.7,0,4.23,False,DUMP
485,WS-004,2026-09-23T08:00:00,33.3,58,12,61.3,20.7,79.5,45.8,20,1,12,8,0,Good,Medium (Sandy),Dry,2.2,3,4.15,False,RETURN
486,WS-004,2026-09-23T08:00:00,32.1,58,12,61.3,21.1,79.1,51.0,20,1,12,8,0,Good,Medium (Sandy),Dry,3.1,0,4.21,False,ACQUIRE
487,WS-004,2026-09-23T08:00:00,32.9,58,12,61.3,22.3,80.3,71.8,65,1,12,8,0,Good,Medium (Sandy),Dry,2.7,0,4.46,False,LIFT
488,WS-004,2026-09-23T08:00:00,32.4,58,12,61.3,22.5,80.2,75.4,65,1,12,8,0,Good,Medium (Sandy),Dry,3.4,0,4.5,False,SWING
489,WS-004,2026-09-23T08:00:00,31.7,58,12,61.2,21.2,79.0,53.0,20,1,12,8,0,Good,Medium (Sandy),Dry,3.0,0,4.24,False,DUMP
490,WS-004,2026-09-23T08:00:00,31.9,58,12,61.2,21.1,79.0,52.4,20,1,12,8,0,Good,Medium (Sandy),Dry,2.2,0,4.23,False,RETURN
491,WS-004,2026-09-23T08:00:00,32.9,58,12,61.2,21.0,79.5,50.8,20,1,12,8,0,Good,Medium (Sandy),Dry,2.7,0,4.21,False,ACQUIRE
492,WS-004,2026-09-23T08:00:00,31.9,58,12,61.2,22.6,80.0,76.3,65,1,12,8,0,Good,Medium (Sandy),Dry,3.0,0,4.52,False,LIFT
493,WS-004,2026-09-23T08:00:00,31.8,58,12,61.2,22.2,79.7,70.8,65,1,12,8,0,Good,Medium (Sandy),Dry,3.4,0,4.45,False,SWING
494,WS-004,2026-09-23T08:00:00,32.0,58,12,61.1,20.7,78.8,45.5,20,1,12,8,0,Good,Medium (Sandy),Dry,2.1,0,4.15,False,DUMP
495,WS-004,2026-09-23T08:00:00,32.5,58,12,61.1,20.7,79.1,45.2,20,1,12,8,0,Good,Medium (Sandy),Dry,2.7,0,4.14,False,RETURN
496,WS-004,2026-09-23T08:00:00,31.2,58,12,61.1,21.1,78.7,51.4,20,1,12,8,0,Good,Medium (Sandy),Dry,3.9,0,4.22,False,ACQUIRE
497,WS-004,2026-09-23T08:00:00,32.5,58,12,61.1,22.4,80.2,74.1,65,1,12,8,0,Good,Medium (Sandy),Dry,3.1,0,4.49,False,LIFT
498,WS-004,2026-09-23T08:00:00,31.7,58,12,61.1,22.4,79.8,73.4,65,1,12,8,0,Good,Medium (Sandy),Dry,2.9,0,4.48,False,SWING
499,WS-004,2026-09-23T08:00:00,32.6,58,12,61.0,21.0,79.3,50.0,20,1,12,8,0,Good,Medium (Sandy),Dry,2.4,0,4.2,False,DUMP
500,WS-004,2026-09-23T08:00:00,32.3,58,12,61.0,20.9,79.1,48.2,20,1,12,8,0,Good,Medium (Sandy),Dry,3.5,0,4.18,False,RETURN
501,WS-004,2026-09-23T08:00:00,32.8,58,12,61.0,20.9,79.3,48.6,20,1,12,8,0,Good,Medium (Sandy),Dry,2.9,0,4.18,True,ACQUIRE
502,WS-004,2026-09-23T08:00:00,31.1,58,12,61.0,22.3,79.4,71.7,65,1,12,8,0,Good,Medium (Sandy),Dry,2.6,0,4.46,False,LIFT
503,WS-004,2026-09-23T08:00:00,32.5,58,12,61.0,22.6,80.3,76.4,65,1,12,8,0,Good,Medium (Sandy),Dry,3.2,0,4.52,False,SWING
504,WS-004,2026-09-23T08:00:00,32.8,58,12,60.9,21.0,79.4,49.3,20,1,12,8,0,Good,Medium (Sandy),Dry,2.7,0,4.19,False,DUMP
505,WS-004,2026-09-23T08:00:00,31.6,58,12,60.9,20.8,78.6,45.9,20,1,12,8,0,Good,Medium (Sandy),Dry,3.3,0,4.15,False,RETURN
506,WS-004,2026-09-23T08:00:00,32.3,58,12,60.9,21.2,79.3,52.7,20,1,6,8,0,Good,Medium (Sandy),Dry,2.6,0,4.23,False,ACQUIRE
507,WS-004,2026-09-23T08:00:00,32.1,58,12,60.9,22.4,80.0,73.1,65,1,6,8,0,Good,Medium (Sandy),Dry,2.2,0,4.48,False,LIFT
508,WS-004,2026-09-23T08:00:00,32.2,58,12,60.9,22.4,80.0,73.7,65,1,6,8,0,Good,Medium (Sandy),Dry,2.3,0,4.48,False,SWING
509,WS-004,2026-09-23T08:00:00,32.9,58,12,60.8,21.1,79.5,51.4,20,1,6,8,0,Good,Medium (Sandy),Dry,3.8,0,4.22,False,DUMP
510,WS-004,2026-09-23T08:00:00,32.8,58,12,60.8,21.0,79.4,50.4,20,1,6,8,0,Good,Medium (Sandy),Dry,2.6,0,4.2,False,RETURN
511,WS-004,2026-09-23T08:00:00,32.2,58,12,60.8,20.8,78.9,45.9,20,1,12,8,0,Good,Medium (Sandy),Dry,2.7,0,4.15,False,ACQUIRE
512,WS-004,2026-09-23T08:00:00,32.1,58,12,60.8,22.4,80.0,73.1,65,1,12,8,0,Good,Medium (Sandy),Dry,3.2,0,4.48,False,LIFT
513,WS-004,2026-09-23T08:00:00,33.1,58,12,60.8,22.4,80.5,73.4,65,1,12,8,0,Good,Medium (Sandy),Dry,3.0,0,4.48,False,SWING
514,WS-004,2026-09-23T08:00:00,33.1,58,12,60.7,21.1,79.6,52.4,20,1,12,8,0,Good,Medium (Sandy),Dry,3.9,0,4.23,False,DUMP
515,WS-004,2026-09-23T08:00:00,32.5,58,12,60.7,20.8,79.1,46.3,20,1,12,8,0,Good,Medium (Sandy),Dry,2.6,0,4.16,False,RETURN
516,WS-004,2026-09-23T08:00:00,32.6,58,12,60.7,21.1,79.4,51.7,20,1,12,8,0,Good,Medium (Sandy),Dry,3.2,0,4.22,False,ACQUIRE
517,WS-004,2026-09-23T08:00:00,34.0,58,12,60.7,22.7,81.1,77.6,65,1,12,8,0,Good,Medium (Sandy),Dry,3.0,0,4.53,False,LIFT
518,WS-004,2026-09-23T08:00:00,32.8,58,12,60.7,22.4,80.3,73.1,65,1,12,8,0,Good,Medium (Sandy),Dry,3.1,0,4.48,False,SWING
519,WS-004,2026-09-23T08:00:00,33.8,58,12,60.6,20.9,79.8,48.3,20,1,12,8,0,Good,Medium (Sandy),Dry,3.0,0,4.18,False,DUMP
520,WS-004,2026-09-23T08:00:00,34.0,58,12,60.6,20.9,79.9,48.6,20,1,12,8,0,Good,Medium (Sandy),Dry,2.3,0,4.18,False,RETURN
521,WS-004,2026-09-23T08:00:00,33.8,58,12,60.6,21.1,80.0,51.4,20,1,12,8,0,Good,Medium (Sandy),Dry,2.4,0,4.22,True,ACQUIRE
522,WS-004,2026-09-23T08:00:00,32.8,58,12,60.6,22.3,80.3,71.8,65,1,12,8,0,Good,Medium (Sandy),Dry,2.6,0,4.46,False,LIFT
523,WS-004,2026-09-23T08:00:00,34.4,58,12,60.6,22.5,81.2,74.5,65,1,12,8,0,Good,Medium (Sandy),Dry,3.5,0,4.49,False,SWING
524,WS-004,2026-09-23T08:00:00,33.8,58,12,60.5,20.9,79.9,49.1,20,1,12,8,0,Good,Medium (Sandy),Dry,3.1,0,4.19,False,DUMP
525,WS-004,2026-09-23T08:00:00,33.4,58,12,60.5,21.0,79.7,49.3,20,1,12,8,0,Good,Medium (Sandy),Dry,4.0,0,4.19,False,RETURN
526,WS-004,2026-09-23T08:00:00,34.0,58,12,60.5,21.1,80.0,51.1,20,1,12,8,0,Good,Medium (Sandy),Dry,3.5,0,4.21,False,ACQUIRE
527,WS-004,2026-09-23T08:00:00,33.9,58,12,60.5,22.3,80.8,71.7,65,1,12,8,0,Good,Medium (Sandy),Dry,2.9,0,4.46,False,LIFT
528,WS-004,2026-09-23T08:00:00,34.5,58,12,60.5,22.5,81.3,75.2,65,1,12,8,0,Good,Medium (Sandy),Dry,2.5,0,4.5,False,SWING
529,WS-004,2026-09-23T08:00:00,34.7,58,12,60.4,20.7,80.2,45.3,20,1,12,8,0,Good,Medium (Sandy),Dry,2.5,0,4.14,False,DUMP
530,WS-004,2026-09-23T08:00:00,34.7,58,12,60.4,20.7,80.2,45.7,20,1,12,8,0,Good,Medium (Sandy),Dry,3.7,0,4.15,False,RETURN
531,WS-004,2026-09-23T08:00:00,33.2,58,12,60.4,21.1,79.7,51.5,20,1,12,8,0,Good,Medium (Sandy),Dry,2.4,0,4.22,False,ACQUIRE
532,WS-004,2026-09-23T08:00:00,34.4,58,12,60.4,22.5,81.2,75.5,65,1,12,8,0,Good,Medium (Sandy),Dry,3.7,0,4.51,False,LIFT
533,WS-004,2026-09-23T08:00:00,34.2,58,12,60.4,22.4,81.0,73.4,65,1,12,8,0,Good,Medium (Sandy),Dry,3.2,0,4.48,False,SWING
534,WS-004,2026-09-23T08:00:00,34.5,58,12,60.3,21.1,80.3,51.5,20,1,12,8,0,Good,Medium (Sandy),Dry,3.6,0,4.22,False,DUMP
535,WS-004,2026-09-23T08:00:00,34.0,58,12,60.3,21.0,80.0,49.3,20,1,12,8,0,Good,Medium (Sandy),Dry,3.2,0,4.19,False,RETURN
536,WS-004,2026-09-23T08:00:00,33.1,58,12,60.3,21.2,79.7,52.8,20,1,6,8,0,Good,Medium (Sandy),Dry,2.6,0,4.23,False,ACQUIRE
537,WS-004,2026-09-23T08:00:00,33.9,58,12,60.3,22.7,81.1,77.6,65,1,6,8,0,Good,Medium (Sandy),Dry,3.0,0,4.53,False,LIFT
538,WS-004,2026-09-23T08:00:00,34.5,58,12,60.3,22.6,81.3,76.5,65,1,6,8,0,Good,Medium (Sandy),Dry,2.3,0,4.52,False,SWING
539,WS-004,2026-09-23T08:00:00,34.1,58,12,60.2,20.9,80.0,48.3,20,1,6,8,0,Good,Medium (Sandy),Dry,2.1,0,4.18,False,DUMP
540,WS-004,2026-09-23T08:00:00,33.1,58,12,60.2,21.0,79.6,50.2,20,1,6,8,0,Good,Medium (Sandy),Dry,3.4,0,4.2,False,RETURN
541,WS-004,2026-09-23T08:00:00,32.7,58,12,60.2,20.8,79.2,46.2,20,1,12,8,0,Good,Medium (Sandy),Dry,2.6,0,4.15,True,ACQUIRE
542,WS-004,2026-09-23T08:00:00,32.8,58,12,60.2,22.6,80.5,76.7,65,1,12,8,0,Good,Medium (Sandy),Dry,2.8,0,4.52,False,LIFT
543,WS-004,2026-09-23T08:00:00,32.5,58,12,60.2,22.5,80.3,75.1,65,1,12,8,0,Good,Medium (Sandy),Dry,3.3,0,4.5,False,SWING
544,WS-004,2026-09-23T08:00:00,32.9,58,12,60.1,20.7,79.3,45.6,20,1,12,8,0,Good,Medium (Sandy),Dry,3.6,0,4.15,False,DUMP
545,WS-004,2026-09-23T08:00:00,33.6,58,12,60.1,20.9,79.7,48.2,20,1,12,8,0,Good,Medium (Sandy),Dry,3.5,0,4.18,False,RETURN
546,WS-004,2026-09-23T08:00:00,33.3,58,12,60.1,21.1,79.7,52.0,20,1,12,8,0,Good,Medium (Sandy),Dry,2.9,0,4.22,False,ACQUIRE
547,WS-004,2026-09-23T08:00:00,32.8,58,12,60.1,22.5,80.4,74.7,65,1,12,8,0,Good,Medium (Sandy),Dry,3.7,0,4.5,False,LIFT
548,WS-004,2026-09-23T08:00:00,33.4,58,12,60.1,22.2,80.5,70.7,65,1,12,8,0,Good,Medium (Sandy),Dry,3.9,0,4.45,False,SWING
549,WS-004,2026-09-23T08:00:00,32.9,58,12,60.0,21.0,79.5,50.6,20,1,12,8,0,Good,Medium (Sandy),Dry,3.7,0,4.21,False,DUMP
550,WS-004,2026-09-23T08:00:00,33.1,58,12,60.0,20.9,79.5,48.2,20,1,12,8,0,Good,Medium (Sandy),Dry,3.9,0,4.18,False,RETURN
551,WS-004,2026-09-23T08:00:00,33.1,58,12,60.0,20.9,79.5,49.0,20,1,12,8,0,Good,Medium (Sandy),Dry,2.6,0,4.19,False,ACQUIRE
552,WS-004,2026-09-23T08:00:00,31.9,58,12,60.0,22.5,79.9,74.4,65,1,12,8,0,Good,Medium (Sandy),Dry,2.3,0,4.49,False,LIFT
553,WS-004,2026-09-23T08:00:00,33.0,58,12,60.0,22.6,80.6,76.3,65,1,12,8,0,Good,Medium (Sandy),Dry,3.8,0,4.52,False,SWING
554,WS-004,2026-09-23T08:00:00,32.8,58,12,59.9,20.7,79.2,45.4,20,1,12,8,0,Good,Medium (Sandy),Dry,3.3,0,4.14,False,DUMP
555,WS-004,2026-09-23T08:00:00,32.8,58,12,59.9,20.7,79.2,45.1,20,1,12,8,0,Good,Medium (Sandy),Dry,3.9,0,4.14,False,RETURN
556,WS-004,2026-09-23T08:00:00,31.4,58,12,59.9,20.9,78.6,48.7,20,1,12,8,0,Good,Medium (Sandy),Dry,4.0,0,4.18,False,ACQUIRE
557,WS-004,2026-09-23T08:00:00,31.9,58,12,59.9,22.7,80.1,78.0,65,1,12,8,0,Good,Medium (Sandy),Dry,3.8,0,4.54,False,LIFT
558,WS-004,2026-09-23T08:00:00,32.8,58,12,59.9,22.3,80.3,72.4,65,1,12,8,0,Good,Medium (Sandy),Dry,3.7,0,4.47,False,SWING
559,WS-004,2026-09-23T08:00:00,32.8,58,12,59.8,20.7,79.2,45.7,20,1,12,8,0,Good,Medium (Sandy),Dry,2.7,0,4.15,False,DUMP
560,WS-004,2026-09-23T08:00:00,31.2,58,12,59.8,21.0,78.6,50.3,20,1,12,8,0,Good,Medium (Sandy),Dry,3.3,0,4.2,False,RETURN
561,WS-004,2026-09-23T08:00:00,31.1,58,12,59.8,21.0,78.5,50.0,20,1,12,8,0,Good,Medium (Sandy),Dry,3.5,0,4.2,True,ACQUIRE
562,WS-004,2026-09-23T08:00:00,32.5,58,12,59.8,22.4,80.2,73.4,65,1,12,8,0,Good,Medium (Sandy),Dry,2.2,0,4.48,False,LIFT
563,WS-004,2026-09-23T08:00:00,31.2,58,12,59.8,22.3,79.5,71.7,65,1,12,8,0,Good,Medium (Sandy),Dry,2.2,0,4.46,False,SWING
564,WS-004,2026-09-23T08:00:00,32.2,58,12,59.7,21.0,79.1,49.2,20,1,12,8,0,Good,Medium (Sandy),Dry,2.9,0,4.19,False,DUMP
565,WS-004,2026-09-23T08:00:00,31.1,58,12,59.7,20.9,78.5,47.7,20,1,12,8,0,Good,Medium (Sandy),Dry,2.2,0,4.17,False,RETURN
566,WS-004,2026-09-23T08:00:00,32.8,58,12,59.7,21.0,79.4,50.6,20,1,6,8,0,Good,Medium (Sandy),Dry,3.0,0,4.21,False,ACQUIRE
567,WS-004,2026-09-23T08:00:00,31.6,58,12,59.7,22.2,79.6,70.7,65,1,6,8,0,Good,Medium (Sandy),Dry,3.6,0,4.45,False,LIFT
568,WS-004,2026-09-23T08:00:00,31.4,58,12,59.7,22.4,79.6,72.9,65,1,6,8,0,Good,Medium (Sandy),Dry,2.6,0,4.47,False,SWING
569,WS-004,2026-09-23T08:00:00,32.1,58,12,59.6,21.1,79.1,51.5,20,1,6,8,0,Good,Medium (Sandy),Dry,3.7,0,4.22,False,DUMP
570,WS-004,2026-09-23T08:00:00,32.7,58,12,59.6,21.0,79.4,50.4,20,1,6,8,0,Good,Medium (Sandy),Dry,2.1,3,4.2,False,RETURN
571,WS-004,2026-09-23T08:00:00,32.6,58,12,59.6,21.0,79.3,49.9,20,1,12,8,0,Good,Medium (Sandy),Dry,2.3,0,4.2,False,ACQUIRE
572,WS-004,2026-09-23T08:00:00,32.3,58,12,59.6,22.3,80.0,71.7,65,1,12,8,0,Good,Medium (Sandy),Dry,3.5,0,4.46,False,LIFT
573,WS-004,2026-09-23T08:00:00,33.5,58,12,59.6,22.5,80.7,74.9,65,1,12,8,0,Good,Medium (Sandy),Dry,2.9,0,4.5,False,SWING
574,WS-004,2026-09-23T08:00:00,32.2,58,12,59.5,21.1,79.2,52.2,20,1,12,8,0,Good,Medium (Sandy),Dry,2.3,0,4.23,False,DUMP
575,WS-004,2026-09-23T08:00:00,32.1,58,12,59.5,21.0,79.1,50.8,20,1,12,8,0,Good,Medium (Sandy),Dry,2.7,0,4.21,False,RETURN
576,WS-004,2026-09-23T08:00:00,32.8,58,12,59.5,21.1,79.5,51.3,20,1,12,8,0,Good,Medium (Sandy),Dry,2.5,0,4.22,False,ACQUIRE
577,WS-004,2026-09-23T08:00:00,33.3,58,12,59.5,22.3,80.5,72.0,65,1,12,8,0,Good,Medium (Sandy),Dry,3.2,0,4.46,False,LIFT
578,WS-004,2026-09-23T08:00:00,33.6,58,12,59.5,22.3,80.7,72.3,65,1,12,8,0,Good,Medium (Sandy),Dry,3.9,0,4.47,False,SWING
579,WS-004,2026-09-23T08:00:00,32.3,58,12,59.4,21.1,79.2,51.8,20,1,12,8,0,Good,Medium (Sandy),Dry,3.8,0,4.22,False,DUMP
580,WS-004,2026-09-23T08:00:00,32.7,58,12,59.4,21.0,79.3,49.9,20,1,12,8,0,Good,Medium (Sandy),Dry,2.4,0,4.2,False,RETURN
581,WS-004,2026-09-23T08:00:00,33.2,58,12,59.4,21.0,79.6,50.2,20,1,12,8,0,Good,Medium (Sandy),Dry,3.6,0,4.2,True,ACQUIRE
582,WS-004,2026-09-23T08:00:00,34.1,58,12,59.4,22.3,80.9,71.9,65,1,12,8,0,Good,Medium (Sandy),Dry,2.8,0,4.46,False,LIFT
583,WS-004,2026-09-23T08:00:00,33.1,58,12,59.4,22.5,80.6,75.1,65,1,12,8,0,Good,Medium (Sandy),Dry,2.1,0,4.5,False,SWING
584,WS-004,2026-09-23T08:00:00,34.4,58,12,59.3,20.7,80.0,45.1,20,1,12,8,0,Good,Medium (Sandy),Dry,2.7,0,4.14,False,DUMP
585,WS-004,2026-09-23T08:00:00,33.4,58,12,59.3,20.9,79.6,48.1,20,1,12,8,0,Good,Medium (Sandy),Dry,3.7,0,4.18,False,RETURN
586,WS-004,2026-09-23T08:00:00,33.6,58,12,59.3,21.0,79.8,49.4,20,1,12,8,0,Good,Medium (Sandy),Dry,2.3,0,4.19,False,ACQUIRE
587,WS-004,2026-09-23T08:00:00,33.8,58,12,59.3,22.7,81.0,77.9,65,1,12,8,0,Good,Medium (Sandy),Dry,2.1,0,4.53,False,LIFT
588,WS-004,2026-09-23T08:00:00,34.1,58,12,59.3,22.2,80.9,70.1,65,1,12,8,0,Good,Medium (Sandy),Dry,2.4,0,4.44,False,SWING
589,WS-004,2026-09-23T08:00:00,34.8,58,12,59.2,21.2,80.5,52.6,20,1,12,8,0,Good,Medium (Sandy),Dry,2.8,0,4.23,False,DUMP
590,WS-004,2026-09-23T08:00:00,33.5,58,12,59.2,21.0,79.8,50.7,20,1,12,8,0,Good,Medium (Sandy),Dry,3.5,0,4.21,False,RETURN
591,WS-004,2026-09-23T08:00:00,33.8,58,12,59.2,20.9,79.8,48.2,20,1,12,8,0,Good,Medium (Sandy),Dry,3.3,0,4.18,False,ACQUIRE
592,WS-004,2026-09-23T08:00:00,34.1,58,12,59.2,22.3,80.9,71.2,65,1,12,8,0,Good,Medium (Sandy),Dry,2.2,0,4.45,False,LIFT
593,WS-004,2026-09-23T08:00:00,33.2,58,12,59.2,22.6,80.7,77.4,65,1,12,8,0,Good,Medium (Sandy),Dry,3.9,0,4.53,False,SWING
594,WS-004,2026-09-23T08:00:00,33.3,58,12,59.1,20.9,79.6,47.6,20,1,12,8,0,Good,Medium (Sandy),Dry,3.2,0,4.17,False,DUMP
595,WS-004,2026-09-23T08:00:00,34.5,58,12,59.1,21.0,80.3,50.2,20,1,12,8,0,Good,Medium (Sandy),Dry,3.3,0,4.2,False,RETURN
596,WS-004,2026-09-23T08:00:00,33.6,58,12,59.1,20.9,79.7,48.5,20,1,6,8,0,Good,Medium (Sandy),Dry,3.9,0,4.18,False,ACQUIRE
597,WS-004,2026-09-23T08:00:00,33.4,58,12,59.1,22.3,80.6,72.0,65,1,6,8,0,Good,Medium (Sandy),Dry,3.8,0,4.46,False,LIFT
598,WS-004,2026-09-23T08:00:00,33.1,58,12,59.1,22.5,80.5,74.9,65,1,6,8,0,Good,Medium (Sandy),Dry,2.1,0,4.5,False,SWING
599,WS-004,2026-09-23T08:00:00,34.1,58,12,59.0,21.0,80.1,50.3,20,1,6,8,0,Good,Medium (Sandy),Dry,2.4,0,4.2,False,DUMP
600,WS-004,2026-09-23T08:00:00,32.7,58,12,59.0,20.8,79.2,46.1,20,1,6,8,0,Good,Medium (Sandy),Dry,2.0,0,4.15,False,RETURN
601,WS-005,2026-09-23T08:00:00,32.9,58,12,62.0,21.0,79.4,49.2,20,1,12,8,0,Good,Medium (Sandy),Dry,2.5,0,4.19,True,ACQUIRE
602,WS-005,2026-09-23T08:00:00,34.0,58,12,62.0,22.5,81.0,75.0,65,1,12,8,0,Good,Medium (Sandy),Dry,3.0,0,4.5,False,LIFT
603,WS-005,2026-09-23T08:00:00,33.2,58,12,62.0,22.2,80.4,70.4,65,1,12,8,0,Good,Medium (Sandy),Dry,3.7,0,4.44,False,SWING
604,WS-005,2026-09-23T08:00:00,32.6,58,12,61.9,20.8,79.2,46.3,20,1,12,8,0,Good,Medium (Sandy),Dry,3.5,0,4.16,False,DUMP
605,WS-005,2026-09-23T08:00:00,34.2,58,12,61.9,21.0,80.1,50.4,20,1,12,8,0,Good,Medium (Sandy),Dry,2.2,0,4.2,False,RETURN
606,WS-005,2026-09-23T08:00:00,34.0,58,12,61.9,20.7,79.8,45.0,20,1,12,8,0,Good,Medium (Sandy),Dry,3.7,0,4.14,False,ACQUIRE
607,WS-005,2026-09-23T08:00:00,32.6,58,12,61.9,22.2,80.1,70.4,65,1,12,8,0,Good,Medium (Sandy),Dry,2.7,0,4.44,False,LIFT
608,WS-005,2026-09-23T08:00:00,34.5,58,12,61.9,22.3,81.1,71.4,65,1,12,8,0,Good,Medium (Sandy),Dry,3.9,0,4.46,False,SWING
609,WS-005,2026-09-23T08:00:00,32.8,58,12,61.8,21.1,79.5,51.4,20,1,12,8,0,Good,Medium (Sandy),Dry,3.4,0,4.22,False,DUMP
610,WS-005,2026-09-23T08:00:00,34.1,58,12,61.8,20.8,79.9,46.8,20,1,12,8,0,Good,Medium (Sandy),Dry,2.5,0,4.16,False,RETURN
611,WS-005,2026-09-23T08:00:00,34.7,58,12,61.8,20.9,80.3,47.6,20,1,12,8,0,Good,Medium (Sandy),Dry,3.7,0,4.17,False,ACQUIRE
612,WS-005,2026-09-23T08:00:00,34.0,58,12,61.8,22.3,80.8,71.0,65,1,12,8,0,Good,Medium (Sandy),Dry,3.3,0,4.45,False,LIFT
613,WS-005,2026-09-23T08:00:00,33.0,58,12,61.8,22.3,80.4,71.8,65,1,12,8,0,Good,Medium (Sandy),Dry,3.0,0,4.46,False,SWING
614,WS-005,2026-09-23T08:00:00,33.1,58,12,61.7,20.9,79.5,48.2,20,1,12,8,0,Good,Medium (Sandy),Dry,3.8,0,4.18,False,DUMP
615,WS-005,2026-09-23T08:00:00,34.7,58,12,61.7,21.1,80.4,51.2,20,1,12,8,0,Good,Medium (Sandy),Dry,2.6,0,4.21,False,RETURN
616,WS-005,2026-09-23T08:00:00,33.2,58,12,61.7,20.9,79.5,48.7,20,1,12,8,0,Good,Medium (Sandy),Dry,2.7,0,4.18,False,ACQUIRE
617,WS-005,2026-09-23T08:00:00,33.6,58,12,61.7,22.6,80.9,76.3,65,1,12,8,0,Good,Medium (Sandy),Dry,3.5,0,4.52,False,LIFT
618,WS-005,2026-09-23T08:00:00,33.5,58,12,61.7,22.4,80.7,72.9,65,1,12,8,0,Good,Medium (Sandy),Dry,3.9,0,4.47,False,SWING
619,WS-005,2026-09-23T08:00:00,35.0,58,12,61.6,21.1,80.5,51.2,20,1,12,8,0,Good,Medium (Sandy),Dry,3.5,0,4.21,False,DUMP
620,WS-005,2026-09-23T08:00:00,34.0,58,12,61.6,21.1,80.1,51.4,20,1,12,8,0,Good,Medium (Sandy),Dry,2.3,0,4.22,False,RETURN
621,WS-005,2026-09-23T08:00:00,34.8,58,12,61.6,20.7,80.2,45.2,20,1,12,8,0,Good,Medium (Sandy),Dry,3.1,0,4.14,True,ACQUIRE
622,WS-005,2026-09-23T08:00:00,34.1,58,12,61.6,22.5,81.1,75.5,65,1,12,8,0,Good,Medium (Sandy),Dry,2.0,0,4.51,False,LIFT
623,WS-005,2026-09-23T08:00:00,33.5,58,12,61.6,22.6,80.8,76.1,65,1,12,8,0,Good,Medium (Sandy),Dry,2.8,0,4.51,False,SWING
624,WS-005,2026-09-23T08:00:00,34.2,58,12,61.5,20.9,80.0,47.5,20,1,12,8,0,Good,Medium (Sandy),Dry,2.4,0,4.17,False,DUMP
625,WS-005,2026-09-23T08:00:00,34.6,58,12,61.5,20.9,80.2,48.4,20,1,12,8,0,Good,Medium (Sandy),Dry,3.9,0,4.18,False,RETURN
626,WS-005,2026-09-23T08:00:00,34.5,58,12,61.5,20.8,80.1,46.1,20,1,6,8,0,Good,Medium (Sandy),Dry,2.6,0,4.15,False,ACQUIRE
627,WS-005,2026-09-23T08:00:00,32.6,58,12,61.5,22.3,80.2,71.9,65,1,6,8,0,Good,Medium (Sandy),Dry,3.7,0,4.46,False,LIFT
628,WS-005,2026-09-23T08:00:00,33.3,58,12,61.5,22.6,80.7,77.2,65,1,6,8,0,Good,Medium (Sandy),Dry,2.9,0,4.53,False,SWING
629,WS-005,2026-09-23T08:00:00,33.8,58,12,61.4,21.0,79.9,49.6,20,1,6,8,0,Good,Medium (Sandy),Dry,3.0,0,4.2,False,DUMP
630,WS-005,2026-09-23T08:00:00,33.5,58,12,61.4,20.9,79.7,48.2,20,1,6,8,0,Good,Medium (Sandy),Dry,3.2,0,4.18,False,RETURN
631,WS-005,2026-09-23T08:00:00,32.3,58,12,61.4,21.0,79.2,50.3,20,1,12,8,0,Good,Medium (Sandy),Dry,2.3,0,4.2,False,ACQUIRE
632,WS-005,2026-09-23T08:00:00,32.6,58,12,61.4,22.6,80.4,76.8,65,1,12,8,0,Good,Medium (Sandy),Dry,3.9,0,4.52,False,LIFT
633,WS-005,2026-09-23T08:00:00,32.7,58,12,61.4,22.6,80.4,76.7,65,1,12,8,0,Good,Medium (Sandy),Dry,2.7,0,4.52,False,SWING
634,WS-005,2026-09-23T08:00:00,32.7,58,12,61.3,20.8,79.2,46.9,20,1,12,8,0,Good,Medium (Sandy),Dry,3.9,0,4.16,False,DUMP
635,WS-005,2026-09-23T08:00:00,32.0,58,12,61.3,21.1,79.0,51.2,20,1,12,8,0,Good,Medium (Sandy),Dry,2.2,3,4.21,False,RETURN
636,WS-005,2026-09-23T08:00:00,31.9,58,12,61.3,20.9,78.9,48.6,20,1,12,8,0,Good,Medium (Sandy),Dry,2.6,0,4.18,False,ACQUIRE
637,WS-005,2026-09-23T08:00:00,31.8,58,12,61.3,22.4,79.8,72.9,65,1,12,8,0,Good,Medium (Sandy),Dry,3.5,0,4.47,False,LIFT
638,WS-005,2026-09-23T08:00:00,32.4,58,12,61.3,22.4,80.1,73.7,65,1,12,8,0,Good,Medium (Sandy),Dry,3.7,0,4.48,False,SWING
639,WS-005,2026-09-23T08:00:00,31.6,58,12,61.2,21.1,78.9,51.5,20,1,12,8,0,Good,Medium (Sandy),Dry,2.6,0,4.22,False,DUMP
640,WS-005,2026-09-23T08:00:00,32.7,58,12,61.2,21.0,79.3,49.8,20,1,12,8,0,Good,Medium (Sandy),Dry,2.4,0,4.2,False,RETURN
641,WS-005,2026-09-23T08:00:00,33.0,58,12,61.2,20.8,79.3,46.2,20,1,12,8,0,Good,Medium (Sandy),Dry,3.4,0,4.15,True,ACQUIRE
642,WS-005,2026-09-23T08:00:00,33.1,58,12,61.2,22.4,80.5,73.2,65,1,12,8,0,Good,Medium (Sandy),Dry,2.1,0,4.48,False,LIFT
643,WS-005,2026-09-23T08:00:00,31.7,58,12,61.2,22.6,79.9,76.6,65,1,12,8,0,Good,Medium (Sandy),Dry,2.3,0,4.52,False,SWING
644,WS-005,2026-09-23T08:00:00,33.0,58,12,61.1,21.1,79.6,51.8,20,1,12,8,0,Good,Medium (Sandy),Dry,3.1,0,4.22,False,DUMP
645,WS-005,2026-09-23T08:00:00,32.1,58,12,61.1,20.7,78.9,45.8,20,1,12,8,0,Good,Medium (Sandy),Dry,2.2,0,4.15,False,RETURN
646,WS-005,2026-09-23T08:00:00,32.6,58,12,61.1,20.8,79.1,46.0,20,1,12,8,0,Good,Medium (Sandy),Dry,2.1,0,4.15,False,ACQUIRE
647,WS-005,2026-09-23T08:00:00,32.6,58,12,61.1,22.3,80.2,71.8,65,1,12,8,0,Good,Medium (Sandy),Dry,2.4,0,4.46,False,LIFT
648,WS-005,2026-09-23T08:00:00,31.8,58,12,61.1,22.5,79.9,75.5,65,1,12,8,0,Good,Medium (Sandy),Dry,3.9,0,4.51,False,SWING
649,WS-005,2026-09-23T08:00:00,31.2,58,12,61.0,21.0,78.6,49.7,20,1,12,8,0,Good,Medium (Sandy),Dry,3.8,0,4.2,False,DUMP
650,WS-005,2026-09-23T08:00:00,31.2,58,12,61.0,21.2,78.7,53.0,20,1,12,8,0,Good,Medium (Sandy),Dry,2.4,0,4.24,False,RETURN
651,WS-005,2026-09-23T08:00:00,32.3,58,12,61.0,21.1,79.2,51.5,20,1,12,8,0,Good,Medium (Sandy),Dry,2.2,0,4.22,False,ACQUIRE
652,WS-005,2026-09-23T08:00:00,32.8,58,12,61.0,22.6,80.5,76.5,65,1,12,8,0,Good,Medium (Sandy),Dry,2.2,0,4.52,False,LIFT
653,WS-005,2026-09-23T08:00:00,33.0,58,12,61.0,22.2,80.3,70.4,65,1,12,8,0,Good,Medium (Sandy),Dry,3.8,0,4.44,False,SWING
654,WS-005,2026-09-23T08:00:00,32.0,58,12,60.9,21.0,79.0,50.8,20,1,12,8,0,Good,Medium (Sandy),Dry,3.0,0,4.21,False,DUMP
655,WS-005,2026-09-23T08:00:00,32.0,58,12,60.9,20.9,78.9,48.4,20,1,12,8,0,Good,Medium (Sandy),Dry,2.7,0,4.18,False,RETURN
656,WS-005,2026-09-23T08:00:00,33.1,58,12,60.9,20.8,79.4,47.2,20,1,6,8,0,Good,Medium (Sandy),Dry,2.9,0,4.17,False,ACQUIRE
657,WS-005,2026-09-23T08:00:00,31.7,58,12,60.9,22.5,79.8,74.9,65,1,6,8,0,Good,Medium (Sandy),Dry,3.2,0,4.5,False,LIFT
658,WS-005,2026-09-23T08:00:00,32.7,58,12,60.9,22.4,80.3,74.0,65,1,6,8,0,Good,Medium (Sandy),Dry,3.8,0,4.49,False,SWING
659,WS-005,2026-09-23T08:00:00,32.5,58,12,60.8,20.7,79.1,45.7,20,1,6,8,0,Good,Medium (Sandy),Dry,2.8,0,4.15,False,DUMP
660,WS-005,2026-09-23T08:00:00,32.5,58,12,60.8,21.0,79.3,50.1,20,1,6,8,0,Good,Medium (Sandy),Dry,3.6,0,4.2,False,RETURN
661,WS-005,2026-09-23T08:00:00,32.2,58,12,60.8,21.2,79.2,53.0,20,1,12,8,0,Good,Medium (Sandy),Dry,3.1,0,4.24,True,ACQUIRE
662,WS-005,2026-09-23T08:00:00,31.9,58,12,60.8,22.4,79.9,73.1,65,1,12,8,0,Good,Medium (Sandy),Dry,3.4,0,4.48,False,LIFT
663,WS-005,2026-09-23T08:00:00,32.9,58,12,60.8,22.6,80.5,76.3,65,1,12,8,0,Good,Medium (Sandy),Dry,2.7,0,4.52,False,SWING
664,WS-005,2026-09-23T08:00:00,33.1,58,12,60.7,20.9,79.5,47.6,20,1,12,8,0,Good,Medium (Sandy),Dry,2.5,0,4.17,False,DUMP
665,WS-005,2026-09-23T08:00:00,32.2,58,12,60.7,21.0,79.1,49.8,20,1,12,8,0,Good,Medium (Sandy),Dry,2.1,0,4.2,False,RETURN
666,WS-005,2026-09-23T08:00:00,33.8,58,12,60.7,20.8,79.8,47.2,20,1,12,8,0,Good,Medium (Sandy),Dry,3.6,0,4.17,False,ACQUIRE
667,WS-005,2026-09-23T08:00:00,33.3,58,12,60.7,22.4,80.6,72.9,65,1,12,8,0,Good,Medium (Sandy),Dry,3.2,0,4.47,False,LIFT
668,WS-005,2026-09-23T08:00:00,32.9,58,12,60.7,22.3,80.3,71.3,65,1,12,8,0,Good,Medium (Sandy),Dry,2.5,0,4.46,False,SWING
669,WS-005,2026-09-23T08:00:00,33.0,58,12,60.6,21.0,79.5,49.3,20,1,12,8,0,Good,Medium (Sandy),Dry,3.6,0,4.19,False,DUMP
670,WS-005,2026-09-23T08:00:00,34.1,58,12,60.6,21.1,80.1,51.1,20,1,12,8,0,Good,Medium (Sandy),Dry,3.9,0,4.21,False,RETURN
671,WS-005,2026-09-23T08:00:00,33.8,58,12,60.6,21.2,80.0,52.9,20,1,12,8,0,Good,Medium (Sandy),Dry,2.8,0,4.23,False,ACQUIRE
672,WS-005,2026-09-23T08:00:00,34.6,58,12,60.6,22.7,81.4,77.9,65,1,12,8,0,Good,Medium (Sandy),Dry,2.3,0,4.53,False,LIFT
673,WS-005,2026-09-23T08:00:00,33.3,58,12,60.6,22.4,80.6,72.5,65,1,12,8,0,Good,Medium (Sandy),Dry,3.5,0,4.47,False,SWING
674,WS-005,2026-09-23T08:00:00,33.6,58,12,60.5,21.0,79.8,49.7,20,1,12,8,0,Good,Medium (Sandy),Dry,3.4,0,4.2,False,DUMP
675,WS-005,2026-09-23T08:00:00,33.6,58,12,60.5,21.0,79.8,49.5,20,1,12,8,0,Good,Medium (Sandy),Dry,2.3,0,4.19,False,RETURN
676,WS-005,2026-09-23T08:00:00,34.8,58,12,60.5,21.1,80.5,51.7,20,1,12,8,0,Good,Medium (Sandy),Dry,3.6,0,4.22,False,ACQUIRE
677,WS-005,2026-09-23T08:00:00,34.9,58,12,60.5,22.5,81.4,74.3,65,1,12,8,0,Good,Medium (Sandy),Dry,2.4,0,4.49,False,LIFT
678,WS-005,2026-09-23T08:00:00,33.1,58,12,60.5,22.2,80.4,70.4,65,1,12,8,0,Good,Medium (Sandy),Dry,3.2,0,4.44,False,SWING
679,WS-005,2026-09-23T08:00:00,33.0,58,12,60.4,20.9,79.5,48.8,20,1,12,8,0,Good,Medium (Sandy),Dry,2.7,0,4.19,False,DUMP
680,WS-005,2026-09-23T08:00:00,34.2,58,12,60.4,21.1,80.2,51.5,20,1,12,8,0,Good,Medium (Sandy),Dry,2.7,0,4.22,False,RETURN
681,WS-005,2026-09-23T08:00:00,33.3,58,12,60.4,21.1,79.7,51.4,20,1,12,8,0,Good,Medium (Sandy),Dry,3.7,0,4.22,True,ACQUIRE
682,WS-005,2026-09-23T08:00:00,33.1,58,12,60.4,22.3,80.4,71.2,65,1,12,8,0,Good,Medium (Sandy),Dry,3.4,0,4.45,False,LIFT
683,WS-005,2026-09-23T08:00:00,33.2,58,12,60.4,22.3,80.4,70.9,65,1,12,8,0,Good,Medium (Sandy),Dry,3.1,0,4.45,False,SWING
684,WS-005,2026-09-23T08:00:00,33.6,58,12,60.3,20.7,79.6,45.6,20,1,12,8,0,Good,Medium (Sandy),Dry,3.4,0,4.15,False,DUMP
685,WS-005,2026-09-23T08:00:00,34.2,58,12,60.3,21.0,80.1,49.7,20,1,12,8,0,Good,Medium (Sandy),Dry,2.7,0,4.2,False,RETURN
686,WS-005,2026-09-23T08:00:00,33.4,58,12,60.3,21.2,79.8,52.8,20,1,6,8,0,Good,Medium (Sandy),Dry,3.5,0,4.23,False,ACQUIRE
687,WS-005,2026-09-23T08:00:00,33.6,58,12,60.3,22.5,80.8,75.1,65,1,6,8,0,Good,Medium (Sandy),Dry,3.0,0,4.5,False,LIFT
688,WS-005,2026-09-23T08:00:00,33.3,58,12,60.3,22.5,80.7,75.7,65,1,6,8,0,Good,Medium (Sandy),Dry,3.1,0,4.51,False,SWING
689,WS-005,2026-09-23T08:00:00,34.4,58,12,60.2,21.0,80.2,49.9,20,1,6,8,0,Good,Medium (Sandy),Dry,2.7,0,4.2,False,DUMP
690,WS-005,2026-09-23T08:00:00,33.8,58,12,60.2,21.1,80.0,51.5,20,1,6,8,0,Good,Medium (Sandy),Dry,2.8,0,4.22,False,RETURN
691,WS-005,2026-09-23T08:00:00,33.9,58,12,60.2,20.8,79.8,47.4,20,1,12,8,0,Good,Medium (Sandy),Dry,2.4,0,4.17,False,ACQUIRE
692,WS-005,2026-09-23T08:00:00,32.3,58,12,60.2,22.5,80.2,75.6,65,1,12,8,0,Good,Medium (Sandy),Dry,3.1,0,4.51,False,LIFT
693,WS-005,2026-09-23T08:00:00,33.9,58,12,60.2,22.6,81.0,76.2,65,1,12,8,0,Good,Medium (Sandy),Dry,3.1,0,4.51,False,SWING
694,WS-005,2026-09-23T08:00:00,32.5,58,12,60.1,20.9,79.2,47.5,20,1,12,8,0,Good,Medium (Sandy),Dry,3.6,0,4.17,False,DUMP
695,WS-005,2026-09-23T08:00:00,33.2,58,12,60.1,21.0,79.6,50.1,20,1,12,8,0,Good,Medium (Sandy),Dry,2.2,0,4.2,False,RETURN
696,WS-005,2026-09-23T08:00:00,32.9,58,12,60.1,20.9,79.4,47.6,20,1,12,8,0,Good,Medium (Sandy),Dry,2.2,0,4.17,False,ACQUIRE
697,WS-005,2026-09-23T08:00:00,32.5,58,12,60.1,22.4,80.2,72.6,65,1,12,8,0,Good,Medium (Sandy),Dry,3.3,0,4.47,False,LIFT
698,WS-005,2026-09-23T08:00:00,33.7,58,12,60.1,22.6,80.9,76.6,65,1,12,8,0,Good,Medium (Sandy),Dry,3.3,0,4.52,False,SWING
699,WS-005,2026-09-23T08:00:00,33.1,58,12,60.0,20.9,79.5,47.7,20,1,12,8,0,Good,Medium (Sandy),Dry,2.0,0,4.17,False,DUMP
700,WS-005,2026-09-23T08:00:00,32.0,58,12,60.0,21.0,79.0,50.5,20,1,12,8,0,Good,Medium (Sandy),Dry,2.7,0,4.21,False,RETURN
701,WS-005,2026-09-23T08:00:00,33.0,58,12,60.0,21.0,79.5,50.8,20,1,12,8,0,Good,Medium (Sandy),Dry,2.1,0,4.21,True,ACQUIRE
702,WS-005,2026-09-23T08:00:00,32.3,58,12,60.0,22.4,80.1,73.4,65,1,12,8,0,Good,Medium (Sandy),Dry,2.3,0,4.48,False,LIFT
703,WS-005,2026-09-23T08:00:00,32.1,58,12,60.0,22.6,80.1,77.1,65,1,12,8,0,Good,Medium (Sandy),Dry,2.7,0,4.53,False,SWING
704,WS-005,2026-09-23T08:00:00,32.0,58,12,59.9,21.1,79.1,51.6,20,1,12,8,0,Good,Medium (Sandy),Dry,3.6,0,4.22,False,DUMP
705,WS-005,2026-09-23T08:00:00,32.3,58,12,59.9,21.1,79.2,51.1,20,1,12,8,0,Good,Medium (Sandy),Dry,2.5,0,4.21,False,RETURN
706,WS-005,2026-09-23T08:00:00,32.0,58,12,59.9,21.1,79.1,51.4,20,1,12,8,0,Good,Medium (Sandy),Dry,2.1,0,4.22,False,ACQUIRE
707,WS-005,2026-09-23T08:00:00,31.1,58,12,59.9,22.3,79.4,72.1,65,1,12,8,0,Good,Medium (Sandy),Dry,2.2,0,4.47,False,LIFT
708,WS-005,2026-09-23T08:00:00,31.7,58,12,59.9,22.6,79.9,77.1,65,1,12,8,0,Good,Medium (Sandy),Dry,2.3,0,4.53,False,SWING
709,WS-005,2026-09-23T08:00:00,31.2,58,12,59.8,21.1,78.7,52.5,20,1,12,8,0,Good,Medium (Sandy),Dry,4.0,0,4.23,False,DUMP
710,WS-005,2026-09-23T08:00:00,31.7,58,12,59.8,21.2,79.0,52.9,20,1,12,8,0,Good,Medium (Sandy),Dry,3.8,0,4.23,False,RETURN
711,WS-005,2026-09-23T08:00:00,32.4,58,12,59.8,20.9,79.1,48.5,20,1,12,8,0,Good,Medium (Sandy),Dry,3.3,0,4.18,False,ACQUIRE
712,WS-005,2026-09-23T08:00:00,32.2,58,12,59.8,22.4,80.0,73.5,65,1,12,8,0,Good,Medium (Sandy),Dry,2.1,0,4.48,False,LIFT
713,WS-005,2026-09-23T08:00:00,31.7,58,12,59.8,22.7,80.0,77.8,65,1,12,8,0,Good,Medium (Sandy),Dry,2.8,0,4.53,False,SWING
714,WS-005,2026-09-23T08:00:00,32.2,58,12,59.7,21.1,79.2,52.4,20,1,12,8,0,Good,Medium (Sandy),Dry,3.1,0,4.23,False,DUMP
715,WS-005,2026-09-23T08:00:00,32.4,58,12,59.7,20.8,79.1,47.4,20,1,12,8,0,Good,Medium (Sandy),Dry,2.2,0,4.17,False,RETURN
716,WS-005,2026-09-23T08:00:00,31.9,58,12,59.7,21.0,78.9,49.4,20,1,6,8,0,Good,Medium (Sandy),Dry,3.0,0,4.19,False,ACQUIRE
717,WS-005,2026-09-23T08:00:00,31.3,58,12,59.7,22.2,79.5,70.0,65,1,6,8,0,Good,Medium (Sandy),Dry,2.2,0,4.44,False,LIFT
718,WS-005,2026-09-23T08:00:00,32.9,58,12,59.7,22.5,80.5,75.0,65,1,6,8,0,Good,Medium (Sandy),Dry,3.0,0,4.5,False,SWING
719,WS-005,2026-09-23T08:00:00,31.5,58,12,59.6,20.8,78.6,46.7,20,1,6,8,0,Good,Medium (Sandy),Dry,3.3,0,4.16,False,DUMP
720,WS-005,2026-09-23T08:00:00,33.3,58,12,59.6,20.9,79.6,48.8,20,1,6,8,0,Good,Medium (Sandy),Dry,2.2,3,4.19,False,RETURN
721,WS-005,2026-09-23T08:00:00,33.0,58,12,59.6,20.9,79.5,48.8,20,1,12,8,0,Good,Medium (Sandy),Dry,3.8,0,4.19,True,ACQUIRE
722,WS-005,2026-09-23T08:00:00,32.1,58,12,59.6,22.5,80.1,75.1,65,1,12,8,0,Good,Medium (Sandy),Dry,2.8,0,4.5,False,LIFT
723,WS-005,2026-09-23T08:00:00,32.4,58,12,59.6,22.4,80.1,73.1,65,1,12,8,0,Good,Medium (Sandy),Dry,2.4,0,4.48,False,SWING
724,WS-005,2026-09-23T08:00:00,31.8,58,12,59.5,20.9,78.8,48.5,20,1,12,8,0,Good,Medium (Sandy),Dry,2.5,0,4.18,False,DUMP
725,WS-005,2026-09-23T08:00:00,33.5,58,12,59.5,21.0,79.7,49.5,20,1,12,8,0,Good,Medium (Sandy),Dry,2.3,0,4.19,False,RETURN
726,WS-005,2026-09-23T08:00:00,33.3,58,12,59.5,20.7,79.5,45.8,20,1,12,8,0,Good,Medium (Sandy),Dry,3.3,0,4.15,False,ACQUIRE
727,WS-005,2026-09-23T08:00:00,33.6,58,12,59.5,22.4,80.7,73.3,65,1,12,8,0,Good,Medium (Sandy),Dry,3.5,0,4.48,False,LIFT
728,WS-005,2026-09-23T08:00:00,32.6,58,12,59.5,22.2,80.1,70.5,65,1,12,8,0,Good,Medium (Sandy),Dry,2.8,0,4.45,False,SWING
729,WS-005,2026-09-23T08:00:00,33.3,58,12,59.4,21.2,79.8,52.7,20,1,12,8,0,Good,Medium (Sandy),Dry,3.4,0,4.23,False,DUMP
730,WS-005,2026-09-23T08:00:00,34.2,58,12,59.4,21.0,80.1,49.6,20,1,12,8,0,Good,Medium (Sandy),Dry,2.5,0,4.2,False,RETURN
731,WS-005,2026-09-23T08:00:00,33.0,58,12,59.4,20.9,79.4,48.2,20,1,12,8,0,Good,Medium (Sandy),Dry,3.7,0,4.18,False,ACQUIRE
732,WS-005,2026-09-23T08:00:00,32.6,58,12,59.4,22.5,80.3,74.6,65,1,12,8,0,Good,Medium (Sandy),Dry,3.0,0,4.5,False,LIFT
733,WS-005,2026-09-23T08:00:00,33.7,58,12,59.4,22.7,81.0,77.9,65,1,12,8,0,Good,Medium (Sandy),Dry,2.3,0,4.53,False,SWING
734,WS-005,2026-09-23T08:00:00,34.6,58,12,59.3,20.9,80.2,48.6,20,1,12,8,0,Good,Medium (Sandy),Dry,3.9,0,4.18,False,DUMP
735,WS-005,2026-09-23T08:00:00,33.1,58,12,59.3,20.8,79.4,46.7,20,1,12,8,0,Good,Medium (Sandy),Dry,2.4,0,4.16,False,RETURN
736,WS-005,2026-09-23T08:00:00,32.9,58,12,59.3,20.7,79.3,45.6,20,1,12,8,0,Good,Medium (Sandy),Dry,3.4,0,4.15,False,ACQUIRE
737,WS-005,2026-09-23T08:00:00,33.3,58,12,59.3,22.6,80.7,76.6,65,1,12,8,0,Good,Medium (Sandy),Dry,2.3,0,4.52,False,LIFT
738,WS-005,2026-09-23T08:00:00,34.1,58,12,59.3,22.4,81.0,72.6,65,1,12,8,0,Good,Medium (Sandy),Dry,3.5,0,4.47,False,SWING
739,WS-005,2026-09-23T08:00:00,34.6,58,12,59.2,20.7,80.1,45.7,20,1,12,8,0,Good,Medium (Sandy),Dry,3.1,0,4.15,False,DUMP
740,WS-005,2026-09-23T08:00:00,34.1,58,12,59.2,21.1,80.1,51.9,20,1,12,8,0,Good,Medium (Sandy),Dry,3.0,0,4.22,False,RETURN
741,WS-005,2026-09-23T08:00:00,34.8,58,12,59.2,20.7,80.2,45.1,20,1,12,8,0,Good,Medium (Sandy),Dry,3.4,0,4.14,True,ACQUIRE
742,WS-005,2026-09-23T08:00:00,34.2,58,12,59.2,22.6,81.2,76.3,65,1,12,8,0,Good,Medium (Sandy),Dry,2.2,0,4.52,False,LIFT
743,WS-005,2026-09-23T08:00:00,33.3,58,12,59.2,22.5,80.6,74.5,65,1,12,8,0,Good,Medium (Sandy),Dry,3.2,0,4.49,False,SWING
744,WS-005,2026-09-23T08:00:00,34.9,58,12,59.1,20.7,80.3,45.8,20,1,12,8,0,Good,Medium (Sandy),Dry,2.2,0,4.15,False,DUMP
745,WS-005,2026-09-23T08:00:00,34.5,58,12,59.1,21.1,80.3,51.3,20,1,12,8,0,Good,Medium (Sandy),Dry,3.7,0,4.22,False,RETURN
746,WS-005,2026-09-23T08:00:00,34.7,58,12,59.1,21.1,80.4,52.0,20,1,6,8,0,Good,Medium (Sandy),Dry,2.5,0,4.22,False,ACQUIRE
747,WS-005,2026-09-23T08:00:00,34.2,58,12,59.1,22.5,81.1,74.6,65,1,6,8,0,Good,Medium (Sandy),Dry,2.9,0,4.5,False,LIFT
748,WS-005,2026-09-23T08:00:00,33.2,58,12,59.1,22.4,80.5,73.2,65,1,6,8,0,Good,Medium (Sandy),Dry,3.2,0,4.48,False,SWING
749,WS-005,2026-09-23T08:00:00,34.1,58,12,59.0,20.9,80.0,48.2,20,1,6,8,0,Good,Medium (Sandy),Dry,2.8,0,4.18,False,DUMP
750,WS-005,2026-09-23T08:00:00,34.5,58,12,59.0,21.0,80.3,50.5,20,1,6,8,0,Good,Medium (Sandy),Dry,2.1,0,4.21,False,RETURN
751,WS-006,2026-09-23T08:00:00,33.5,58,12,62.0,21.1,79.8,51.2,20,1,12,8,0,Good,Medium (Sandy),Dry,2.6,0,4.21,False,ACQUIRE
752,WS-006,2026-09-23T08:00:00,33.6,58,12,62.0,22.5,80.8,74.8,65,1,12,8,0,Good,Medium (Sandy),Dry,2.2,0,4.5,False,LIFT
753,WS-006,2026-09-23T08:00:00,33.1,58,12,62.0,22.6,80.6,77.3,65,1,12,8,0,Good,Medium (Sandy),Dry,2.8,0,4.53,False,SWING
754,WS-006,2026-09-23T08:00:00,33.3,58,12,61.9,20.9,79.6,49.1,20,1,12,8,0,Good,Medium (Sandy),Dry,2.7,0,4.19,False,DUMP
755,WS-006,2026-09-23T08:00:00,32.5,58,12,61.9,21.1,79.3,51.3,20,1,12,8,0,Good,Medium (Sandy),Dry,2.1,0,4.22,False,RETURN
756,WS-006,2026-09-23T08:00:00,33.9,58,12,61.9,20.9,79.9,48.2,20,1,12,8,0,Good,Medium (Sandy),Dry,3.6,0,4.18,False,ACQUIRE
757,WS-006,2026-09-23T08:00:00,33.6,58,12,61.9,22.5,80.8,74.5,65,1,12,8,0,Good,Medium (Sandy),Dry,2.3,0,4.49,False,LIFT
758,WS-006,2026-09-23T08:00:00,34.4,58,12,61.9,22.3,81.1,71.6,65,1,12,8,0,Good,Medium (Sandy),Dry,2.1,0,4.46,False,SWING
759,WS-006,2026-09-23T08:00:00,32.8,58,12,61.8,20.7,79.2,45.4,20,1,12,8,0,Good,Medium (Sandy),Dry,2.7,0,4.14,False,DUMP
760,WS-006,2026-09-23T08:00:00,33.2,58,12,61.8,20.9,79.5,47.9,20,1,12,8,0,Good,Medium (Sandy),Dry,2.9,0,4.17,False,RETURN
761,WS-006,2026-09-23T08:00:00,33.6,58,12,61.8,21.1,79.9,52.4,20,1,12,8,0,Good,Medium (Sandy),Dry,3.4,0,4.23,True,ACQUIRE
762,WS-006,2026-09-23T08:00:00,33.4,58,12,61.8,22.4,80.7,73.9,65,1,12,8,0,Good,Medium (Sandy),Dry,2.9,0,4.49,False,LIFT
763,WS-006,2026-09-23T08:00:00,34.9,58,12,61.8,22.4,81.4,73.8,65,1,12,8,0,Good,Medium (Sandy),Dry,3.1,0,4.49,False,SWING
764,WS-006,2026-09-23T08:00:00,33.7,58,12,61.7,21.1,79.9,51.7,20,1,12,8,0,Good,Medium (Sandy),Dry,2.5,0,4.22,False,DUMP
765,WS-006,2026-09-23T08:00:00,34.6,58,12,61.7,20.7,80.1,45.7,20,1,12,8,0,Good,Medium (Sandy),Dry,2.1,0,4.15,False,RETURN
766,WS-006,2026-09-23T08:00:00,33.1,58,12,61.7,21.1,79.6,51.8,20,1,12,8,0,Good,Medium (Sandy),Dry,3.6,0,4.22,False,ACQUIRE
767,WS-006,2026-09-23T08:00:00,33.4,58,12,61.7,22.3,80.6,71.8,65,1,12,8,0,Good,Medium (Sandy),Dry,2.5,0,4.46,False,LIFT
768,WS-006,2026-09-23T08:00:00,33.4,58,12,61.7,22.5,80.7,75.2,65,1,12,8,0,Good,Medium (Sandy),Dry,3.0,0,4.5,False,SWING
769,WS-006,2026-09-23T08:00:00,34.7,58,12,61.6,21.2,80.5,52.7,20,1,12,8,0,Good,Medium (Sandy),Dry,3.4,0,4.23,False,DUMP
770,WS-006,2026-09-23T08:00:00,33.9,58,12,61.6,20.8,79.8,46.1,20,1,12,8,0,Good,Medium (Sandy),Dry,2.3,0,4.15,False,RETURN
771,WS-006,2026-09-23T08:00:00,34.5,58,12,61.6,20.8,80.1,46.8,20,1,12,8,0,Good,Medium (Sandy),Dry,3.2,0,4.16,False,ACQUIRE
772,WS-006,2026-09-23T08:00:00,34.7,58,12,61.6,22.5,81.4,75.7,65,1,12,8,0,Good,Medium (Sandy),Dry,3.4,0,4.51,False,LIFT
773,WS-006,2026-09-23T08:00:00,33.4,58,12,61.6,22.6,80.8,77.2,65,1,12,8,0,Good,Medium (Sandy),Dry,3.7,0,4.53,False,SWING
774,WS-006,2026-09-23T08:00:00,33.7,58,12,61.5,20.8,79.7,46.7,20,1,12,8,0,Good,Medium (Sandy),Dry,2.6,0,4.16,False,DUMP
775,WS-006,2026-09-23T08:00:00,33.7,58,12,61.5,21.0,79.8,50.0,20,1,12,8,0,Good,Medium (Sandy),Dry,3.2,0,4.2,False,RETURN
776,WS-006,2026-09-23T08:00:00,32.6,58,12,61.5,21.2,79.4,53.0,20,1,6,8,0,Good,Medium (Sandy),Dry,3.9,0,4.24,False,ACQUIRE
777,WS-006,2026-09-23T08:00:00,34.2,58,12,61.5,22.5,81.1,74.5,65,1,6,8,0,Good,Medium (Sandy),Dry,3.2,0,4.49,False,LIFT
778,WS-006,2026-09-23T08:00:00,33.0,58,12,61.5,22.5,80.5,75.5,65,1,6,8,0,Good,Medium (Sandy),Dry,3.0,0,4.51,False,SWING
779,WS-006,2026-09-23T08:00:00,33.0,58,12,61.4,20.8,79.4,47.2,20,1,6,8,0,Good,Medium (Sandy),Dry,2.7,0,4.17,False,DUMP
780,WS-006,2026-09-23T08:00:00,32.8,58,12,61.4,21.0,79.4,50.2,20,1,6,8,0,Good,Medium (Sandy),Dry,3.9,0,4.2,False,RETURN
781,WS-006,2026-09-23T08:00:00,33.4,58,12,61.4,20.8,79.6,46.5,20,1,12,8,0,Good,Medium (Sandy),Dry,3.0,0,4.16,True,ACQUIRE
782,WS-006,2026-09-23T08:00:00,32.5,58,12,61.4,22.2,80.1,70.5,65,1,12,8,0,Good,Medium (Sandy),Dry,3.7,0,4.45,False,LIFT
783,WS-006,2026-09-23T08:00:00,33.6,58,12,61.4,22.4,80.7,73.2,65,1,12,8,0,Good,Medium (Sandy),Dry,2.6,0,4.48,False,SWING
784,WS-006,2026-09-23T08:00:00,32.1,58,12,61.3,20.7,78.9,45.2,20,1,12,8,0,Good,Medium (Sandy),Dry,3.0,0,4.14,False,DUMP
785,WS-006,2026-09-23T08:00:00,32.3,58,12,61.3,21.1,79.2,52.3,20,1,12,8,0,Good,Medium (Sandy),Dry,2.8,3,4.23,False,RETURN
786,WS-006,2026-09-23T08:00:00,33.1,58,12,61.3,21.0,79.5,49.7,20,1,12,8,0,Good,Medium (Sandy),Dry,4.0,0,4.2,False,ACQUIRE
787,WS-006,2026-09-23T08:00:00,33.2,58,12,61.3,22.4,80.5,72.7,65,1,12,8,0,Good,Medium (Sandy),Dry,3.4,0,4.47,False,LIFT
788,WS-006,2026-09-23T08:00:00,32.8,58,12,61.3,22.5,80.4,75.1,65,1,12,8,0,Good,Medium (Sandy),Dry,3.0,0,4.5,False,SWING
789,WS-006,2026-09-23T08:00:00,33.3,58,12,61.2,20.9,79.6,47.9,20,1,12,8,0,Good,Medium (Sandy),Dry,2.6,0,4.17,False,DUMP
790,WS-006,2026-09-23T08:00:00,31.7,58,12,61.2,21.0,78.9,50.3,20,1,12,8,0,Good,Medium (Sandy),Dry,3.1,0,4.2,False,RETURN
791,WS-006,2026-09-23T08:00:00,31.8,58,12,61.2,20.9,78.9,48.8,20,1,12,8,0,Good,Medium (Sandy),Dry,3.5,0,4.19,False,ACQUIRE
792,WS-006,2026-09-23T08:00:00,32.6,58,12,61.2,22.5,80.3,74.5,65,1,12,8,0,Good,Medium (Sandy),Dry,3.8,0,4.49,False,LIFT
793,WS-006,2026-09-23T08:00:00,33.0,58,12,61.2,22.6,80.6,77.2,65,1,12,8,0,Good,Medium (Sandy),Dry,3.3,0,4.53,False,SWING
794,WS-006,2026-09-23T08:00:00,31.5,58,12,61.1,20.8,78.6,46.8,20,1,12,8,0,Good,Medium (Sandy),Dry,3.7,0,4.16,False,DUMP
795,WS-006,2026-09-23T08:00:00,31.9,58,12,61.1,21.1,79.0,52.1,20,1,12,8,0,Good,Medium (Sandy),Dry,2.7,0,4.23,False,RETURN
796,WS-006,2026-09-23T08:00:00,32.2,58,12,61.1,20.9,79.0,48.7,20,1,12,8,0,Good,Medium (Sandy),Dry,2.2,0,4.18,False,ACQUIRE
797,WS-006,2026-09-23T08:00:00,31.1,58,12,61.1,22.5,79.6,75.1,65,1,12,8,0,Good,Medium (Sandy),Dry,3.2,0,4.5,False,LIFT
798,WS-006,2026-09-23T08:00:00,32.2,58,12,61.1,22.4,80.1,73.8,65,1,12,8,0,Good,Medium (Sandy),Dry,2.4,0,4.49,False,SWING
799,WS-006,2026-09-23T08:00:00,31.2,58,12,61.0,21.0,78.6,50.4,20,1,12,8,0,Good,Medium (Sandy),Dry,3.1,0,4.2,False,DUMP
800,WS-006,2026-09-23T08:00:00,31.8,58,12,61.0,21.1,79.0,52.0,20,1,12,8,0,Good,Medium (Sandy),Dry,2.3,0,4.22,False,RETURN
801,WS-006,2026-09-23T08:00:00,33.0,58,12,61.0,20.9,79.4,47.7,20,1,12,8,0,Good,Medium (Sandy),Dry,4.0,0,4.17,True,ACQUIRE
802,WS-006,2026-09-23T08:00:00,32.9,58,12,61.0,22.7,80.6,77.9,65,1,12,8,0,Good,Medium (Sandy),Dry,2.3,0,4.53,False,LIFT
803,WS-006,2026-09-23T08:00:00,32.8,58,12,61.0,22.3,80.3,71.4,65,1,12,8,0,Good,Medium (Sandy),Dry,2.2,0,4.46,False,SWING
804,WS-006,2026-09-23T08:00:00,31.8,58,12,60.9,21.2,79.0,52.9,20,1,12,8,0,Good,Medium (Sandy),Dry,2.6,0,4.23,False,DUMP
805,WS-006,2026-09-23T08:00:00,31.3,58,12,60.9,20.9,78.6,48.6,20,1,12,8,0,Good,Medium (Sandy),Dry,2.4,0,4.18,False,RETURN
806,WS-006,2026-09-23T08:00:00,32.8,58,12,60.9,21.0,79.4,49.6,20,1,6,8,0,Good,Medium (Sandy),Dry,2.3,0,4.2,False,ACQUIRE
807,WS-006,2026-09-23T08:00:00,32.9,58,12,60.9,22.6,80.5,76.2,65,1,6,8,0,Good,Medium (Sandy),Dry,2.3,0,4.51,False,LIFT
808,WS-006,2026-09-23T08:00:00,32.3,58,12,60.9,22.4,80.1,73.4,65,1,6,8,0,Good,Medium (Sandy),Dry,2.9,0,4.48,False,SWING
809,WS-006,2026-09-23T08:00:00,32.5,58,12,60.8,20.7,79.0,45.0,20,1,6,8,0,Good,Medium (Sandy),Dry,3.1,0,4.14,False,DUMP
810,WS-006,2026-09-23T08:00:00,33.1,58,12,60.8,21.2,79.7,52.6,20,1,6,8,0,Good,Medium (Sandy),Dry,3.8,0,4.23,False,RETURN
811,WS-006,2026-09-23T08:00:00,33.2,58,12,60.8,21.0,79.6,49.2,20,1,12,8,0,Good,Medium (Sandy),Dry,2.0,0,4.19,False,ACQUIRE
812,WS-006,2026-09-23T08:00:00,31.8,58,12,60.8,22.6,79.9,75.9,65,1,12,8,0,Good,Medium (Sandy),Dry,2.5,0,4.51,False,LIFT
813,WS-006,2026-09-23T08:00:00,33.7,58,12,60.8,22.4,80.8,72.5,65,1,12,8,0,Good,Medium (Sandy),Dry,2.2,0,4.47,False,SWING
814,WS-006,2026-09-23T08:00:00,33.0,58,12,60.7,20.8,79.4,47.4,20,1,12,8,0,Good,Medium (Sandy),Dry,2.1,0,4.17,False,DUMP
815,WS-006,2026-09-23T08:00:00,32.2,58,12,60.7,21.2,79.2,52.6,20,1,12,8,0,Good,Medium (Sandy),Dry,2.9,0,4.23,False,RETURN
816,WS-006,2026-09-23T08:00:00,33.3,58,12,60.7,21.0,79.6,49.2,20,1,12,8,0,Good,Medium (Sandy),Dry,2.9,0,4.19,False,ACQUIRE
817,WS-006,2026-09-23T08:00:00,33.7,58,12,60.7,22.3,80.7,71.1,65,1,12,8,0,Good,Medium (Sandy),Dry,4.0,0,4.45,False,LIFT
818,WS-006,2026-09-23T08:00:00,33.4,58,12,60.7,22.6,80.7,76.0,65,1,12,8,0,Good,Medium (Sandy),Dry,2.3,0,4.51,False,SWING
819,WS-006,2026-09-23T08:00:00,34.3,58,12,60.6,21.1,80.2,51.5,20,1,12,8,0,Good,Medium (Sandy),Dry,2.0,0,4.22,False,DUMP
820,WS-006,2026-09-23T08:00:00,33.0,58,12,60.6,21.2,79.6,52.9,20,1,12,8,0,Good,Medium (Sandy),Dry,2.4,0,4.23,False,RETURN
821,WS-006,2026-09-23T08:00:00,32.7,58,12,60.6,20.9,79.3,49.0,20,1,12,8,0,Good,Medium (Sandy),Dry,2.2,0,4.19,True,ACQUIRE
822,WS-006,2026-09-23T08:00:00,34.2,58,12,60.6,22.6,81.2,76.3,65,1,12,8,0,Good,Medium (Sandy),Dry,2.8,0,4.52,False,LIFT
823,WS-006,2026-09-23T08:00:00,34.1,58,12,60.6,22.6,81.1,76.2,65,1,12,8,0,Good,Medium (Sandy),Dry,3.2,0,4.51,False,SWING
824,WS-006,2026-09-23T08:00:00,34.0,58,12,60.5,20.7,79.8,45.4,20,1,12,8,0,Good,Medium (Sandy),Dry,2.2,0,4.14,False,DUMP
825,WS-006,2026-09-23T08:00:00,34.6,58,12,60.5,20.7,80.1,45.4,20,1,12,8,0,Good,Medium (Sandy),Dry,2.2,0,4.14,False,RETURN
826,WS-006,2026-09-23T08:00:00,33.8,58,12,60.5,20.8,79.7,46.0,20,1,12,8,0,Good,Medium (Sandy),Dry,2.5,0,4.15,False,ACQUIRE
827,WS-006,2026-09-23T08:00:00,34.4,58,12,60.5,22.3,81.1,71.6,65,1,12,8,0,Good,Medium (Sandy),Dry,3.4,0,4.46,False,LIFT
828,WS-006,2026-09-23T08:00:00,33.0,58,12,60.5,22.4,80.4,73.4,65,1,12,8,0,Good,Medium (Sandy),Dry,2.2,0,4.48,False,SWING
829,WS-006,2026-09-23T08:00:00,34.0,58,12,60.4,21.0,80.0,50.0,20,1,12,8,0,Good,Medium (Sandy),Dry,3.4,0,4.2,False,DUMP
830,WS-006,2026-09-23T08:00:00,33.8,58,12,60.4,21.1,80.0,52.2,20,1,12,8,0,Good,Medium (Sandy),Dry,3.0,0,4.23,False,RETURN
831,WS-006,2026-09-23T08:00:00,34.2,58,12,60.4,20.8,80.0,47.3,20,1,12,8,0,Good,Medium (Sandy),Dry,3.6,0,4.17,False,ACQUIRE
832,WS-006,2026-09-23T08:00:00,34.0,58,12,60.4,22.5,81.0,74.9,65,1,12,8,0,Good,Medium (Sandy),Dry,3.6,0,4.5,False,LIFT
833,WS-006,2026-09-23T08:00:00,34.6,58,12,60.4,22.7,81.4,77.8,65,1,12,8,0,Good,Medium (Sandy),Dry,2.7,0,4.53,False,SWING
834,WS-006,2026-09-23T08:00:00,33.7,58,12,60.3,20.8,79.7,46.3,20,1,12,8,0,Good,Medium (Sandy),Dry,3.1,0,4.16,False,DUMP
835,WS-006,2026-09-23T08:00:00,34.7,58,12,60.3,21.0,80.4,50.5,20,1,12,8,0,Good,Medium (Sandy),Dry,3.0,0,4.21,False,RETURN
836,WS-006,2026-09-23T08:00:00,33.3,58,12,60.3,20.7,79.5,45.1,20,1,6,8,0,Good,Medium (Sandy),Dry,2.2,0,4.14,False,ACQUIRE
837,WS-006,2026-09-23T08:00:00,33.0,58,12,60.3,22.5,80.5,74.6,65,1,6,8,0,Good,Medium (Sandy),Dry,3.0,0,4.5,False,LIFT
838,WS-006,2026-09-23T08:00:00,34.6,58,12,60.3,22.6,81.3,76.2,65,1,6,8,0,Good,Medium (Sandy),Dry,2.2,0,4.51,False,SWING
839,WS-006,2026-09-23T08:00:00,34.0,58,12,60.2,21.1,80.1,52.2,20,1,6,8,0,Good,Medium (Sandy),Dry,3.3,0,4.23,False,DUMP
840,WS-006,2026-09-23T08:00:00,33.4,58,12,60.2,21.2,79.8,52.8,20,1,6,8,0,Good,Medium (Sandy),Dry,2.5,0,4.23,False,RETURN
841,WS-006,2026-09-23T08:00:00,32.5,58,12,60.2,21.1,79.3,51.5,20,1,12,8,0,Good,Medium (Sandy),Dry,3.7,0,4.22,True,ACQUIRE
842,WS-006,2026-09-23T08:00:00,34.0,58,12,60.2,22.4,80.9,72.9,65,1,12,8,0,Good,Medium (Sandy),Dry,3.4,0,4.47,False,LIFT
843,WS-006,2026-09-23T08:00:00,33.1,58,12,60.2,22.3,80.4,70.9,65,1,12,8,0,Good,Medium (Sandy),Dry,3.7,0,4.45,False,SWING
844,WS-006,2026-09-23T08:00:00,33.9,58,12,60.1,20.7,79.8,45.1,20,1,12,8,0,Good,Medium (Sandy),Dry,2.3,0,4.14,False,DUMP
845,WS-006,2026-09-23T08:00:00,33.3,58,12,60.1,20.9,79.6,47.6,20,1,12,8,0,Good,Medium (Sandy),Dry,3.8,0,4.17,False,RETURN
846,WS-006,2026-09-23T08:00:00,33.8,58,12,60.1,20.8,79.8,47.1,20,1,12,8,0,Good,Medium (Sandy),Dry,3.5,0,4.17,False,ACQUIRE
847,WS-006,2026-09-23T08:00:00,32.6,58,12,60.1,22.4,80.2,72.7,65,1,12,8,0,Good,Medium (Sandy),Dry,2.2,0,4.47,False,LIFT
848,WS-006,2026-09-23T08:00:00,32.5,58,12,60.1,22.4,80.2,73.7,65,1,12,8,0,Good,Medium (Sandy),Dry,3.7,0,4.48,False,SWING
849,WS-006,2026-09-23T08:00:00,33.0,58,12,60.0,20.9,79.5,48.8,20,1,12,8,0,Good,Medium (Sandy),Dry,2.8,0,4.19,False,DUMP
850,WS-006,2026-09-23T08:00:00,33.3,58,12,60.0,20.8,79.5,46.3,20,1,12,8,0,Good,Medium (Sandy),Dry,2.3,0,4.16,False,RETURN
851,WS-006,2026-09-23T08:00:00,32.9,58,12,60.0,21.2,79.6,52.9,20,1,12,8,0,Good,Medium (Sandy),Dry,3.7,0,4.23,False,ACQUIRE
852,WS-006,2026-09-23T08:00:00,31.6,58,12,60.0,22.6,79.9,77.3,65,1,12,8,0,Good,Medium (Sandy),Dry,3.0,0,4.53,False,LIFT
853,WS-006,2026-09-23T08:00:00,32.4,58,12,60.0,22.4,80.1,73.5,65,1,12,8,0,Good,Medium (Sandy),Dry,3.2,0,4.48,False,SWING
854,WS-006,2026-09-23T08:00:00,32.8,58,12,59.9,21.0,79.4,49.9,20,1,12,8,0,Good,Medium (Sandy),Dry,3.7,0,4.2,False,DUMP
855,WS-006,2026-09-23T08:00:00,32.9,58,12,59.9,21.0,79.5,50.8,20,1,12,8,0,Good,Medium (Sandy),Dry,3.8,0,4.21,False,RETURN
856,WS-006,2026-09-23T08:00:00,32.1,58,12,59.9,20.9,79.0,48.9,20,1,12,8,0,Good,Medium (Sandy),Dry,3.8,0,4.19,False,ACQUIRE
857,WS-006,2026-09-23T08:00:00,32.0,58,12,59.9,22.2,79.8,70.5,65,1,12,8,0,Good,Medium (Sandy),Dry,3.3,0,4.45,False,LIFT
858,WS-006,2026-09-23T08:00:00,31.1,58,12,59.9,22.6,79.6,76.9,65,1,12,8,0,Good,Medium (Sandy),Dry,3.0,0,4.52,False,SWING
859,WS-006,2026-09-23T08:00:00,32.5,58,12,59.8,21.0,79.3,50.8,20,1,12,8,0,Good,Medium (Sandy),Dry,2.4,0,4.21,False,DUMP
860,WS-006,2026-09-23T08:00:00,32.9,58,12,59.8,21.1,79.5,52.0,20,1,12,8,0,Good,Medium (Sandy),Dry,3.0,0,4.22,False,RETURN
861,WS-006,2026-09-23T08:00:00,32.4,58,12,59.8,21.0,79.2,49.9,20,1,12,8,0,Good,Medium (Sandy),Dry,2.9,0,4.2,True,ACQUIRE
862,WS-006,2026-09-23T08:00:00,32.5,58,12,59.8,22.4,80.2,73.9,65,1,12,8,0,Good,Medium (Sandy),Dry,3.3,0,4.49,False,LIFT
863,WS-006,2026-09-23T08:00:00,32.3,58,12,59.8,22.3,80.0,71.2,65,1,12,8,0,Good,Medium (Sandy),Dry,3.7,0,4.45,False,SWING
864,WS-006,2026-09-23T08:00:00,32.8,58,12,59.7,21.0,79.4,49.9,20,1,12,8,0,Good,Medium (Sandy),Dry,2.0,0,4.2,False,DUMP
865,WS-006,2026-09-23T08:00:00,32.9,58,12,59.7,20.9,79.4,49.0,20,1,12,8,0,Good,Medium (Sandy),Dry,2.9,0,4.19,False,RETURN
866,WS-006,2026-09-23T08:00:00,32.1,58,12,59.7,20.8,78.9,46.3,20,1,6,8,0,Good,Medium (Sandy),Dry,3.5,0,4.16,False,ACQUIRE
867,WS-006,2026-09-23T08:00:00,31.8,58,12,59.7,22.4,79.8,72.6,65,1,6,8,0,Good,Medium (Sandy),Dry,2.6,0,4.47,False,LIFT
868,WS-006,2026-09-23T08:00:00,32.3,58,12,59.7,22.5,80.1,74.4,65,1,6,8,0,Good,Medium (Sandy),Dry,2.8,0,4.49,False,SWING
869,WS-006,2026-09-23T08:00:00,32.9,58,12,59.6,20.7,79.3,45.6,20,1,6,8,0,Good,Medium (Sandy),Dry,2.9,0,4.15,False,DUMP
870,WS-006,2026-09-23T08:00:00,32.5,58,12,59.6,20.7,79.1,45.7,20,1,6,8,0,Good,Medium (Sandy),Dry,3.0,3,4.15,False,RETURN
871,WS-006,2026-09-23T08:00:00,32.1,58,12,59.6,21.2,79.2,52.8,20,1,12,8,0,Good,Medium (Sandy),Dry,3.5,0,4.23,False,ACQUIRE
872,WS-006,2026-09-23T08:00:00,31.6,58,12,59.6,22.4,79.7,73.2,65,1,12,8,0,Good,Medium (Sandy),Dry,2.1,0,4.48,False,LIFT
873,WS-006,2026-09-23T08:00:00,32.7,58,12,59.6,22.6,80.4,76.6,65,1,12,8,0,Good,Medium (Sandy),Dry,3.6,0,4.52,False,SWING
874,WS-006,2026-09-23T08:00:00,33.7,58,12,59.5,21.0,79.9,50.1,20,1,12,8,0,Good,Medium (Sandy),Dry,3.8,0,4.2,False,DUMP
875,WS-006,2026-09-23T08:00:00,33.0,58,12,59.5,21.0,79.5,50.2,20,1,12,8,0,Good,Medium (Sandy),Dry,2.9,0,4.2,False,RETURN
876,WS-006,2026-09-23T08:00:00,32.6,58,12,59.5,21.1,79.4,51.6,20,1,12,8,0,Good,Medium (Sandy),Dry,3.6,0,4.22,False,ACQUIRE
877,WS-006,2026-09-23T08:00:00,33.7,58,12,59.5,22.4,80.8,72.7,65,1,12,8,0,Good,Medium (Sandy),Dry,3.5,0,4.47,False,LIFT
878,WS-006,2026-09-23T08:00:00,33.3,58,12,59.5,22.5,80.7,75.7,65,1,12,8,0,Good,Medium (Sandy),Dry,2.7,0,4.51,False,SWING
879,WS-006,2026-09-23T08:00:00,33.1,58,12,59.4,20.7,79.4,45.8,20,1,12,8,0,Good,Medium (Sandy),Dry,3.3,0,4.15,False,DUMP
880,WS-006,2026-09-23T08:00:00,32.3,58,12,59.4,20.9,79.1,47.8,20,1,12,8,0,Good,Medium (Sandy),Dry,3.3,0,4.17,False,RETURN
881,WS-006,2026-09-23T08:00:00,34.0,58,12,59.4,21.0,80.0,49.4,20,1,12,8,0,Good,Medium (Sandy),Dry,2.7,0,4.19,True,ACQUIRE
882,WS-006,2026-09-23T08:00:00,32.7,58,12,59.4,22.6,80.4,77.2,65,1,12,8,0,Good,Medium (Sandy),Dry,3.0,0,4.53,False,LIFT
883,WS-006,2026-09-23T08:00:00,34.2,58,12,59.4,22.6,81.1,75.9,65,1,12,8,0,Good,Medium (Sandy),Dry,2.8,0,4.51,False,SWING
884,WS-006,2026-09-23T08:00:00,33.2,58,12,59.3,20.8,79.5,46.6,20,1,12,8,0,Good,Medium (Sandy),Dry,2.2,0,4.16,False,DUMP
885,WS-006,2026-09-23T08:00:00,34.4,58,12,59.3,20.8,80.1,46.7,20,1,12,8,0,Good,Medium (Sandy),Dry,3.6,0,4.16,False,RETURN
886,WS-006,2026-09-23T08:00:00,33.2,58,12,59.3,20.9,79.5,47.7,20,1,12,8,0,Good,Medium (Sandy),Dry,3.5,0,4.17,False,ACQUIRE
887,WS-006,2026-09-23T08:00:00,33.0,58,12,59.3,22.5,80.5,75.1,65,1,12,8,0,Good,Medium (Sandy),Dry,3.3,0,4.5,False,LIFT
888,WS-006,2026-09-23T08:00:00,33.2,58,12,59.3,22.6,80.7,77.1,65,1,12,8,0,Good,Medium (Sandy),Dry,2.9,0,4.53,False,SWING
889,WS-006,2026-09-23T08:00:00,34.1,58,12,59.2,20.9,80.0,49.0,20,1,12,8,0,Good,Medium (Sandy),Dry,3.9,0,4.19,False,DUMP
890,WS-006,2026-09-23T08:00:00,33.0,58,12,59.2,21.1,79.5,50.9,20,1,12,8,0,Good,Medium (Sandy),Dry,3.1,0,4.21,False,RETURN
891,WS-006,2026-09-23T08:00:00,33.9,58,12,59.2,21.0,79.9,49.7,20,1,12,8,0,Good,Medium (Sandy),Dry,3.8,0,4.2,False,ACQUIRE
892,WS-006,2026-09-23T08:00:00,34.6,58,12,59.2,22.6,81.4,77.3,65,1,12,8,0,Good,Medium (Sandy),Dry,3.4,0,4.53,False,LIFT
893,WS-006,2026-09-23T08:00:00,33.3,58,12,59.2,22.6,80.7,76.5,65,1,12,8,0,Good,Medium (Sandy),Dry,2.2,0,4.52,False,SWING
894,WS-006,2026-09-23T08:00:00,34.3,58,12,59.1,21.0,80.1,49.8,20,1,12,8,0,Good,Medium (Sandy),Dry,2.6,0,4.2,False,DUMP
895,WS-006,2026-09-23T08:00:00,34.7,58,12,59.1,20.9,80.3,48.3,20,1,12,8,0,Good,Medium (Sandy),Dry,3.2,0,4.18,False,RETURN
896,WS-006,2026-09-23T08:00:00,34.3,58,12,59.1,20.8,80.0,47.0,20,1,6,8,0,Good,Medium (Sandy),Dry,2.8,0,4.16,False,ACQUIRE
897,WS-006,2026-09-23T08:00:00,33.6,58,12,59.1,22.3,80.7,72.4,65,1,6,8,0,Good,Medium (Sandy),Dry,3.6,0,4.47,False,LIFT
898,WS-006,2026-09-23T08:00:00,33.1,58,12,59.1,22.5,80.5,74.8,65,1,6,8,0,Good,Medium (Sandy),Dry,3.8,0,4.5,False,SWING
899,WS-006,2026-09-23T08:00:00,33.8,58,12,59.0,21.1,80.0,51.7,20,1,6,8,0,Good,Medium (Sandy),Dry,3.1,0,4.22,False,DUMP
900,WS-006,2026-09-23T08:00:00,33.4,58,12,59.0,21.1,79.7,50.9,20,1,6,8,0,Good,Medium (Sandy),Dry,3.1,0,4.21,False,RETURN
901,WS-007,2026-09-23T08:00:00,33.5,58,12,62.0,21.0,79.7,49.5,20,1,12,8,0,Good,Medium (Sandy),Dry,3.2,0,4.19,True,ACQUIRE
902,WS-007,2026-09-23T08:00:00,34.0,58,12,62.0,22.5,81.0,75.7,65,1,12,8,0,Good,Medium (Sandy),Dry,3.3,0,4.51,False,LIFT
903,WS-007,2026-09-23T08:00:00,34.0,58,12,62.0,22.5,81.0,74.3,65,1,12,8,0,Good,Medium (Sandy),Dry,3.8,0,4.49,False,SWING
904,WS-007,2026-09-23T08:00:00,33.1,58,12,61.9,20.7,79.4,45.1,20,1,12,8,0,Good,Medium (Sandy),Dry,2.2,0,4.14,False,DUMP
905,WS-007,2026-09-23T08:00:00,33.2,58,12,61.9,20.7,79.4,45.4,20,1,12,8,0,Good,Medium (Sandy),Dry,2.1,0,4.14,False,RETURN
906,WS-007,2026-09-23T08:00:00,33.0,58,12,61.9,21.1,79.6,51.3,20,1,12,8,0,Good,Medium (Sandy),Dry,4.0,0,4.22,False,ACQUIRE
907,WS-007,2026-09-23T08:00:00,33.9,58,12,61.9,22.3,80.8,71.2,65,1,12,8,0,Good,Medium (Sandy),Dry,2.1,0,4.45,False,LIFT
908,WS-007,2026-09-23T08:00:00,34.2,58,12,61.9,22.3,81.0,71.6,65,1,12,8,0,Good,Medium (Sandy),Dry,3.1,0,4.46,False,SWING
909,WS-007,2026-09-23T08:00:00,33.4,58,12,61.8,20.9,79.6,48.6,20,1,12,8,0,Good,Medium (Sandy),Dry,3.2,0,4.18,False,DUMP
910,WS-007,2026-09-23T08:00:00,34.1,58,12,61.8,21.0,80.0,49.5,20,1,12,8,0,Good,Medium (Sandy),Dry,2.4,0,4.19,False,RETURN
911,WS-007,2026-09-23T08:00:00,34.1,58,12,61.8,20.9,80.0,48.1,20,1,12,8,0,Good,Medium (Sandy),Dry,3.0,0,4.18,False,ACQUIRE
912,WS-007,2026-09-23T08:00:00,34.5,58,12,61.8,22.5,81.3,75.6,65,1,12,8,0,Good,Medium (Sandy),Dry,3.4,0,4.51,False,LIFT
913,WS-007,2026-09-23T08:00:00,33.0,58,12,61.8,22.4,80.4,73.1,65,1,12,8,0,Good,Medium (Sandy),Dry,2.8,0,4.48,False,SWING
914,WS-007,2026-09-23T08:00:00,34.5,58,12,61.7,21.0,80.3,50.5,20,1,12,8,0,Good,Medium (Sandy),Dry,3.9,0,4.21,False,DUMP
915,WS-007,2026-09-23T08:00:00,33.1,58,12,61.7,21.1,79.6,50.9,20,1,12,8,0,Good,Medium (Sandy),Dry,2.4,0,4.21,False,RETURN
916,WS-007,2026-09-23T08:00:00,34.7,58,12,61.7,21.1,80.4,51.9,20,1,12,8,0,Good,Medium (Sandy),Dry,2.9,0,4.22,False,ACQUIRE
917,WS-007,2026-09-23T08:00:00,33.5,58,12,61.7,22.5,80.8,75.1,65,1,12,8,0,Good,Medium (Sandy),Dry,3.4,0,4.5,False,LIFT
918,WS-007,2026-09-23T08:00:00,33.7,58,12,61.7,22.5,80.8,74.7,65,1,12,8,0,Good,Medium (Sandy),Dry,3.5,0,4.5,False,SWING
919,WS-007,2026-09-23T08:00:00,33.4,58,12,61.6,21.0,79.7,50.8,20,1,12,8,0,Good,Medium (Sandy),Dry,2.4,0,4.21,False,DUMP
920,WS-007,2026-09-23T08:00:00,33.8,58,12,61.6,21.2,80.0,52.9,20,1,12,8,0,Good,Medium (Sandy),Dry,2.1,0,4.23,False,RETURN
921,WS-007,2026-09-23T08:00:00,34.8,58,12,61.6,21.1,80.4,50.9,20,1,12,8,0,Good,Medium (Sandy),Dry,2.2,0,4.21,True,ACQUIRE
922,WS-007,2026-09-23T08:00:00,32.9,58,12,61.6,22.3,80.3,72.2,65,1,12,8,0,Good,Medium (Sandy),Dry,2.5,0,4.47,False,LIFT
923,WS-007,2026-09-23T08:00:00,33.1,58,12,61.6,22.6,80.6,76.8,65,1,12,8,0,Good,Medium (Sandy),Dry,2.0,0,4.52,False,SWING
924,WS-007,2026-09-23T08:00:00,33.7,58,12,61.5,21.1,79.9,52.5,20,1,12,8,0,Good,Medium (Sandy),Dry,2.1,0,4.23,False,DUMP
925,WS-007,2026-09-23T08:00:00,34.5,58,12,61.5,21.0,80.2,49.8,20,1,12,8,0,Good,Medium (Sandy),Dry,3.5,0,4.2,False,RETURN
926,WS-007,2026-09-23T08:00:00,33.8,58,12,61.5,21.1,80.0,51.7,20,1,6,8,0,Good,Medium (Sandy),Dry,2.6,0,4.22,False,ACQUIRE
927,WS-007,2026-09-23T08:00:00,34.1,58,12,61.5,22.5,81.0,74.4,65,1,6,8,0,Good,Medium (Sandy),Dry,2.1,0,4.49,False,LIFT
928,WS-007,2026-09-23T08:00:00,33.8,58,12,61.5,22.5,80.9,74.2,65,1,6,8,0,Good,Medium (Sandy),Dry,3.9,0,4.49,False,SWING
929,WS-007,2026-09-23T08:00:00,33.4,58,12,61.4,21.1,79.8,51.3,20,1,6,8,0,Good,Medium (Sandy),Dry,2.3,0,4.22,False,DUMP
930,WS-007,2026-09-23T08:00:00,33.3,58,12,61.4,20.9,79.6,48.2,20,1,6,8,0,Good,Medium (Sandy),Dry,2.7,0,4.18,False,RETURN
931,WS-007,2026-09-23T08:00:00,33.9,58,12,61.4,21.0,80.0,50.3,20,1,12,8,0,Good,Medium (Sandy),Dry,2.7,0,4.2,False,ACQUIRE
932,WS-007,2026-09-23T08:00:00,32.6,58,12,61.4,22.7,80.4,77.6,65,1,12,8,0,Good,Medium (Sandy),Dry,3.2,0,4.53,False,LIFT
933,WS-007,2026-09-23T08:00:00,32.9,58,12,61.4,22.5,80.4,74.5,65,1,12,8,0,Good,Medium (Sandy),Dry,3.5,0,4.49,False,SWING
934,WS-007,2026-09-23T08:00:00,33.1,58,12,61.3,20.8,79.4,45.9,20,1,12,8,0,Good,Medium (Sandy),Dry,2.7,0,4.15,False,DUMP
935,WS-007,2026-09-23T08:00:00,32.2,58,12,61.3,21.0,79.1,50.1,20,1,12,8,0,Good,Medium (Sandy),Dry,3.8,3,4.2,False,RETURN
936,WS-007,2026-09-23T08:00:00,32.1,58,12,61.3,20.7,78.9,45.3,20,1,12,8,0,Good,Medium (Sandy),Dry,3.8,0,4.14,False,ACQUIRE
937,WS-007,2026-09-23T08:00:00,32.3,58,12,61.3,22.6,80.2,76.4,65,1,12,8,0,Good,Medium (Sandy),Dry,2.2,0,4.52,False,LIFT
938,WS-007,2026-09-23T08:00:00,32.0,58,12,61.3,22.5,80.0,75.8,65,1,12,8,0,Good,Medium (Sandy),Dry,2.0,0,4.51,False,SWING
939,WS-007,2026-09-23T08:00:00,32.4,58,12,61.2,21.1,79.2,51.2,20,1,12,8,0,Good,Medium (Sandy),Dry,3.0,0,4.21,False,DUMP
940,WS-007,2026-09-23T08:00:00,32.3,58,12,61.2,20.9,79.1,48.9,20,1,12,8,0,Good,Medium (Sandy),Dry,2.6,0,4.19,False,RETURN
941,WS-007,2026-09-23T08:00:00,32.5,58,12,61.2,20.9,79.2,47.6,20,1,12,8,0,Good,Medium (Sandy),Dry,2.2,0,4.17,True,ACQUIRE
942,WS-007,2026-09-23T08:00:00,31.4,58,12,61.2,22.7,79.8,77.8,65,1,12,8,0,Good,Medium (Sandy),Dry,3.5,0,4.53,False,LIFT
943,WS-007,2026-09-23T08:00:00,32.2,58,12,61.2,22.5,80.1,75.0,65,1,12,8,0,Good,Medium (Sandy),Dry,2.4,0,4.5,False,SWING
944,WS-007,2026-09-23T08:00:00,32.3,58,12,61.1,20.8,79.0,46.7,20,1,12,8,0,Good,Medium (Sandy),Dry,3.4,0,4.16,False,DUMP
945,WS-007,2026-09-23T08:00:00,32.7,58,12,61.1,20.8,79.2,46.6,20,1,12,8,0,Good,Medium (Sandy),Dry,3.7,0,4.16,False,RETURN
946,WS-007,2026-09-23T08:00:00,32.8,58,12,61.1,21.1,79.4,50.9,20,1,12,8,0,Good,Medium (Sandy),Dry,2.9,0,4.21,False,ACQUIRE
947,WS-007,2026-09-23T08:00:00,32.6,58,12,61.1,22.2,80.1,70.6,65,1,12,8,0,Good,Medium (Sandy),Dry,3.4,0,4.45,False,LIFT
948,WS-007,2026-09-23T08:00:00,31.0,58,12,61.1,22.5,79.5,75.7,65,1,12,8,0,Good,Medium (Sandy),Dry,2.1,0,4.51,False,SWING
949,WS-007,2026-09-23T08:00:00,31.2,58,12,61.0,20.8,78.5,46.4,20,1,12,8,0,Good,Medium (Sandy),Dry,2.5,0,4.16,False,DUMP
950,WS-007,2026-09-23T08:00:00,31.2,58,12,61.0,21.1,78.7,51.6,20,1,12,8,0,Good,Medium (Sandy),Dry,3.8,0,4.22,False,RETURN
951,WS-007,2026-09-23T08:00:00,31.9,58,12,61.0,20.9,78.9,48.6,20,1,12,8,0,Good,Medium (Sandy),Dry,2.8,0,4.18,False,ACQUIRE
952,WS-007,2026-09-23T08:00:00,31.7,58,12,61.0,22.4,79.8,73.1,65,1,12,8,0,Good,Medium (Sandy),Dry,2.2,0,4.48,False,LIFT
953,WS-007,2026-09-23T08:00:00,31.1,58,12,61.0,22.5,79.6,75.8,65,1,12,8,0,Good,Medium (Sandy),Dry,2.1,0,4.51,False,SWING
954,WS-007,2026-09-23T08:00:00,32.7,58,12,60.9,20.7,79.2,45.4,20,1,12,8,0,Good,Medium (Sandy),Dry,3.7,0,4.14,False,DUMP
955,WS-007,2026-09-23T08:00:00,31.9,58,12,60.9,20.9,78.9,49.0,20,1,12,8,0,Good,Medium (Sandy),Dry,2.6,0,4.19,False,RETURN
956,WS-007,2026-09-23T08:00:00,32.7,58,12,60.9,21.0,79.3,49.9,20,1,6,8,0,Good,Medium (Sandy),Dry,2.6,0,4.2,False,ACQUIRE
957,WS-007,2026-09-23T08:00:00,33.2,58,12,60.9,22.4,80.5,73.1,65,1,6,8,0,Good,Medium (Sandy),Dry,3.6,0,4.48,False,LIFT
958,WS-007,2026-09-23T08:00:00,31.5,58,12,60.9,22.3,79.6,71.3,65,1,6,8,0,Good,Medium (Sandy),Dry,2.4,0,4.46,False,SWING
959,WS-007,2026-09-23T08:00:00,33.0,58,12,60.8,21.1,79.6,51.4,20,1,6,8,0,Good,Medium (Sandy),Dry,3.7,0,4.22,False,DUMP
960,WS-007,2026-09-23T08:00:00,32.2,58,12,60.8,21.0,79.1,50.1,20,1,6,8,0,Good,Medium (Sandy),Dry,2.6,0,4.2,False,RETURN
961,WS-007,2026-09-23T08:00:00,33.5,58,12,60.8,21.2,79.9,52.7,20,1,12,8,0,Good,Medium (Sandy),Dry,3.7,0,4.23,True,ACQUIRE
962,WS-007,2026-09-23T08:00:00,33.1,58,12,60.8,22.7,80.7,77.7,65,1,12,8,0,Good,Medium (Sandy),Dry,2.0,0,4.53,False,LIFT
963,WS-007,2026-09-23T08:00:00,33.7,58,12,60.8,22.3,80.7,71.1,65,1,12,8,0,Good,Medium (Sandy),Dry,2.1,0,4.45,False,SWING
964,WS-007,2026-09-23T08:00:00,33.2,58,12,60.7,20.9,79.5,48.2,20,1,12,8,0,Good,Medium (Sandy),Dry,3.1,0,4.18,False,DUMP
965,WS-007,2026-09-23T08:00:00,32.3,58,12,60.7,20.8,79.0,46.7,20,1,12,8,0,Good,Medium (Sandy),Dry,3.5,0,4.16,False,RETURN
966,WS-007,2026-09-23T08:00:00,33.7,58,12,60.7,20.8,79.7,46.7,20,1,12,8,0,Good,Medium (Sandy),Dry,3.8,0,4.16,False,ACQUIRE
967,WS-007,2026-09-23T08:00:00,34.0,58,12,60.7,22.3,80.8,71.1,65,1,12,8,0,Good,Medium (Sandy),Dry,2.4,0,4.45,False,LIFT
968,WS-007,2026-09-23T08:00:00,33.6,58,12,60.7,22.3,80.7,72.0,65,1,12,8,0,Good,Medium (Sandy),Dry,2.2,0,4.46,False,SWING
969,WS-007,2026-09-23T08:00:00,33.8,58,12,60.6,21.0,79.9,49.5,20,1,12,8,0,Good,Medium (Sandy),Dry,2.1,0,4.19,False,DUMP
970,WS-007,2026-09-23T08:00:00,34.1,58,12,60.6,21.2,80.2,52.9,20,1,12,8,0,Good,Medium (Sandy),Dry,3.1,0,4.23,False,RETURN
971,WS-007,2026-09-23T08:00:00,33.9,58,12,60.6,20.7,79.8,45.6,20,1,12,8,0,Good,Medium (Sandy),Dry,3.3,0,4.15,False,ACQUIRE
972,WS-007,2026-09-23T08:00:00,33.2,58,12,60.6,22.3,80.5,71.6,65,1,12,8,0,Good,Medium (Sandy),Dry,3.2,0,4.46,False,LIFT
973,WS-007,2026-09-23T08:00:00,34.7,58,12,60.6,22.4,81.3,72.9,65,1,12,8,0,Good,Medium (Sandy),Dry,3.3,0,4.47,False,SWING
974,WS-007,2026-09-23T08:00:00,33.3,58,12,60.5,20.8,79.5,47.3,20,1,12,8,0,Good,Medium (Sandy),Dry,2.1,0,4.17,False,DUMP
975,WS-007,2026-09-23T08:00:00,33.3,58,12,60.5,20.9,79.6,48.9,20,1,12,8,0,Good,Medium (Sandy),Dry,2.7,0,4.19,False,RETURN
976,WS-007,2026-09-23T08:00:00,34.3,58,12,60.5,21.0,80.2,50.5,20,1,12,8,0,Good,Medium (Sandy),Dry,2.3,0,4.21,False,ACQUIRE
977,WS-007,2026-09-23T08:00:00,34.1,58,12,60.5,22.6,81.1,76.5,65,1,12,8,0,Good,Medium (Sandy),Dry,3.9,0,4.52,False,LIFT
978,WS-007,2026-09-23T08:00:00,33.3,58,12,60.5,22.4,80.6,72.5,65,1,12,8,0,Good,Medium (Sandy),Dry,3.6,0,4.47,False,SWING
979,WS-007,2026-09-23T08:00:00,34.4,58,12,60.4,21.0,80.2,50.1,20,1,12,8,0,Good,Medium (Sandy),Dry,2.6,0,4.2,False,DUMP
980,WS-007,2026-09-23T08:00:00,33.7,58,12,60.4,21.0,79.9,50.4,20,1,12,8,0,Good,Medium (Sandy),Dry,2.7,0,4.2,False,RETURN
981,WS-007,2026-09-23T08:00:00,33.9,58,12,60.4,20.9,79.9,48.6,20,1,12,8,0,Good,Medium (Sandy),Dry,3.5,0,4.18,True,ACQUIRE
982,WS-007,2026-09-23T08:00:00,33.9,58,12,60.4,22.3,80.8,70.9,65,1,12,8,0,Good,Medium (Sandy),Dry,3.3,0,4.45,False,LIFT
983,WS-007,2026-09-23T08:00:00,33.1,58,12,60.4,22.3,80.4,72.2,65,1,12,8,0,Good,Medium (Sandy),Dry,3.7,0,4.47,False,SWING
984,WS-007,2026-09-23T08:00:00,34.7,58,12,60.3,20.8,80.2,46.6,20,1,12,8,0,Good,Medium (Sandy),Dry,3.5,0,4.16,False,DUMP
985,WS-007,2026-09-23T08:00:00,34.1,58,12,60.3,21.0,80.1,50.8,20,1,12,8,0,Good,Medium (Sandy),Dry,3.8,0,4.21,False,RETURN
986,WS-007,2026-09-23T08:00:00,34.5,58,12,60.3,21.0,80.3,50.1,20,1,6,8,0,Good,Medium (Sandy),Dry,3.6,0,4.2,False,ACQUIRE
987,WS-007,2026-09-23T08:00:00,33.9,58,12,60.3,22.6,81.0,76.2,65,1,6,8,0,Good,Medium (Sandy),Dry,2.4,0,4.51,False,LIFT
988,WS-007,2026-09-23T08:00:00,32.7,58,12,60.3,22.3,80.2,72.1,65,1,6,8,0,Good,Medium (Sandy),Dry,3.8,0,4.47,False,SWING
989,WS-007,2026-09-23T08:00:00,33.7,58,12,60.2,21.0,79.9,50.2,20,1,6,8,0,Good,Medium (Sandy),Dry,2.3,0,4.2,False,DUMP
990,WS-007,2026-09-23T08:00:00,33.3,58,12,60.2,21.1,79.7,52.1,20,1,6,8,0,Good,Medium (Sandy),Dry,3.2,0,4.23,False,RETURN
991,WS-007,2026-09-23T08:00:00,34.1,58,12,60.2,20.8,79.9,46.1,20,1,12,8,0,Good,Medium (Sandy),Dry,3.0,0,4.15,False,ACQUIRE
992,WS-007,2026-09-23T08:00:00,32.5,58,12,60.2,22.4,80.2,72.9,65,1,12,8,0,Good,Medium (Sandy),Dry,2.0,0,4.47,False,LIFT
993,WS-007,2026-09-23T08:00:00,32.7,58,12,60.2,22.7,80.5,77.7,65,1,12,8,0,Good,Medium (Sandy),Dry,4.0,0,4.53,False,SWING
994,WS-007,2026-09-23T08:00:00,33.5,58,12,60.1,21.1,79.8,51.1,20,1,12,8,0,Good,Medium (Sandy),Dry,2.3,0,4.21,False,DUMP
995,WS-007,2026-09-23T08:00:00,32.3,58,12,60.1,21.0,79.1,49.5,20,1,12,8,0,Good,Medium (Sandy),Dry,3.1,0,4.19,False,RETURN
996,WS-007,2026-09-23T08:00:00,33.7,58,12,60.1,20.8,79.7,46.2,20,1,12,8,0,Good,Medium (Sandy),Dry,3.5,0,4.15,False,ACQUIRE
997,WS-007,2026-09-23T08:00:00,33.7,58,12,60.1,22.2,80.7,70.3,65,1,12,8,0,Good,Medium (Sandy),Dry,3.5,0,4.44,False,LIFT
998,WS-007,2026-09-23T08:00:00,32.2,58,12,60.1,22.3,80.0,72.1,65,1,12,8,0,Good,Medium (Sandy),Dry,2.5,0,4.47,False,SWING
999,WS-007,2026-09-23T08:00:00,33.0,58,12,60.0,20.9,79.5,49.1,20,1,12,8,0,Good,Medium (Sandy),Dry,3.6,0,4.19,False,DUMP
1000,WS-007,2026-09-23T08:00:00,32.3,58,12,60.0,21.1,79.2,52.3,20,1,12,8,0,Good,Medium (Sandy),Dry,3.8,0,4.23,False,RETURN
1001,WS-007,2026-09-23T08:00:00,31.5,58,12,60.0,21.0,78.8,50.2,20,1,12,8,0,Good,Medium (Sandy),Dry,2.2,0,4.2,True,ACQUIRE
1002,WS-007,2026-09-23T08:00:00,33.3,58,12,60.0,22.5,80.7,75.1,65,1,12,8,0,Good,Medium (Sandy),Dry,2.5,0,4.5,False,LIFT
1003,WS-007,2026-09-23T08:00:00,32.8,58,12,60.0,22.5,80.4,74.6,65,1,12,8,0,Good,Medium (Sandy),Dry,3.1,0,4.5,False,SWING
1004,WS-007,2026-09-23T08:00:00,32.0,58,12,59.9,20.9,78.9,48.0,20,1,12,8,0,Good,Medium (Sandy),Dry,3.2,0,4.18,False,DUMP
1005,WS-007,2026-09-23T08:00:00,33.0,58,12,59.9,20.7,79.3,45.6,20,1,12,8,0,Good,Medium (Sandy),Dry,2.5,0,4.15,False,RETURN
1006,WS-007,2026-09-23T08:00:00,33.1,58,12,59.9,20.8,79.4,46.8,20,1,12,8,0,Good,Medium (Sandy),Dry,2.8,0,4.16,False,ACQUIRE
1007,WS-007,2026-09-23T08:00:00,32.7,58,12,59.9,22.4,80.3,72.8,65,1,12,8,0,Good,Medium (Sandy),Dry,3.6,0,4.47,False,LIFT
1008,WS-007,2026-09-23T08:00:00,32.8,58,12,59.9,22.2,80.2,70.1,65,1,12,8,0,Good,Medium (Sandy),Dry,3.8,0,4.44,False,SWING
1009,WS-007,2026-09-23T08:00:00,31.9,58,12,59.8,20.8,78.8,46.8,20,1,12,8,0,Good,Medium (Sandy),Dry,3.0,0,4.16,False,DUMP
1010,WS-007,2026-09-23T08:00:00,31.6,58,12,59.8,20.8,78.6,46.2,20,1,12,8,0,Good,Medium (Sandy),Dry,2.3,0,4.15,False,RETURN
1011,WS-007,2026-09-23T08:00:00,32.2,58,12,59.8,21.1,79.2,51.5,20,1,12,8,0,Good,Medium (Sandy),Dry,3.3,0,4.22,False,ACQUIRE
1012,WS-007,2026-09-23T08:00:00,31.8,58,12,59.8,22.4,79.8,72.6,65,1,12,8,0,Good,Medium (Sandy),Dry,2.2,0,4.47,False,LIFT
1013,WS-007,2026-09-23T08:00:00,32.4,58,12,59.8,22.4,80.2,73.8,65,1,12,8,0,Good,Medium (Sandy),Dry,3.2,0,4.49,False,SWING
1014,WS-007,2026-09-23T08:00:00,32.3,58,12,59.7,20.9,79.1,48.3,20,1,12,8,0,Good,Medium (Sandy),Dry,2.5,0,4.18,False,DUMP
1015,WS-007,2026-09-23T08:00:00,31.3,58,12,59.7,21.0,78.6,49.7,20,1,12,8,0,Good,Medium (Sandy),Dry,2.3,0,4.2,False,RETURN
1016,WS-007,2026-09-23T08:00:00,32.1,58,12,59.7,21.1,79.1,52.1,20,1,6,8,0,Good,Medium (Sandy),Dry,2.3,0,4.23,False,ACQUIRE
1017,WS-007,2026-09-23T08:00:00,31.5,58,12,59.7,22.6,79.8,77.4,65,1,6,8,0,Good,Medium (Sandy),Dry,3.0,0,4.53,False,LIFT
1018,WS-007,2026-09-23T08:00:00,32.0,58,12,59.7,22.7,80.1,77.8,65,1,6,8,0,Good,Medium (Sandy),Dry,3.3,0,4.53,False,SWING
1019,WS-007,2026-09-23T08:00:00,33.1,58,12,59.6,21.0,79.6,50.8,20,1,6,8,0,Good,Medium (Sandy),Dry,3.6,0,4.21,False,DUMP
1020,WS-007,2026-09-23T08:00:00,33.3,58,12,59.6,20.8,79.5,46.7,20,1,6,8,0,Good,Medium (Sandy),Dry,3.2,3,4.16,False,RETURN
1021,WS-007,2026-09-23T08:00:00,32.4,58,12,59.6,20.9,79.2,48.9,20,1,12,8,0,Good,Medium (Sandy),Dry,2.4,0,4.19,True,ACQUIRE
1022,WS-007,2026-09-23T08:00:00,32.4,58,12,59.6,22.3,80.0,71.1,65,1,12,8,0,Good,Medium (Sandy),Dry,3.2,0,4.45,False,LIFT
1023,WS-007,2026-09-23T08:00:00,33.2,58,12,59.6,22.5,80.6,75.0,65,1,12,8,0,Good,Medium (Sandy),Dry,3.0,0,4.5,False,SWING
1024,WS-007,2026-09-23T08:00:00,32.1,58,12,59.5,21.0,79.1,50.5,20,1,12,8,0,Good,Medium (Sandy),Dry,3.8,0,4.21,False,DUMP
1025,WS-007,2026-09-23T08:00:00,33.0,58,12,59.5,20.7,79.3,45.6,20,1,12,8,0,Good,Medium (Sandy),Dry,2.8,0,4.15,False,RETURN
1026,WS-007,2026-09-23T08:00:00,32.2,58,12,59.5,20.7,78.9,45.1,20,1,12,8,0,Good,Medium (Sandy),Dry,3.0,0,4.14,False,ACQUIRE
1027,WS-007,2026-09-23T08:00:00,33.9,58,12,59.5,22.5,81.0,75.5,65,1,12,8,0,Good,Medium (Sandy),Dry,3.7,0,4.51,False,LIFT
1028,WS-007,2026-09-23T08:00:00,33.3,58,12,59.5,22.3,80.5,71.4,65,1,12,8,0,Good,Medium (Sandy),Dry,3.8,0,4.46,False,SWING
1029,WS-007,2026-09-23T08:00:00,33.4,58,12,59.4,21.1,79.8,52.0,20,1,12,8,0,Good,Medium (Sandy),Dry,3.1,0,4.22,False,DUMP
1030,WS-007,2026-09-23T08:00:00,33.8,58,12,59.4,20.7,79.7,45.7,20,1,12,8,0,Good,Medium (Sandy),Dry,3.3,0,4.15,False,RETURN
1031,WS-007,2026-09-23T08:00:00,34.2,58,12,59.4,21.0,80.1,49.3,20,1,12,8,0,Good,Medium (Sandy),Dry,2.0,0,4.19,False,ACQUIRE
1032,WS-007,2026-09-23T08:00:00,34.4,58,12,59.4,22.5,81.2,75.4,65,1,12,8,0,Good,Medium (Sandy),Dry,2.9,0,4.5,False,LIFT
1033,WS-007,2026-09-23T08:00:00,33.4,58,12,59.4,22.6,80.8,77.0,65,1,12,8,0,Good,Medium (Sandy),Dry,3.4,0,4.52,False,SWING
1034,WS-007,2026-09-23T08:00:00,33.5,58,12,59.3,21.1,79.8,52.5,20,1,12,8,0,Good,Medium (Sandy),Dry,3.0,0,4.23,False,DUMP
1035,WS-007,2026-09-23T08:00:00,34.3,58,12,59.3,20.9,80.1,47.8,20,1,12,8,0,Good,Medium (Sandy),Dry,3.6,0,4.17,False,RETURN
1036,WS-007,2026-09-23T08:00:00,34.6,58,12,59.3,21.1,80.4,51.7,20,1,12,8,0,Good,Medium (Sandy),Dry,3.2,0,4.22,False,ACQUIRE
1037,WS-007,2026-09-23T08:00:00,33.7,58,12,59.3,22.3,80.7,72.0,65,1,12,8,0,Good,Medium (Sandy),Dry,3.5,0,4.46,False,LIFT
1038,WS-007,2026-09-23T08:00:00,34.7,58,12,59.3,22.2,81.2,70.7,65,1,12,8,0,Good,Medium (Sandy),Dry,3.2,0,4.45,False,SWING
1039,WS-007,2026-09-23T08:00:00,34.0,58,12,59.2,20.8,79.9,47.1,20,1,12,8,0,Good,Medium (Sandy),Dry,2.0,0,4.17,False,DUMP
1040,WS-007,2026-09-23T08:00:00,34.5,58,12,59.2,20.7,80.1,45.1,20,1,12,8,0,Good,Medium (Sandy),Dry,3.0,0,4.14,False,RETURN
1041,WS-007,2026-09-23T08:00:00,34.0,58,12,59.2,20.9,79.9,48.0,20,1,12,8,0,Good,Medium (Sandy),Dry,2.4,0,4.18,True,ACQUIRE
1042,WS-007,2026-09-23T08:00:00,34.6,58,12,59.2,22.4,81.2,73.3,65,1,12,8,0,Good,Medium (Sandy),Dry,2.2,0,4.48,False,LIFT
1043,WS-007,2026-09-23T08:00:00,33.9,58,12,59.2,22.5,80.9,74.7,65,1,12,8,0,Good,Medium (Sandy),Dry,2.5,0,4.5,False,SWING
1044,WS-007,2026-09-23T08:00:00,34.1,58,12,59.1,21.0,80.0,49.5,20,1,12,8,0,Good,Medium (Sandy),Dry,3.2,0,4.19,False,DUMP
1045,WS-007,2026-09-23T08:00:00,34.9,58,12,59.1,20.9,80.4,48.2,20,1,12,8,0,Good,Medium (Sandy),Dry,2.4,0,4.18,False,RETURN
1046,WS-007,2026-09-23T08:00:00,34.0,58,12,59.1,21.0,80.0,49.5,20,1,6,8,0,Good,Medium (Sandy),Dry,2.4,0,4.19,False,ACQUIRE
1047,WS-007,2026-09-23T08:00:00,34.0,58,12,59.1,22.4,81.0,73.9,65,1,6,8,0,Good,Medium (Sandy),Dry,4.0,0,4.49,False,LIFT
1048,WS-007,2026-09-23T08:00:00,34.0,58,12,59.1,22.6,81.0,76.2,65,1,6,8,0,Good,Medium (Sandy),Dry,2.8,0,4.51,False,SWING
1049,WS-007,2026-09-23T08:00:00,33.1,58,12,59.0,21.1,79.6,51.9,20,1,6,8,0,Good,Medium (Sandy),Dry,2.2,0,4.22,False,DUMP
1050,WS-007,2026-09-23T08:00:00,33.2,58,12,59.0,21.1,79.7,51.3,20,1,6,8,0,Good,Medium (Sandy),Dry,3.9,0,4.22,False,RETURN
1051,WS-008,2026-09-23T08:00:00,33.2,58,12,62.0,20.7,79.4,45.7,20,1,12,8,0,Good,Medium (Sandy),Dry,2.5,0,4.15,False,ACQUIRE
1052,WS-008,2026-09-23T08:00:00,32.8,58,12,62.0,22.5,80.4,74.9,65,1,12,8,0,Good,Medium (Sandy),Dry,3.4,0,4.5,False,LIFT
1053,WS-008,2026-09-23T08:00:00,34.1,58,12,62.0,22.4,81.0,73.2,65,1,12,8,0,Good,Medium (Sandy),Dry,3.3,0,4.48,False,SWING
1054,WS-008,2026-09-23T08:00:00,32.9,58,12,61.9,21.2,79.6,52.7,20,1,12,8,0,Good,Medium (Sandy),Dry,2.1,0,4.23,False,DUMP
1055,WS-008,2026-09-23T08:00:00,33.9,58,12,61.9,20.8,79.8,46.4,20,1,12,8,0,Good,Medium (Sandy),Dry,3.0,0,4.16,False,RETURN
1056,WS-008,2026-09-23T08:00:00,32.5,58,12,61.9,21.1,79.3,51.8,20,1,12,8,0,Good,Medium (Sandy),Dry,3.9,0,4.22,False,ACQUIRE
1057,WS-008,2026-09-23T08:00:00,33.6,58,12,61.9,22.3,80.7,71.6,65,1,12,8,0,Good,Medium (Sandy),Dry,3.6,0,4.46,False,LIFT
1058,WS-008,2026-09-23T08:00:00,33.7,58,12,61.9,22.5,80.9,75.6,65,1,12,8,0,Good,Medium (Sandy),Dry,3.2,0,4.51,False,SWING
1059,WS-008,2026-09-23T08:00:00,34.1,58,12,61.8,20.9,80.0,47.9,20,1,12,8,0,Good,Medium (Sandy),Dry,3.3,0,4.17,False,DUMP
1060,WS-008,2026-09-23T08:00:00,34.7,58,12,61.8,20.7,80.2,45.7,20,1,12,8,0,Good,Medium (Sandy),Dry,2.6,0,4.15,False,RETURN
1061,WS-008,2026-09-23T08:00:00,33.6,58,12,61.8,21.0,79.8,50.4,20,1,12,8,0,Good,Medium (Sandy),Dry,2.8,0,4.2,True,ACQUIRE
1062,WS-008,2026-09-23T08:00:00,33.3,58,12,61.8,22.2,80.5,70.1,65,1,12,8,0,Good,Medium (Sandy),Dry,3.4,0,4.44,False,LIFT
1063,WS-008,2026-09-23T08:00:00,34.8,58,12,61.8,22.5,81.4,74.4,65,1,12,8,0,Good,Medium (Sandy),Dry,3.5,0,4.49,False,SWING
1064,WS-008,2026-09-23T08:00:00,34.1,58,12,61.7,21.0,80.0,49.7,20,1,12,8,0,Good,Medium (Sandy),Dry,2.7,0,4.2,False,DUMP
1065,WS-008,2026-09-23T08:00:00,34.6,58,12,61.7,20.8,80.2,46.8,20,1,12,8,0,Good,Medium (Sandy),Dry,3.9,0,4.16,False,RETURN
1066,WS-008,2026-09-23T08:00:00,33.9,58,12,61.7,20.9,79.9,48.2,20,1,12,8,0,Good,Medium (Sandy),Dry,2.0,0,4.18,False,ACQUIRE
1067,WS-008,2026-09-23T08:00:00,33.3,58,12,61.7,22.4,80.6,74.0,65,1,12,8,0,Good,Medium (Sandy),Dry,3.1,0,4.49,False,LIFT
1068,WS-008,2026-09-23T08:00:00,34.0,58,12,61.7,22.4,80.9,72.7,65,1,12,8,0,Good,Medium (Sandy),Dry,2.2,0,4.47,False,SWING
1069,WS-008,2026-09-23T08:00:00,34.0,58,12,61.6,20.8,79.9,47.1,20,1,12,8,0,Good,Medium (Sandy),Dry,3.1,0,4.17,False,DUMP
1070,WS-008,2026-09-23T08:00:00,34.5,58,12,61.6,20.8,80.1,47.0,20,1,12,8,0,Good,Medium (Sandy),Dry,2.9,0,4.16,False,RETURN
1071,WS-008,2026-09-23T08:00:00,33.7,58,12,61.6,20.9,79.8,48.9,20,1,12,8,0,Good,Medium (Sandy),Dry,2.5,0,4.19,False,ACQUIRE
1072,WS-008,2026-09-23T08:00:00,33.5,58,12,61.6,22.6,80.8,76.2,65,1,12,8,0,Good,Medium (Sandy),Dry,3.4,0,4.51,False,LIFT
1073,WS-008,2026-09-23T08:00:00,34.6,58,12,61.6,22.6,81.4,76.9,65,1,12,8,0,Good,Medium (Sandy),Dry,3.0,0,4.52,False,SWING
1074,WS-008,2026-09-23T08:00:00,33.3,58,12,61.5,20.9,79.6,48.1,20,1,12,8,0,Good,Medium (Sandy),Dry,3.6,0,4.18,False,DUMP
1075,WS-008,2026-09-23T08:00:00,33.1,58,12,61.5,21.0,79.6,50.6,20,1,12,8,0,Good,Medium (Sandy),Dry,3.6,0,4.21,False,RETURN
1076,WS-008,2026-09-23T08:00:00,33.4,58,12,61.5,20.9,79.6,47.8,20,1,6,8,0,Good,Medium (Sandy),Dry,3.1,0,4.17,False,ACQUIRE
1077,WS-008,2026-09-23T08:00:00,33.9,58,12,61.5,22.3,80.8,72.1,65,1,6,8,0,Good,Medium (Sandy),Dry,2.6,0,4.47,False,LIFT
1078,WS-008,2026-09-23T08:00:00,33.2,58,12,61.5,22.6,80.6,76.0,65,1,6,8,0,Good,Medium (Sandy),Dry,2.7,0,4.51,False,SWING
1079,WS-008,2026-09-23T08:00:00,33.4,58,12,61.4,20.8,79.6,46.4,20,1,6,8,0,Good,Medium (Sandy),Dry,2.6,0,4.16,False,DUMP
1080,WS-008,2026-09-23T08:00:00,32.7,58,12,61.4,21.0,79.3,49.6,20,1,6,8,0,Good,Medium (Sandy),Dry,2.4,0,4.2,False,RETURN
1081,WS-008,2026-09-23T08:00:00,33.6,58,12,61.4,21.1,79.9,52.4,20,1,12,8,0,Good,Medium (Sandy),Dry,2.4,0,4.23,True,ACQUIRE
1082,WS-008,2026-09-23T08:00:00,33.5,58,12,61.4,22.3,80.6,71.9,65,1,12,8,0,Good,Medium (Sandy),Dry,2.5,0,4.46,False,LIFT
1083,WS-008,2026-09-23T08:00:00,32.5,58,12,61.4,22.3,80.1,71.8,65,1,12,8,0,Good,Medium (Sandy),Dry,3.7,0,4.46,False,SWING
1084,WS-008,2026-09-23T08:00:00,33.5,58,12,61.3,20.9,79.7,47.8,20,1,12,8,0,Good,Medium (Sandy),Dry,3.6,0,4.17,False,DUMP
1085,WS-008,2026-09-23T08:00:00,32.0,58,12,61.3,20.7,78.8,45.6,20,1,12,8,0,Good,Medium (Sandy),Dry,3.9,3,4.15,False,RETURN
1086,WS-008,2026-09-23T08:00:00,32.6,58,12,61.3,20.7,79.1,45.1,20,1,12,8,0,Good,Medium (Sandy),Dry,3.7,0,4.14,False,ACQUIRE
1087,WS-008,2026-09-23T08:00:00,33.5,58,12,61.3,22.6,80.8,76.8,65,1,12,8,0,Good,Medium (Sandy),Dry,2.7,0,4.52,False,LIFT
1088,WS-008,2026-09-23T08:00:00,32.1,58,12,61.3,22.6,80.1,77.2,65,1,12,8,0,Good,Medium (Sandy),Dry,3.8,0,4.53,False,SWING
1089,WS-008,2026-09-23T08:00:00,32.5,58,12,61.2,20.8,79.1,47.2,20,1,12,8,0,Good,Medium (Sandy),Dry,2.4,0,4.17,False,DUMP
1090,WS-008,2026-09-23T08:00:00,32.8,58,12,61.2,20.9,79.4,49.1,20,1,12,8,0,Good,Medium (Sandy),Dry,2.8,0,4.19,False,RETURN
1091,WS-008,2026-09-23T08:00:00,32.7,58,12,61.2,20.8,79.2,46.0,20,1,12,8,0,Good,Medium (Sandy),Dry,3.1,0,4.15,False,ACQUIRE
1092,WS-008,2026-09-23T08:00:00,32.0,58,12,61.2,22.6,80.1,77.5,65,1,12,8,0,Good,Medium (Sandy),Dry,2.1,0,4.53,False,LIFT
1093,WS-008,2026-09-23T08:00:00,31.8,58,12,61.2,22.6,80.0,76.9,65,1,12,8,0,Good,Medium (Sandy),Dry,3.6,0,4.52,False,SWING
1094,WS-008,2026-09-23T08:00:00,32.0,58,12,61.1,20.8,78.8,46.0,20,1,12,8,0,Good,Medium (Sandy),Dry,3.0,0,4.15,False,DUMP
1095,WS-008,2026-09-23T08:00:00,31.7,58,12,61.1,20.7,78.7,45.1,20,1,12,8,0,Good,Medium (Sandy),Dry,3.3,0,4.14,False,RETURN
1096,WS-008,2026-09-23T08:00:00,31.8,58,12,61.1,20.7,78.7,45.8,20,1,12,8,0,Good,Medium (Sandy),Dry,2.7,0,4.15,False,ACQUIRE
1097,WS-008,2026-09-23T08:00:00,32.7,58,12,61.1,22.3,80.2,71.5,65,1,12,8,0,Good,Medium (Sandy),Dry,2.5,0,4.46,False,LIFT
1098,WS-008,2026-09-23T08:00:00,31.5,58,12,61.1,22.7,79.9,77.7,65,1,12,8,0,Good,Medium (Sandy),Dry,2.7,0,4.53,False,SWING
1099,WS-008,2026-09-23T08:00:00,31.4,58,12,61.0,20.9,78.6,48.4,20,1,12,8,0,Good,Medium (Sandy),Dry,2.8,0,4.18,False,DUMP
1100,WS-008,2026-09-23T08:00:00,32.5,58,12,61.0,20.9,79.2,47.9,20,1,12,8,0,Good,Medium (Sandy),Dry,2.8,0,4.17,False,RETURN
1101,WS-008,2026-09-23T08:00:00,31.9,58,12,61.0,21.0,78.9,49.6,20,1,12,8,0,Good,Medium (Sandy),Dry,4.0,0,4.2,True,ACQUIRE
1102,WS-008,2026-09-23T08:00:00,32.4,58,12,61.0,22.6,80.3,76.5,65,1,12,8,0,Good,Medium (Sandy),Dry,3.4,0,4.52,False,LIFT
1103,WS-008,2026-09-23T08:00:00,32.7,58,12,61.0,22.5,80.3,74.4,65,1,12,8,0,Good,Medium (Sandy),Dry,3.7,0,4.49,False,SWING
1104,WS-008,2026-09-23T08:00:00,31.6,58,12,60.9,21.1,78.9,51.4,20,1,12,8,0,Good,Medium (Sandy),Dry,3.5,0,4.22,False,DUMP
1105,WS-008,2026-09-23T08:00:00,32.2,58,12,60.9,20.7,78.9,45.1,20,1,12,8,0,Good,Medium (Sandy),Dry,2.8,0,4.14,False,RETURN
1106,WS-008,2026-09-23T08:00:00,31.6,58,12,60.9,21.1,78.9,52.1,20,1,6,8,0,Good,Medium (Sandy),Dry,3.3,0,4.23,False,ACQUIRE
1107,WS-008,2026-09-23T08:00:00,32.4,58,12,60.9,22.4,80.1,72.5,65,1,6,8,0,Good,Medium (Sandy),Dry,3.0,0,4.47,False,LIFT
1108,WS-008,2026-09-23T08:00:00,32.0,58,12,60.9,22.6,80.1,76.9,65,1,6,8,0,Good,Medium (Sandy),Dry,2.1,0,4.52,False,SWING
1109,WS-008,2026-09-23T08:00:00,31.7,58,12,60.8,20.8,78.7,46.3,20,1,6,8,0,Good,Medium (Sandy),Dry,2.4,0,4.16,False,DUMP
1110,WS-008,2026-09-23T08:00:00,32.1,58,12,60.8,21.1,79.1,51.7,20,1,6,8,0,Good,Medium (Sandy),Dry,2.2,0,4.22,False,RETURN
1111,WS-008,2026-09-23T08:00:00,33.2,58,12,60.8,20.8,79.5,47.1,20,1,12,8,0,Good,Medium (Sandy),Dry,2.7,0,4.17,False,ACQUIRE
1112,WS-008,2026-09-23T08:00:00,32.9,58,12,60.8,22.6,80.5,76.5,65,1,12,8,0,Good,Medium (Sandy),Dry,2.7,0,4.52,False,LIFT
1113,WS-008,2026-09-23T08:00:00,32.7,58,12,60.8,22.4,80.3,72.8,65,1,12,8,0,Good,Medium (Sandy),Dry,3.4,0,4.47,False,SWING
1114,WS-008,2026-09-23T08:00:00,33.2,58,12,60.7,21.0,79.6,49.6,20,1,12,8,0,Good,Medium (Sandy),Dry,3.3,0,4.2,False,DUMP
1115,WS-008,2026-09-23T08:00:00,33.2,58,12,60.7,21.2,79.7,52.8,20,1,12,8,0,Good,Medium (Sandy),Dry,2.6,0,4.23,False,RETURN
1116,WS-008,2026-09-23T08:00:00,32.9,58,12,60.7,20.9,79.4,49.1,20,1,12,8,0,Good,Medium (Sandy),Dry,3.5,0,4.19,False,ACQUIRE
1117,WS-008,2026-09-23T08:00:00,33.2,58,12,60.7,22.2,80.4,70.6,65,1,12,8,0,Good,Medium (Sandy),Dry,3.2,0,4.45,False,LIFT
1118,WS-008,2026-09-23T08:00:00,33.3,58,12,60.7,22.7,80.8,77.7,65,1,12,8,0,Good,Medium (Sandy),Dry,3.7,0,4.53,False,SWING
1119,WS-008,2026-09-23T08:00:00,33.8,58,12,60.6,21.1,80.0,52.4,20,1,12,8,0,Good,Medium (Sandy),Dry,2.8,0,4.23,False,DUMP
1120,WS-008,2026-09-23T08:00:00,33.8,58,12,60.6,20.9,79.8,48.2,20,1,12,8,0,Good,Medium (Sandy),Dry,3.8,0,4.18,False,RETURN
1121,WS-008,2026-09-23T08:00:00,32.8,58,12,60.6,20.9,79.3,47.7,20,1,12,8,0,Good,Medium (Sandy),Dry,2.6,0,4.17,True,ACQUIRE
1122,WS-008,2026-09-23T08:00:00,34.0,58,12,60.6,22.5,81.0,75.7,65,1,12,8,0,Good,Medium (Sandy),Dry,3.2,0,4.51,False,LIFT
1123,WS-008,2026-09-23T08:00:00,33.6,58,12,60.6,22.6,80.9,77.1,65,1,12,8,0,Good,Medium (Sandy),Dry,3.6,0,4.53,False,SWING
1124,WS-008,2026-09-23T08:00:00,34.7,58,12,60.5,21.1,80.4,51.0,20,1,12,8,0,Good,Medium (Sandy),Dry,3.0,0,4.21,False,DUMP
1125,WS-008,2026-09-23T08:00:00,33.8,58,12,60.5,20.8,79.8,46.3,20,1,12,8,0,Good,Medium (Sandy),Dry,3.7,0,4.16,False,RETURN
1126,WS-008,2026-09-23T08:00:00,33.2,58,12,60.5,20.8,79.5,46.9,20,1,12,8,0,Good,Medium (Sandy),Dry,2.5,0,4.16,False,ACQUIRE
1127,WS-008,2026-09-23T08:00:00,34.5,58,12,60.5,22.6,81.3,76.0,65,1,12,8,0,Good,Medium (Sandy),Dry,2.4,0,4.51,False,LIFT
1128,WS-008,2026-09-23T08:00:00,33.8,58,12,60.5,22.2,80.7,70.8,65,1,12,8,0,Good,Medium (Sandy),Dry,3.9,0,4.45,False,SWING
1129,WS-008,2026-09-23T08:00:00,33.9,58,12,60.4,20.7,79.8,45.4,20,1,12,8,0,Good,Medium (Sandy),Dry,3.5,0,4.14,False,DUMP
1130,WS-008,2026-09-23T08:00:00,34.0,58,12,60.4,21.2,80.1,53.0,20,1,12,8,0,Good,Medium (Sandy),Dry,2.2,0,4.24,False,RETURN
1131,WS-008,2026-09-23T08:00:00,34.2,58,12,60.4,20.7,79.9,45.7,20,1,12,8,0,Good,Medium (Sandy),Dry,3.9,0,4.15,False,ACQUIRE
1132,WS-008,2026-09-23T08:00:00,33.7,58,12,60.4,22.3,80.7,71.8,65,1,12,8,0,Good,Medium (Sandy),Dry,3.5,0,4.46,False,LIFT
1133,WS-008,2026-09-23T08:00:00,33.8,58,12,60.4,22.3,80.7,71.0,65,1,12,8,0,Good,Medium (Sandy),Dry,3.1,0,4.45,False,SWING
1134,WS-008,2026-09-23T08:00:00,33.2,58,12,60.3,20.7,79.4,45.3,20,1,12,8,0,Good,Medium (Sandy),Dry,2.7,0,4.14,False,DUMP
1135,WS-008,2026-09-23T08:00:00,34.7,58,12,60.3,21.1,80.4,51.9,20,1,12,8,0,Good,Medium (Sandy),Dry,2.9,0,4.22,False,RETURN
1136,WS-008,2026-09-23T08:00:00,34.5,58,12,60.3,21.1,80.3,52.5,20,1,6,8,0,Good,Medium (Sandy),Dry,3.1,0,4.23,False,ACQUIRE
1137,WS-008,2026-09-23T08:00:00,33.0,58,12,60.3,22.7,80.6,77.6,65,1,6,8,0,Good,Medium (Sandy),Dry,3.1,0,4.53,False,LIFT
1138,WS-008,2026-09-23T08:00:00,33.8,58,12,60.3,22.4,80.8,73.7,65,1,6,8,0,Good,Medium (Sandy),Dry,3.5,0,4.48,False,SWING
1139,WS-008,2026-09-23T08:00:00,34.3,58,12,60.2,20.9,80.1,48.5,20,1,6,8,0,Good,Medium (Sandy),Dry,3.3,0,4.18,False,DUMP
1140,WS-008,2026-09-23T08:00:00,33.6,58,12,60.2,21.1,79.9,52.3,20,1,6,8,0,Good,Medium (Sandy),Dry,3.0,0,4.23,False,RETURN
1141,WS-008,2026-09-23T08:00:00,32.9,58,12,60.2,20.7,79.3,45.7,20,1,12,8,0,Good,Medium (Sandy),Dry,2.6,0,4.15,True,ACQUIRE
1142,WS-008,2026-09-23T08:00:00,33.1,58,12,60.2,22.3,80.4,71.2,65,1,12,8,0,Good,Medium (Sandy),Dry,2.0,0,4.45,False,LIFT
1143,WS-008,2026-09-23T08:00:00,33.3,58,12,60.2,22.6,80.7,76.1,65,1,12,8,0,Good,Medium (Sandy),Dry,2.3,0,4.51,False,SWING
1144,WS-008,2026-09-23T08:00:00,32.7,58,12,60.1,21.0,79.3,49.3,20,1,12,8,0,Good,Medium (Sandy),Dry,3.4,0,4.19,False,DUMP
1145,WS-008,2026-09-23T08:00:00,33.0,58,12,60.1,21.1,79.5,51.0,20,1,12,8,0,Good,Medium (Sandy),Dry,2.6,0,4.21,False,RETURN
1146,WS-008,2026-09-23T08:00:00,33.5,58,12,60.1,21.1,79.8,51.4,20,1,12,8,0,Good,Medium (Sandy),Dry,3.2,0,4.22,False,ACQUIRE
1147,WS-008,2026-09-23T08:00:00,33.4,58,12,60.1,22.5,80.7,74.4,65,1,12,8,0,Good,Medium (Sandy),Dry,2.4,0,4.49,False,LIFT
1148,WS-008,2026-09-23T08:00:00,33.5,58,12,60.1,22.4,80.7,73.5,65,1,12,8,0,Good,Medium (Sandy),Dry,2.5,0,4.48,False,SWING
1149,WS-008,2026-09-23T08:00:00,33.1,58,12,60.0,21.0,79.6,50.2,20,1,12,8,0,Good,Medium (Sandy),Dry,3.7,0,4.2,False,DUMP
1150,WS-008,2026-09-23T08:00:00,32.0,58,12,60.0,20.7,78.8,45.6,20,1,12,8,0,Good,Medium (Sandy),Dry,3.3,0,4.15,False,RETURN
1151,WS-008,2026-09-23T08:00:00,32.5,58,12,60.0,21.1,79.3,51.4,20,1,12,8,0,Good,Medium (Sandy),Dry,3.2,0,4.22,False,ACQUIRE
1152,WS-008,2026-09-23T08:00:00,32.8,58,12,60.0,22.3,80.3,72.2,65,1,12,8,0,Good,Medium (Sandy),Dry,3.3,0,4.47,False,LIFT
1153,WS-008,2026-09-23T08:00:00,32.4,58,12,60.0,22.3,80.1,72.2,65,1,12,8,0,Good,Medium (Sandy),Dry,2.4,0,4.47,False,SWING
1154,WS-008,2026-09-23T08:00:00,31.4,58,12,59.9,20.8,78.5,46.1,20,1,12,8,0,Good,Medium (Sandy),Dry,2.2,0,4.15,False,DUMP
1155,WS-008,2026-09-23T08:00:00,32.1,58,12,59.9,20.9,79.0,48.6,20,1,12,8,0,Good,Medium (Sandy),Dry,3.4,0,4.18,False,RETURN
1156,WS-008,2026-09-23T08:00:00,32.1,58,12,59.9,20.9,79.0,47.6,20,1,12,8,0,Good,Medium (Sandy),Dry,2.3,0,4.17,False,ACQUIRE
1157,WS-008,2026-09-23T08:00:00,33.0,58,12,59.9,22.2,80.3,70.2,65,1,12,8,0,Good,Medium (Sandy),Dry,3.9,0,4.44,False,LIFT
1158,WS-008,2026-09-23T08:00:00,31.6,58,12,59.9,22.3,79.6,71.0,65,1,12,8,0,Good,Medium (Sandy),Dry,2.9,0,4.45,False,SWING
1159,WS-008,2026-09-23T08:00:00,31.0,58,12,59.8,20.7,78.3,45.7,20,1,12,8,0,Good,Medium (Sandy),Dry,2.0,0,4.15,False,DUMP
1160,WS-008,2026-09-23T08:00:00,31.4,58,12,59.8,20.9,78.6,48.4,20,1,12,8,0,Good,Medium (Sandy),Dry,3.6,0,4.18,False,RETURN
1161,WS-008,2026-09-23T08:00:00,32.0,58,12,59.8,20.9,78.9,48.0,20,1,12,8,0,Good,Medium (Sandy),Dry,3.4,0,4.18,True,ACQUIRE
1162,WS-008,2026-09-23T08:00:00,31.1,58,12,59.8,22.2,79.4,70.6,65,1,12,8,0,Good,Medium (Sandy),Dry,3.5,0,4.45,False,LIFT
1163,WS-008,2026-09-23T08:00:00,31.3,58,12,59.8,22.3,79.5,72.1,65,1,12,8,0,Good,Medium (Sandy),Dry,2.8,0,4.47,False,SWING
1164,WS-008,2026-09-23T08:00:00,32.1,58,12,59.7,20.8,78.9,46.5,20,1,12,8,0,Good,Medium (Sandy),Dry,3.8,0,4.16,False,DUMP
1165,WS-008,2026-09-23T08:00:00,31.6,58,12,59.7,20.9,78.7,48.1,20,1,12,8,0,Good,Medium (Sandy),Dry,2.0,0,4.18,False,RETURN
1166,WS-008,2026-09-23T08:00:00,33.1,58,12,59.7,21.0,79.6,50.7,20,1,6,8,0,Good,Medium (Sandy),Dry,2.8,0,4.21,False,ACQUIRE
1167,WS-008,2026-09-23T08:00:00,33.1,58,12,59.7,22.3,80.4,72.0,65,1,6,8,0,Good,Medium (Sandy),Dry,4.0,0,4.46,False,LIFT
1168,WS-008,2026-09-23T08:00:00,31.6,58,12,59.7,22.6,79.8,75.9,65,1,6,8,0,Good,Medium (Sandy),Dry,2.2,0,4.51,False,SWING
1169,WS-008,2026-09-23T08:00:00,32.6,58,12,59.6,20.8,79.2,46.7,20,1,6,8,0,Good,Medium (Sandy),Dry,2.8,0,4.16,False,DUMP
1170,WS-008,2026-09-23T08:00:00,33.3,58,12,59.6,21.1,79.8,52.5,20,1,6,8,0,Good,Medium (Sandy),Dry,2.3,3,4.23,False,RETURN
1171,WS-008,2026-09-23T08:00:00,32.9,58,12,59.6,21.1,79.5,51.0,20,1,12,8,0,Good,Medium (Sandy),Dry,3.1,0,4.21,False,ACQUIRE
1172,WS-008,2026-09-23T08:00:00,31.8,58,12,59.6,22.4,79.9,73.8,65,1,12,8,0,Good,Medium (Sandy),Dry,2.6,0,4.49,False,LIFT
1173,WS-008,2026-09-23T08:00:00,32.4,58,12,59.6,22.2,80.0,70.4,65,1,12,8,0,Good,Medium (Sandy),Dry,3.3,0,4.44,False,SWING
1174,WS-008,2026-09-23T08:00:00,33.7,58,12,59.5,20.8,79.7,46.9,20,1,12,8,0,Good,Medium (Sandy),Dry,2.9,0,4.16,False,DUMP
1175,WS-008,2026-09-23T08:00:00,31.9,58,12,59.5,21.1,79.0,51.4,20,1,12,8,0,Good,Medium (Sandy),Dry,3.2,0,4.22,False,RETURN
1176,WS-008,2026-09-23T08:00:00,32.7,58,12,59.5,20.8,79.2,46.9,20,1,12,8,0,Good,Medium (Sandy),Dry,3.9,0,4.16,False,ACQUIRE
1177,WS-008,2026-09-23T08:00:00,33.2,58,12,59.5,22.5,80.6,75.5,65,1,12,8,0,Good,Medium (Sandy),Dry,3.4,0,4.51,False,LIFT
1178,WS-008,2026-09-23T08:00:00,32.4,58,12,59.5,22.6,80.2,76.2,65,1,12,8,0,Good,Medium (Sandy),Dry,2.5,0,4.51,False,SWING
1179,WS-008,2026-09-23T08:00:00,33.2,58,12,59.4,21.0,79.6,50.5,20,1,12,8,0,Good,Medium (Sandy),Dry,2.7,0,4.21,False,DUMP
1180,WS-008,2026-09-23T08:00:00,34.3,58,12,59.4,21.1,80.2,51.1,20,1,12,8,0,Good,Medium (Sandy),Dry,2.1,0,4.21,False,RETURN
1181,WS-008,2026-09-23T08:00:00,33.1,58,12,59.4,20.8,79.4,46.2,20,1,12,8,0,Good,Medium (Sandy),Dry,3.1,0,4.15,True,ACQUIRE
1182,WS-008,2026-09-23T08:00:00,32.7,58,12,59.4,22.4,80.3,73.9,65,1,12,8,0,Good,Medium (Sandy),Dry,2.6,0,4.49,False,LIFT
1183,WS-008,2026-09-23T08:00:00,33.7,58,12,59.4,22.5,80.9,75.2,65,1,12,8,0,Good,Medium (Sandy),Dry,2.7,0,4.5,False,SWING
1184,WS-008,2026-09-23T08:00:00,34.5,58,12,59.3,21.1,80.3,50.9,20,1,12,8,0,Good,Medium (Sandy),Dry,2.0,0,4.21,False,DUMP
1185,WS-008,2026-09-23T08:00:00,33.5,58,12,59.3,21.0,79.8,50.8,20,1,12,8,0,Good,Medium (Sandy),Dry,2.5,0,4.21,False,RETURN
1186,WS-008,2026-09-23T08:00:00,32.9,58,12,59.3,21.0,79.5,50.7,20,1,12,8,0,Good,Medium (Sandy),Dry,3.1,0,4.21,False,ACQUIRE
1187,WS-008,2026-09-23T08:00:00,33.9,58,12,59.3,22.4,80.9,73.9,65,1,12,8,0,Good,Medium (Sandy),Dry,3.1,0,4.49,False,LIFT
1188,WS-008,2026-09-23T08:00:00,34.0,58,12,59.3,22.4,80.9,72.6,65,1,12,8,0,Good,Medium (Sandy),Dry,2.9,0,4.47,False,SWING
1189,WS-008,2026-09-23T08:00:00,34.7,58,12,59.2,21.0,80.3,49.8,20,1,12,8,0,Good,Medium (Sandy),Dry,3.7,0,4.2,False,DUMP
1190,WS-008,2026-09-23T08:00:00,33.3,58,12,59.2,21.0,79.6,49.2,20,1,12,8,0,Good,Medium (Sandy),Dry,2.9,0,4.19,False,RETURN
1191,WS-008,2026-09-23T08:00:00,34.6,58,12,59.2,21.0,80.3,49.3,20,1,12,8,0,Good,Medium (Sandy),Dry,2.9,0,4.19,False,ACQUIRE
1192,WS-008,2026-09-23T08:00:00,34.6,58,12,59.2,22.4,81.3,74.0,65,1,12,8,0,Good,Medium (Sandy),Dry,3.5,0,4.49,False,LIFT
1193,WS-008,2026-09-23T08:00:00,34.8,58,12,59.2,22.5,81.4,75.0,65,1,12,8,0,Good,Medium (Sandy),Dry,2.7,0,4.5,False,SWING
1194,WS-008,2026-09-23T08:00:00,34.2,58,12,59.1,20.9,80.0,47.6,20,1,12,8,0,Good,Medium (Sandy),Dry,2.1,0,4.17,False,DUMP
1195,WS-008,2026-09-23T08:00:00,34.9,58,12,59.1,21.1,80.5,51.6,20,1,12,8,0,Good,Medium (Sandy),Dry,2.4,0,4.22,False,RETURN
1196,WS-008,2026-09-23T08:00:00,34.3,58,12,59.1,21.1,80.2,51.1,20,1,6,8,0,Good,Medium (Sandy),Dry,2.3,0,4.21,False,ACQUIRE
1197,WS-008,2026-09-23T08:00:00,33.5,58,12,59.1,22.4,80.7,73.3,65,1,6,8,0,Good,Medium (Sandy),Dry,2.6,0,4.48,False,LIFT
1198,WS-008,2026-09-23T08:00:00,33.0,58,12,59.1,22.5,80.5,75.3,65,1,6,8,0,Good,Medium (Sandy),Dry,2.1,0,4.5,False,SWING
1199,WS-008,2026-09-23T08:00:00,34.7,58,12,59.0,20.8,80.2,46.4,20,1,6,8,0,Good,Medium (Sandy),Dry,2.1,0,4.16,False,DUMP
1200,WS-008,2026-09-23T08:00:00,32.9,58,12,59.0,20.8,79.3,46.5,20,1,6,8,0,Good,Medium (Sandy),Dry,2.1,0,4.16,False,RETURN
1201,WS-009,2026-09-23T08:00:00,33.7,58,12,62.0,20.9,79.8,48.7,20,1,12,8,0,Good,Medium (Sandy),Dry,3.3,0,4.18,True,ACQUIRE
1202,WS-009,2026-09-23T08:00:00,32.8,58,12,62.0,22.6,80.4,75.9,65,1,12,8,0,Good,Medium (Sandy),Dry,3.8,0,4.51,False,LIFT
1203,WS-009,2026-09-23T08:00:00,33.8,58,12,62.0,22.6,81.0,76.4,65,1,12,8,0,Good,Medium (Sandy),Dry,2.1,0,4.52,False,SWING
1204,WS-009,2026-09-23T08:00:00,33.5,58,12,61.9,21.0,79.7,49.2,20,1,12,8,0,Good,Medium (Sandy),Dry,3.5,0,4.19,False,DUMP
1205,WS-009,2026-09-23T08:00:00,34.1,58,12,61.9,20.7,79.9,45.6,20,1,12,8,0,Good,Medium (Sandy),Dry,2.4,0,4.15,False,RETURN
1206,WS-009,2026-09-23T08:00:00,33.5,58,12,61.9,20.7,79.6,45.8,20,1,12,8,0,Good,Medium (Sandy),Dry,2.5,0,4.15,False,ACQUIRE
1207,WS-009,2026-09-23T08:00:00,33.3,58,12,61.9,22.3,80.5,71.5,65,1,12,8,0,Good,Medium (Sandy),Dry,3.3,0,4.46,False,LIFT
1208,WS-009,2026-09-23T08:00:00,33.8,58,12,61.9,22.7,81.0,77.6,65,1,12,8,0,Good,Medium (Sandy),Dry,3.1,0,4.53,False,SWING
1209,WS-009,2026-09-23T08:00:00,33.8,58,12,61.8,21.1,79.9,51.0,20,1,12,8,0,Good,Medium (Sandy),Dry,3.5,0,4.21,False,DUMP
1210,WS-009,2026-09-23T08:00:00,33.9,58,12,61.8,21.0,80.0,50.4,20,1,12,8,0,Good,Medium (Sandy),Dry,3.4,0,4.2,False,RETURN
1211,WS-009,2026-09-23T08:00:00,33.7,58,12,61.8,20.7,79.7,45.8,20,1,12,8,0,Good,Medium (Sandy),Dry,3.6,0,4.15,False,ACQUIRE
1212,WS-009,2026-09-23T08:00:00,34.0,58,12,61.8,22.4,81.0,74.0,65,1,12,8,0,Good,Medium (Sandy),Dry,3.3,0,4.49,False,LIFT
1213,WS-009,2026-09-23T08:00:00,34.0,58,12,61.8,22.5,81.0,74.8,65,1,12,8,0,Good,Medium (Sandy),Dry,3.9,0,4.5,False,SWING
1214,WS-009,2026-09-23T08:00:00,34.8,58,12,61.7,21.0,80.4,49.4,20,1,12,8,0,Good,Medium (Sandy),Dry,4.0,0,4.19,False,DUMP
1215,WS-009,2026-09-23T08:00:00,34.7,58,12,61.7,20.9,80.3,48.3,20,1,12,8,0,Good,Medium (Sandy),Dry,3.3,0,4.18,False,RETURN
1216,WS-009,2026-09-23T08:00:00,34.6,58,12,61.7,20.9,80.2,47.6,20,1,12,8,0,Good,Medium (Sandy),Dry,2.5,0,4.17,False,ACQUIRE
1217,WS-009,2026-09-23T08:00:00,34.1,58,12,61.7,22.4,81.0,73.0,65,1,12,8,0,Good,Medium (Sandy),Dry,3.1,0,4.48,False,LIFT
1218,WS-009,2026-09-23T08:00:00,34.5,58,12,61.7,22.4,81.2,72.9,65,1,12,8,0,Good,Medium (Sandy),Dry,2.9,0,4.47,False,SWING
1219,WS-009,2026-09-23T08:00:00,34.9,58,12,61.6,20.7,80.2,45.0,20,1,12,8,0,Good,Medium (Sandy),Dry,2.1,0,4.14,False,DUMP
1220,WS-009,2026-09-23T08:00:00,33.5,58,12,61.6,20.7,79.6,45.1,20,1,12,8,0,Good,Medium (Sandy),Dry,2.3,0,4.14,False,RETURN
1221,WS-009,2026-09-23T08:00:00,34.7,58,12,61.6,20.7,80.2,45.1,20,1,12,8,0,Good,Medium (Sandy),Dry,4.0,0,4.14,True,ACQUIRE
1222,WS-009,2026-09-23T08:00:00,33.3,58,12,61.6,22.4,80.6,72.5,65,1,12,8,0,Good,Medium (Sandy),Dry,3.5,0,4.47,False,LIFT
1223,WS-009,2026-09-23T08:00:00,34.7,58,12,61.6,22.6,81.4,76.6,65,1,12,8,0,Good,Medium (Sandy),Dry,3.8,0,4.52,False,SWING
1224,WS-009,2026-09-23T08:00:00,33.8,58,12,61.5,21.0,79.9,49.6,20,1,12,8,0,Good,Medium (Sandy),Dry,3.1,0,4.2,False,DUMP
1225,WS-009,2026-09-23T08:00:00,32.9,58,12,61.5,20.9,79.4,48.7,20,1,12,8,0,Good,Medium (Sandy),Dry,2.3,0,4.18,False,RETURN
1226,WS-009,2026-09-23T08:00:00,33.1,58,12,61.5,21.1,79.6,52.1,20,1,6,8,0,Good,Medium (Sandy),Dry,2.5,0,4.23,False,ACQUIRE
1227,WS-009,2026-09-23T08:00:00,33.0,58,12,61.5,22.3,80.4,72.4,65,1,6,8,0,Good,Medium (Sandy),Dry,3.1,0,4.47,False,LIFT
1228,WS-009,2026-09-23T08:00:00,33.6,58,12,61.5,22.3,80.7,71.7,65,1,6,8,0,Good,Medium (Sandy),Dry,2.2,0,4.46,False,SWING
1229,WS-009,2026-09-23T08:00:00,33.0,58,12,61.4,20.9,79.5,48.9,20,1,6,8,0,Good,Medium (Sandy),Dry,3.0,0,4.19,False,DUMP
1230,WS-009,2026-09-23T08:00:00,34.0,58,12,61.4,21.0,80.0,50.6,20,1,6,8,0,Good,Medium (Sandy),Dry,3.6,0,4.21,False,RETURN
1231,WS-009,2026-09-23T08:00:00,32.3,58,12,61.4,21.0,79.2,50.1,20,1,12,8,0,Good,Medium (Sandy),Dry,2.1,0,4.2,False,ACQUIRE
1232,WS-009,2026-09-23T08:00:00,33.7,58,12,61.4,22.4,80.8,73.1,65,1,12,8,0,Good,Medium (Sandy),Dry,3.6,0,4.48,False,LIFT
1233,WS-009,2026-09-23T08:00:00,33.8,58,12,61.4,22.4,80.8,72.7,65,1,12,8,0,Good,Medium (Sandy),Dry,3.8,0,4.47,False,SWING
1234,WS-009,2026-09-23T08:00:00,32.7,58,12,61.3,21.1,79.4,52.4,20,1,12,8,0,Good,Medium (Sandy),Dry,2.2,0,4.23,False,DUMP
1235,WS-009,2026-09-23T08:00:00,33.3,58,12,61.3,21.1,79.7,51.0,20,1,12,8,0,Good,Medium (Sandy),Dry,3.7,3,4.21,False,RETURN
1236,WS-009,2026-09-23T08:00:00,33.5,58,12,61.3,21.0,79.8,50.1,20,1,12,8,0,Good,Medium (Sandy),Dry,3.3,0,4.2,False,ACQUIRE
1237,WS-009,2026-09-23T08:00:00,31.7,58,12,61.3,22.5,79.8,74.2,65,1,12,8,0,Good,Medium (Sandy),Dry,2.6,0,4.49,False,LIFT
1238,WS-009,2026-09-23T08:00:00,32.6,58,12,61.3,22.4,80.2,72.6,65,1,12,8,0,Good,Medium (Sandy),Dry,3.4,0,4.47,False,SWING
1239,WS-009,2026-09-23T08:00:00,31.7,58,12,61.2,21.0,78.9,50.4,20,1,12,8,0,Good,Medium (Sandy),Dry,4.0,0,4.2,False,DUMP
1240,WS-009,2026-09-23T08:00:00,33.3,58,12,61.2,21.1,79.7,51.0,20,1,12,8,0,Good,Medium (Sandy),Dry,3.2,0,4.21,False,RETURN
1241,WS-009,2026-09-23T08:00:00,31.4,58,12,61.2,20.9,78.6,48.5,20,1,12,8,0,Good,Medium (Sandy),Dry,3.6,0,4.18,True,ACQUIRE
1242,WS-009,2026-09-23T08:00:00,31.5,58,12,61.2,22.4,79.7,72.7,65,1,12,8,0,Good,Medium (Sandy),Dry,3.0,0,4.47,False,LIFT
1243,WS-009,2026-09-23T08:00:00,32.6,58,12,61.2,22.5,80.3,74.4,65,1,12,8,0,Good,Medium (Sandy),Dry,2.5,0,4.49,False,SWING
1244,WS-009,2026-09-23T08:00:00,31.9,58,12,61.1,20.9,78.9,48.5,20,1,12,8,0,Good,Medium (Sandy),Dry,3.4,0,4.18,False,DUMP
1245,WS-009,2026-09-23T08:00:00,32.6,58,12,61.1,20.9,79.3,48.8,20,1,12,8,0,Good,Medium (Sandy),Dry,2.4,0,4.19,False,RETURN
1246,WS-009,2026-09-23T08:00:00,31.8,58,12,61.1,21.0,78.9,49.6,20,1,12,8,0,Good,Medium (Sandy),Dry,3.1,0,4.2,False,ACQUIRE
1247,WS-009,2026-09-23T08:00:00,33.0,58,12,61.1,22.5,80.5,74.2,65,1,12,8,0,Good,Medium (Sandy),Dry,2.5,0,4.49,False,LIFT
1248,WS-009,2026-09-23T08:00:00,31.5,58,12,61.1,22.4,79.7,73.4,65,1,12,8,0,Good,Medium (Sandy),Dry,3.4,0,4.48,False,SWING
1249,WS-009,2026-09-23T08:00:00,32.2,58,12,61.0,20.8,78.9,45.9,20,1,12,8,0,Good,Medium (Sandy),Dry,2.8,0,4.15,False,DUMP
1250,WS-009,2026-09-23T08:00:00,31.7,58,12,61.0,20.8,78.7,46.5,20,1,12,8,0,Good,Medium (Sandy),Dry,2.7,0,4.16,False,RETURN
1251,WS-009,2026-09-23T08:00:00,32.4,58,12,61.0,21.1,79.2,51.2,20,1,12,8,0,Good,Medium (Sandy),Dry,2.3,0,4.21,False,ACQUIRE
1252,WS-009,2026-09-23T08:00:00,31.8,58,12,61.0,22.6,80.0,76.6,65,1,12,8,0,Good,Medium (Sandy),Dry,3.6,0,4.52,False,LIFT
1253,WS-009,2026-09-23T08:00:00,32.4,58,12,61.0,22.4,80.1,73.5,65,1,12,8,0,Good,Medium (Sandy),Dry,3.8,0,4.48,False,SWING
1254,WS-009,2026-09-23T08:00:00,31.6,58,12,60.9,21.0,78.8,50.5,20,1,12,8,0,Good,Medium (Sandy),Dry,2.3,0,4.21,False,DUMP
1255,WS-009,2026-09-23T08:00:00,32.7,58,12,60.9,20.7,79.2,45.7,20,1,12,8,0,Good,Medium (Sandy),Dry,3.5,0,4.15,False,RETURN
1256,WS-009,2026-09-23T08:00:00,31.8,58,12,60.9,21.0,78.9,50.0,20,1,6,8,0,Good,Medium (Sandy),Dry,2.3,0,4.2,False,ACQUIRE
1257,WS-009,2026-09-23T08:00:00,33.0,58,12,60.9,22.3,80.4,72.3,65,1,6,8,0,Good,Medium (Sandy),Dry,2.7,0,4.47,False,LIFT
1258,WS-009,2026-09-23T08:00:00,33.1,58,12,60.9,22.3,80.4,72.4,65,1,6,8,0,Good,Medium (Sandy),Dry,2.9,0,4.47,False,SWING
1259,WS-009,2026-09-23T08:00:00,32.2,58,12,60.8,21.1,79.1,50.9,20,1,6,8,0,Good,Medium (Sandy),Dry,2.4,0,4.21,False,DUMP
1260,WS-009,2026-09-23T08:00:00,32.7,58,12,60.8,21.1,79.4,51.0,20,1,6,8,0,Good,Medium (Sandy),Dry,3.1,0,4.21,False,RETURN
1261,WS-009,2026-09-23T08:00:00,33.0,58,12,60.8,21.2,79.6,52.9,20,1,12,8,0,Good,Medium (Sandy),Dry,3.4,0,4.23,True,ACQUIRE
1262,WS-009,2026-09-23T08:00:00,33.2,58,12,60.8,22.4,80.5,73.0,65,1,12,8,0,Good,Medium (Sandy),Dry,3.8,0,4.48,False,LIFT
1263,WS-009,2026-09-23T08:00:00,33.0,58,12,60.8,22.3,80.4,72.0,65,1,12,8,0,Good,Medium (Sandy),Dry,2.1,0,4.46,False,SWING
1264,WS-009,2026-09-23T08:00:00,32.4,58,12,60.7,21.0,79.2,50.6,20,1,12,8,0,Good,Medium (Sandy),Dry,2.5,0,4.21,False,DUMP
1265,WS-009,2026-09-23T08:00:00,33.0,58,12,60.7,21.2,79.6,52.6,20,1,12,8,0,Good,Medium (Sandy),Dry,2.1,0,4.23,False,RETURN
1266,WS-009,2026-09-23T08:00:00,33.5,58,12,60.7,21.0,79.8,50.3,20,1,12,8,0,Good,Medium (Sandy),Dry,3.8,0,4.2,False,ACQUIRE
1267,WS-009,2026-09-23T08:00:00,33.0,58,12,60.7,22.3,80.3,70.9,65,1,12,8,0,Good,Medium (Sandy),Dry,2.6,0,4.45,False,LIFT
1268,WS-009,2026-09-23T08:00:00,34.2,58,12,60.7,22.4,81.0,73.1,65,1,12,8,0,Good,Medium (Sandy),Dry,4.0,0,4.48,False,SWING
1269,WS-009,2026-09-23T08:00:00,33.5,58,12,60.6,21.0,79.8,50.7,20,1,12,8,0,Good,Medium (Sandy),Dry,3.8,0,4.21,False,DUMP
1270,WS-009,2026-09-23T08:00:00,33.5,58,12,60.6,21.0,79.7,49.8,20,1,12,8,0,Good,Medium (Sandy),Dry,2.2,0,4.2,False,RETURN
1271,WS-009,2026-09-23T08:00:00,33.1,58,12,60.6,21.2,79.7,52.7,20,1,12,8,0,Good,Medium (Sandy),Dry,3.1,0,4.23,False,ACQUIRE
1272,WS-009,2026-09-23T08:00:00,34.2,58,12,60.6,22.2,80.9,70.3,65,1,12,8,0,Good,Medium (Sandy),Dry,3.8,0,4.44,False,LIFT
1273,WS-009,2026-09-23T08:00:00,33.4,58,12,60.6,22.4,80.7,73.9,65,1,12,8,0,Good,Medium (Sandy),Dry,3.5,0,4.49,False,SWING
1274,WS-009,2026-09-23T08:00:00,32.9,58,12,60.5,21.0,79.5,50.5,20,1,12,8,0,Good,Medium (Sandy),Dry,2.7,0,4.21,False,DUMP
1275,WS-009,2026-09-23T08:00:00,33.5,58,12,60.5,21.2,79.9,53.0,20,1,12,8,0,Good,Medium (Sandy),Dry,4.0,0,4.24,False,RETURN
1276,WS-009,2026-09-23T08:00:00,33.5,58,12,60.5,20.7,79.6,45.5,20,1,12,8,0,Good,Medium (Sandy),Dry,2.5,0,4.15,False,ACQUIRE
1277,WS-009,2026-09-23T08:00:00,33.7,58,12,60.5,22.7,81.0,78.0,65,1,12,8,0,Good,Medium (Sandy),Dry,4.0,0,4.54,False,LIFT
1278,WS-009,2026-09-23T08:00:00,34.9,58,12,60.5,22.7,81.6,77.6,65,1,12,8,0,Good,Medium (Sandy),Dry,2.5,0,4.53,False,SWING
1279,WS-009,2026-09-23T08:00:00,33.7,58,12,60.4,20.9,79.8,48.1,20,1,12,8,0,Good,Medium (Sandy),Dry,2.3,0,4.18,False,DUMP
1280,WS-009,2026-09-23T08:00:00,34.5,58,12,60.4,21.0,80.2,49.2,20,1,12,8,0,Good,Medium (Sandy),Dry,3.4,0,4.19,False,RETURN
1281,WS-009,2026-09-23T08:00:00,34.7,58,12,60.4,21.0,80.4,50.5,20,1,12,8,0,Good,Medium (Sandy),Dry,2.8,0,4.21,True,ACQUIRE
1282,WS-009,2026-09-23T08:00:00,34.1,58,12,60.4,22.4,81.0,73.4,65,1,12,8,0,Good,Medium (Sandy),Dry,2.6,0,4.48,False,LIFT
1283,WS-009,2026-09-23T08:00:00,34.2,58,12,60.4,22.4,81.0,73.6,65,1,12,8,0,Good,Medium (Sandy),Dry,2.3,0,4.48,False,SWING
1284,WS-009,2026-09-23T08:00:00,34.2,58,12,60.3,21.0,80.1,49.6,20,1,12,8,0,Good,Medium (Sandy),Dry,3.4,0,4.2,False,DUMP
1285,WS-009,2026-09-23T08:00:00,33.3,58,12,60.3,20.8,79.5,46.1,20,1,12,8,0,Good,Medium (Sandy),Dry,3.4,0,4.15,False,RETURN
1286,WS-009,2026-09-23T08:00:00,34.6,58,12,60.3,21.1,80.4,52.3,20,1,6,8,0,Good,Medium (Sandy),Dry,2.9,0,4.23,False,ACQUIRE
1287,WS-009,2026-09-23T08:00:00,34.6,58,12,60.3,22.6,81.3,76.2,65,1,6,8,0,Good,Medium (Sandy),Dry,3.3,0,4.51,False,LIFT
1288,WS-009,2026-09-23T08:00:00,33.8,58,12,60.3,22.3,80.8,71.3,65,1,6,8,0,Good,Medium (Sandy),Dry,2.1,0,4.46,False,SWING
1289,WS-009,2026-09-23T08:00:00,33.7,58,12,60.2,21.0,79.9,50.8,20,1,6,8,0,Good,Medium (Sandy),Dry,2.4,0,4.21,False,DUMP
1290,WS-009,2026-09-23T08:00:00,34.2,58,12,60.2,20.8,79.9,46.2,20,1,6,8,0,Good,Medium (Sandy),Dry,2.1,0,4.15,False,RETURN
1291,WS-009,2026-09-23T08:00:00,33.0,58,12,60.2,21.2,79.6,52.8,20,1,12,8,0,Good,Medium (Sandy),Dry,3.9,0,4.23,False,ACQUIRE
1292,WS-009,2026-09-23T08:00:00,32.9,58,12,60.2,22.6,80.5,76.0,65,1,12,8,0,Good,Medium (Sandy),Dry,3.6,0,4.51,False,LIFT
1293,WS-009,2026-09-23T08:00:00,33.5,58,12,60.2,22.6,80.8,75.9,65,1,12,8,0,Good,Medium (Sandy),Dry,2.3,0,4.51,False,SWING
1294,WS-009,2026-09-23T08:00:00,32.5,58,12,60.1,20.8,79.1,46.1,20,1,12,8,0,Good,Medium (Sandy),Dry,2.1,0,4.15,False,DUMP
1295,WS-009,2026-09-23T08:00:00,34.0,58,12,60.1,21.0,80.0,49.9,20,1,12,8,0,Good,Medium (Sandy),Dry,3.2,0,4.2,False,RETURN
1296,WS-009,2026-09-23T08:00:00,33.1,58,12,60.1,21.0,79.5,49.8,20,1,12,8,0,Good,Medium (Sandy),Dry,2.5,0,4.2,False,ACQUIRE
1297,WS-009,2026-09-23T08:00:00,31.9,58,12,60.1,22.2,79.8,70.6,65,1,12,8,0,Good,Medium (Sandy),Dry,3.6,0,4.45,False,LIFT
1298,WS-009,2026-09-23T08:00:00,32.0,58,12,60.1,22.6,80.1,76.8,65,1,12,8,0,Good,Medium (Sandy),Dry,2.9,0,4.52,False,SWING
1299,WS-009,2026-09-23T08:00:00,32.9,58,12,60.0,20.8,79.3,46.5,20,1,12,8,0,Good,Medium (Sandy),Dry,2.8,0,4.16,False,DUMP
1300,WS-009,2026-09-23T08:00:00,32.5,58,12,60.0,20.8,79.1,46.3,20,1,12,8,0,Good,Medium (Sandy),Dry,2.5,0,4.16,False,RETURN
1301,WS-009,2026-09-23T08:00:00,32.3,58,12,60.0,21.2,79.3,52.8,20,1,12,8,0,Good,Medium (Sandy),Dry,3.9,0,4.23,True,ACQUIRE
1302,WS-009,2026-09-23T08:00:00,33.3,58,12,60.0,22.3,80.5,71.8,65,1,12,8,0,Good,Medium (Sandy),Dry,3.3,0,4.46,False,LIFT
1303,WS-009,2026-09-23T08:00:00,31.7,58,12,60.0,22.3,79.7,71.6,65,1,12,8,0,Good,Medium (Sandy),Dry,2.4,0,4.46,False,SWING
1304,WS-009,2026-09-23T08:00:00,33.1,58,12,59.9,20.9,79.5,48.5,20,1,12,8,0,Good,Medium (Sandy),Dry,3.2,0,4.18,False,DUMP
1305,WS-009,2026-09-23T08:00:00,32.5,58,12,59.9,21.1,79.3,51.9,20,1,12,8,0,Good,Medium (Sandy),Dry,3.8,0,4.22,False,RETURN
1306,WS-009,2026-09-23T08:00:00,32.0,58,12,59.9,21.1,79.0,51.2,20,1,12,8,0,Good,Medium (Sandy),Dry,3.2,0,4.21,False,ACQUIRE
1307,WS-009,2026-09-23T08:00:00,32.7,58,12,59.9,22.5,80.4,75.8,65,1,12,8,0,Good,Medium (Sandy),Dry,2.8,0,4.51,False,LIFT
1308,WS-009,2026-09-23T08:00:00,32.9,58,12,59.9,22.5,80.4,74.6,65,1,12,8,0,Good,Medium (Sandy),Dry,3.1,0,4.5,False,SWING
1309,WS-009,2026-09-23T08:00:00,32.3,58,12,59.8,21.0,79.2,50.6,20,1,12,8,0,Good,Medium (Sandy),Dry,2.1,0,4.21,False,DUMP
1310,WS-009,2026-09-23T08:00:00,31.2,58,12,59.8,20.9,78.5,48.7,20,1,12,8,0,Good,Medium (Sandy),Dry,3.8,0,4.18,False,RETURN
1311,WS-009,2026-09-23T08:00:00,32.8,58,12,59.8,20.8,79.3,47.0,20,1,12,8,0,Good,Medium (Sandy),Dry,3.1,0,4.16,False,ACQUIRE
1312,WS-009,2026-09-23T08:00:00,33.0,58,12,59.8,22.2,80.3,70.3,65,1,12,8,0,Good,Medium (Sandy),Dry,2.8,0,4.44,False,LIFT
1313,WS-009,2026-09-23T08:00:00,32.6,58,12,59.8,22.7,80.4,77.7,65,1,12,8,0,Good,Medium (Sandy),Dry,2.4,0,4.53,False,SWING
1314,WS-009,2026-09-23T08:00:00,31.9,58,12,59.7,21.1,79.0,52.1,20,1,12,8,0,Good,Medium (Sandy),Dry,3.5,0,4.23,False,DUMP
1315,WS-009,2026-09-23T08:00:00,31.7,58,12,59.7,20.8,78.7,46.3,20,1,12,8,0,Good,Medium (Sandy),Dry,2.6,0,4.16,False,RETURN
1316,WS-009,2026-09-23T08:00:00,33.0,58,12,59.7,21.0,79.5,50.5,20,1,6,8,0,Good,Medium (Sandy),Dry,3.8,0,4.21,False,ACQUIRE
1317,WS-009,2026-09-23T08:00:00,32.1,58,12,59.7,22.5,80.1,75.2,65,1,6,8,0,Good,Medium (Sandy),Dry,2.2,0,4.5,False,LIFT
1318,WS-009,2026-09-23T08:00:00,32.2,58,12,59.7,22.3,80.0,71.4,65,1,6,8,0,Good,Medium (Sandy),Dry,3.2,0,4.46,False,SWING
1319,WS-009,2026-09-23T08:00:00,33.1,58,12,59.6,21.0,79.5,49.4,20,1,6,8,0,Good,Medium (Sandy),Dry,2.8,0,4.19,False,DUMP
1320,WS-009,2026-09-23T08:00:00,32.0,58,12,59.6,20.7,78.8,45.2,20,1,6,8,0,Good,Medium (Sandy),Dry,2.9,3,4.14,False,RETURN
1321,WS-009,2026-09-23T08:00:00,33.3,58,12,59.6,21.1,79.7,52.2,20,1,12,8,0,Good,Medium (Sandy),Dry,3.8,0,4.23,True,ACQUIRE
1322,WS-009,2026-09-23T08:00:00,31.7,58,12,59.6,22.4,79.8,72.6,65,1,12,8,0,Good,Medium (Sandy),Dry,3.3,0,4.47,False,LIFT
1323,WS-009,2026-09-23T08:00:00,33.1,58,12,59.6,22.3,80.4,71.3,65,1,12,8,0,Good,Medium (Sandy),Dry,3.5,0,4.46,False,SWING
1324,WS-009,2026-09-23T08:00:00,31.9,58,12,59.5,21.0,79.0,50.6,20,1,12,8,0,Good,Medium (Sandy),Dry,3.3,0,4.21,False,DUMP
1325,WS-009,2026-09-23T08:00:00,32.0,58,12,59.5,21.0,79.0,50.7,20,1,12,8,0,Good,Medium (Sandy),Dry,3.5,0,4.21,False,RETURN
1326,WS-009,2026-09-23T08:00:00,33.9,58,12,59.5,21.0,79.9,49.9,20,1,12,8,0,Good,Medium (Sandy),Dry,2.3,0,4.2,False,ACQUIRE
1327,WS-009,2026-09-23T08:00:00,33.1,58,12,59.5,22.2,80.4,70.4,65,1,12,8,0,Good,Medium (Sandy),Dry,2.3,0,4.44,False,LIFT
1328,WS-009,2026-09-23T08:00:00,32.8,58,12,59.5,22.6,80.5,77.0,65,1,12,8,0,Good,Medium (Sandy),Dry,3.7,0,4.52,False,SWING
1329,WS-009,2026-09-23T08:00:00,32.6,58,12,59.4,20.8,79.1,46.2,20,1,12,8,0,Good,Medium (Sandy),Dry,3.5,0,4.15,False,DUMP
1330,WS-009,2026-09-23T08:00:00,32.4,58,12,59.4,20.9,79.1,47.5,20,1,12,8,0,Good,Medium (Sandy),Dry,3.5,0,4.17,False,RETURN
1331,WS-009,2026-09-23T08:00:00,34.3,58,12,59.4,20.8,80.0,47.3,20,1,12,8,0,Good,Medium (Sandy),Dry,2.4,0,4.17,False,ACQUIRE
1332,WS-009,2026-09-23T08:00:00,34.3,58,12,59.4,22.7,81.3,77.7,65,1,12,8,0,Good,Medium (Sandy),Dry,2.0,0,4.53,False,LIFT
1333,WS-009,2026-09-23T08:00:00,34.1,58,12,59.4,22.2,80.9,70.1,65,1,12,8,0,Good,Medium (Sandy),Dry,3.0,0,4.44,False,SWING
1334,WS-009,2026-09-23T08:00:00,33.7,58,12,59.3,21.1,79.9,51.5,20,1,12,8,0,Good,Medium (Sandy),Dry,3.2,0,4.22,False,DUMP
1335,WS-009,2026-09-23T08:00:00,33.7,58,12,59.3,20.8,79.7,46.7,20,1,12,8,0,Good,Medium (Sandy),Dry,3.3,0,4.16,False,RETURN
1336,WS-009,2026-09-23T08:00:00,33.7,58,12,59.3,20.9,79.8,48.5,20,1,12,8,0,Good,Medium (Sandy),Dry,3.2,0,4.18,False,ACQUIRE
1337,WS-009,2026-09-23T08:00:00,32.9,58,12,59.3,22.6,80.5,77.1,65,1,12,8,0,Good,Medium (Sandy),Dry,2.6,0,4.53,False,LIFT
1338,WS-009,2026-09-23T08:00:00,34.2,58,12,59.3,22.6,81.2,76.6,65,1,12,8,0,Good,Medium (Sandy),Dry,2.4,0,4.52,False,SWING
1339,WS-009,2026-09-23T08:00:00,33.3,58,12,59.2,20.7,79.5,45.4,20,1,12,8,0,Good,Medium (Sandy),Dry,2.7,0,4.14,False,DUMP
1340,WS-009,2026-09-23T08:00:00,33.3,58,12,59.2,20.7,79.5,45.3,20,1,12,8,0,Good,Medium (Sandy),Dry,3.2,0,4.14,False,RETURN
1341,WS-009,2026-09-23T08:00:00,34.2,58,12,59.2,20.9,80.0,47.6,20,1,12,8,0,Good,Medium (Sandy),Dry,2.2,0,4.17,True,ACQUIRE
1342,WS-009,2026-09-23T08:00:00,33.2,58,12,59.2,22.7,80.7,77.9,65,1,12,8,0,Good,Medium (Sandy),Dry,2.3,0,4.53,False,LIFT
1343,WS-009,2026-09-23T08:00:00,33.6,58,12,59.2,22.5,80.8,75.3,65,1,12,8,0,Good,Medium (Sandy),Dry,3.4,0,4.5,False,SWING
1344,WS-009,2026-09-23T08:00:00,34.1,58,12,59.1,21.0,80.0,49.5,20,1,12,8,0,Good,Medium (Sandy),Dry,3.9,0,4.19,False,DUMP
1345,WS-009,2026-09-23T08:00:00,34.5,58,12,59.1,20.9,80.2,47.9,20,1,12,8,0,Good,Medium (Sandy),Dry,2.1,0,4.17,False,RETURN
1346,WS-009,2026-09-23T08:00:00,34.5,58,12,59.1,20.9,80.2,47.6,20,1,6,8,0,Good,Medium (Sandy),Dry,3.8,0,4.17,False,ACQUIRE
1347,WS-009,2026-09-23T08:00:00,34.5,58,12,59.1,22.6,81.3,76.1,65,1,6,8,0,Good,Medium (Sandy),Dry,3.7,0,4.51,False,LIFT
1348,WS-009,2026-09-23T08:00:00,33.0,58,12,59.1,22.4,80.5,73.8,65,1,6,8,0,Good,Medium (Sandy),Dry,2.2,0,4.49,False,SWING
1349,WS-009,2026-09-23T08:00:00,34.5,58,12,59.0,20.9,80.2,47.6,20,1,6,8,0,Good,Medium (Sandy),Dry,2.8,0,4.17,False,DUMP
1350,WS-009,2026-09-23T08:00:00,33.1,58,12,59.0,20.8,79.4,46.7,20,1,6,8,0,Good,Medium (Sandy),Dry,2.1,0,4.16,False,RETURN
1351,WS-010,2026-09-23T08:00:00,33.2,58,12,62.0,21.1,79.7,52.4,20,1,12,8,0,Good,Medium (Sandy),Dry,3.2,0,4.23,False,ACQUIRE
1352,WS-010,2026-09-23T08:00:00,33.1,58,12,62.0,22.5,80.6,75.8,65,1,12,8,0,Good,Medium (Sandy),Dry,3.0,0,4.51,False,LIFT
1353,WS-010,2026-09-23T08:00:00,33.8,58,12,62.0,22.6,81.0,77.1,65,1,12,8,0,Good,Medium (Sandy),Dry,2.5,0,4.53,False,SWING
1354,WS-010,2026-09-23T08:00:00,32.9,58,12,61.9,20.8,79.3,46.5,20,1,12,8,0,Good,Medium (Sandy),Dry,2.2,0,4.16,False,DUMP
1355,WS-010,2026-09-23T08:00:00,33.3,58,12,61.9,21.1,79.7,51.4,20,1,12,8,0,Good,Medium (Sandy),Dry,3.5,0,4.22,False,RETURN
1356,WS-010,2026-09-23T08:00:00,32.9,58,12,61.9,21.0,79.4,49.9,20,1,12,8,0,Good,Medium (Sandy),Dry,2.8,0,4.2,False,ACQUIRE
1357,WS-010,2026-09-23T08:00:00,32.7,58,12,61.9,22.4,80.3,72.8,65,1,12,8,0,Good,Medium (Sandy),Dry,3.6,0,4.47,False,LIFT
1358,WS-010,2026-09-23T08:00:00,33.1,58,12,61.9,22.5,80.6,75.1,65,1,12,8,0,Good,Medium (Sandy),Dry,3.4,0,4.5,False,SWING
1359,WS-010,2026-09-23T08:00:00,33.2,58,12,61.8,20.7,79.4,45.5,20,1,12,8,0,Good,Medium (Sandy),Dry,2.6,0,4.15,False,DUMP
1360,WS-010,2026-09-23T08:00:00,33.9,58,12,61.8,21.1,80.0,51.1,20,1,12,8,0,Good,Medium (Sandy),Dry,2.2,0,4.21,False,RETURN
1361,WS-010,2026-09-23T08:00:00,33.5,58,12,61.8,20.9,79.7,48.2,20,1,12,8,0,Good,Medium (Sandy),Dry,3.1,0,4.18,True,ACQUIRE
1362,WS-010,2026-09-23T08:00:00,34.8,58,12,61.8,22.6,81.5,76.7,65,1,12,8,0,Good,Medium (Sandy),Dry,2.4,0,4.52,False,LIFT
1363,WS-010,2026-09-23T08:00:00,34.6,58,12,61.8,22.6,81.4,77.4,65,1,12,8,0,Good,Medium (Sandy),Dry,3.0,0,4.53,False,SWING
1364,WS-010,2026-09-23T08:00:00,33.9,58,12,61.7,20.7,79.8,45.3,20,1,12,8,0,Good,Medium (Sandy),Dry,2.3,0,4.14,False,DUMP
1365,WS-010,2026-09-23T08:00:00,33.3,58,12,61.7,20.9,79.6,48.7,20,1,12,8,0,Good,Medium (Sandy),Dry,3.7,0,4.18,False,RETURN
1366,WS-010,2026-09-23T08:00:00,34.8,58,12,61.7,20.9,80.3,48.7,20,1,12,8,0,Good,Medium (Sandy),Dry,3.6,0,4.18,False,ACQUIRE
1367,WS-010,2026-09-23T08:00:00,34.9,58,12,61.7,22.2,81.3,70.4,65,1,12,8,0,Good,Medium (Sandy),Dry,3.0,0,4.44,False,LIFT
1368,WS-010,2026-09-23T08:00:00,34.1,58,12,61.7,22.5,81.1,75.4,65,1,12,8,0,Good,Medium (Sandy),Dry,3.1,0,4.5,False,SWING
1369,WS-010,2026-09-23T08:00:00,33.0,58,12,61.6,21.0,79.5,49.6,20,1,12,8,0,Good,Medium (Sandy),Dry,2.7,0,4.2,False,DUMP
1370,WS-010,2026-09-23T08:00:00,34.8,58,12,61.6,21.1,80.5,51.4,20,1,12,8,0,Good,Medium (Sandy),Dry,2.1,0,4.22,False,RETURN
1371,WS-010,2026-09-23T08:00:00,33.2,58,12,61.6,21.1,79.7,51.7,20,1,12,8,0,Good,Medium (Sandy),Dry,2.7,0,4.22,False,ACQUIRE
1372,WS-010,2026-09-23T08:00:00,33.6,58,12,61.6,22.5,80.8,74.3,65,1,12,8,0,Good,Medium (Sandy),Dry,2.3,0,4.49,False,LIFT
1373,WS-010,2026-09-23T08:00:00,34.0,58,12,61.6,22.3,80.9,71.5,65,1,12,8,0,Good,Medium (Sandy),Dry,2.2,0,4.46,False,SWING
1374,WS-010,2026-09-23T08:00:00,34.3,58,12,61.5,20.9,80.1,47.5,20,1,12,8,0,Good,Medium (Sandy),Dry,3.7,0,4.17,False,DUMP
1375,WS-010,2026-09-23T08:00:00,34.1,58,12,61.5,20.8,79.9,47.2,20,1,12,8,0,Good,Medium (Sandy),Dry,2.2,0,4.17,False,RETURN
1376,WS-010,2026-09-23T08:00:00,34.4,58,12,61.5,20.9,80.1,48.0,20,1,6,8,0,Good,Medium (Sandy),Dry,3.7,0,4.18,False,ACQUIRE
1377,WS-010,2026-09-23T08:00:00,33.1,58,12,61.5,22.5,80.5,74.2,65,1,6,8,0,Good,Medium (Sandy),Dry,2.4,0,4.49,False,LIFT
1378,WS-010,2026-09-23T08:00:00,33.2,58,12,61.5,22.2,80.4,70.3,65,1,6,8,0,Good,Medium (Sandy),Dry,2.4,0,4.44,False,SWING
1379,WS-010,2026-09-23T08:00:00,32.5,58,12,61.4,20.9,79.2,49.0,20,1,6,8,0,Good,Medium (Sandy),Dry,3.6,0,4.19,False,DUMP
1380,WS-010,2026-09-23T08:00:00,34.0,58,12,61.4,20.8,79.8,46.2,20,1,6,8,0,Good,Medium (Sandy),Dry,2.7,0,4.15,False,RETURN
1381,WS-010,2026-09-23T08:00:00,33.1,58,12,61.4,21.1,79.6,52.0,20,1,12,8,0,Good,Medium (Sandy),Dry,2.6,0,4.22,True,ACQUIRE
1382,WS-010,2026-09-23T08:00:00,32.7,58,12,61.4,22.6,80.4,76.2,65,1,12,8,0,Good,Medium (Sandy),Dry,2.2,0,4.51,False,LIFT
1383,WS-010,2026-09-23T08:00:00,33.9,58,12,61.4,22.4,80.9,74.1,65,1,12,8,0,Good,Medium (Sandy),Dry,4.0,0,4.49,False,SWING
1384,WS-010,2026-09-23T08:00:00,32.3,58,12,61.3,20.7,79.0,45.3,20,1,12,8,0,Good,Medium (Sandy),Dry,2.8,0,4.14,False,DUMP
1385,WS-010,2026-09-23T08:00:00,33.5,58,12,61.3,20.8,79.6,45.9,20,1,12,8,0,Good,Medium (Sandy),Dry,2.6,3,4.15,False,RETURN
1386,WS-010,2026-09-23T08:00:00,31.7,58,12,61.3,21.1,78.9,51.8,20,1,12,8,0,Good,Medium (Sandy),Dry,3.7,0,4.22,False,ACQUIRE
1387,WS-010,2026-09-23T08:00:00,32.2,58,12,61.3,22.6,80.2,77.1,65,1,12,8,0,Good,Medium (Sandy),Dry,2.2,0,4.53,False,LIFT
1388,WS-010,2026-09-23T08:00:00,33.0,58,12,61.3,22.6,80.5,76.0,65,1,12,8,0,Good,Medium (Sandy),Dry,2.0,0,4.51,False,SWING
1389,WS-010,2026-09-23T08:00:00,32.9,58,12,61.2,21.0,79.5,50.1,20,1,12,8,0,Good,Medium (Sandy),Dry,2.4,0,4.2,False,DUMP
1390,WS-010,2026-09-23T08:00:00,31.7,58,12,61.2,20.8,78.7,47.3,20,1,12,8,0,Good,Medium (Sandy),Dry,3.1,0,4.17,False,RETURN
1391,WS-010,2026-09-23T08:00:00,32.8,58,12,61.2,21.0,79.4,50.4,20,1,12,8,0,Good,Medium (Sandy),Dry,2.5,0,4.2,False,ACQUIRE
1392,WS-010,2026-09-23T08:00:00,31.5,58,12,61.2,22.3,79.6,70.9,65,1,12,8,0,Good,Medium (Sandy),Dry,3.9,0,4.45,False,LIFT
1393,WS-010,2026-09-23T08:00:00,32.2,58,12,61.2,22.2,79.9,70.8,65,1,12,8,0,Good,Medium (Sandy),Dry,3.1,0,4.45,False,SWING
1394,WS-010,2026-09-23T08:00:00,32.2,58,12,61.1,20.8,79.0,47.2,20,1,12,8,0,Good,Medium (Sandy),Dry,3.9,0,4.17,False,DUMP
1395,WS-010,2026-09-23T08:00:00,32.7,58,12,61.1,21.0,79.3,49.6,20,1,12,8,0,Good,Medium (Sandy),Dry,2.3,0,4.2,False,RETURN
1396,WS-010,2026-09-23T08:00:00,31.6,58,12,61.1,21.1,78.9,52.1,20,1,12,8,0,Good,Medium (Sandy),Dry,3.1,0,4.23,False,ACQUIRE
1397,WS-010,2026-09-23T08:00:00,31.1,58,12,61.1,22.2,79.4,70.2,65,1,12,8,0,Good,Medium (Sandy),Dry,3.8,0,4.44,False,LIFT
1398,WS-010,2026-09-23T08:00:00,31.1,58,12,61.1,22.4,79.5,73.1,65,1,12,8,0,Good,Medium (Sandy),Dry,2.2,0,4.48,False,SWING
1399,WS-010,2026-09-23T08:00:00,31.8,58,12,61.0,21.0,78.9,50.6,20,1,12,8,0,Good,Medium (Sandy),Dry,3.8,0,4.21,False,DUMP
1400,WS-010,2026-09-23T08:00:00,32.3,58,12,61.0,21.0,79.2,50.5,20,1,12,8,0,Good,Medium (Sandy),Dry,2.9,0,4.21,False,RETURN
1401,WS-010,2026-09-23T08:00:00,31.8,58,12,61.0,20.9,78.8,47.7,20,1,12,8,0,Good,Medium (Sandy),Dry,2.4,0,4.17,True,ACQUIRE
1402,WS-010,2026-09-23T08:00:00,32.6,58,12,61.0,22.6,80.4,76.5,65,1,12,8,0,Good,Medium (Sandy),Dry,2.2,0,4.52,False,LIFT
1403,WS-010,2026-09-23T08:00:00,33.0,58,12,61.0,22.6,80.5,76.1,65,1,12,8,0,Good,Medium (Sandy),Dry,3.1,0,4.51,False,SWING
1404,WS-010,2026-09-23T08:00:00,31.4,58,12,60.9,21.1,78.8,51.4,20,1,12,8,0,Good,Medium (Sandy),Dry,3.4,0,4.22,False,DUMP
1405,WS-010,2026-09-23T08:00:00,31.4,58,12,60.9,20.9,78.6,47.5,20,1,12,8,0,Good,Medium (Sandy),Dry,3.3,0,4.17,False,RETURN
1406,WS-010,2026-09-23T08:00:00,32.8,58,12,60.9,20.9,79.4,48.8,20,1,6,8,0,Good,Medium (Sandy),Dry,3.9,0,4.19,False,ACQUIRE
1407,WS-010,2026-09-23T08:00:00,31.7,58,12,60.9,22.6,79.9,77.2,65,1,6,8,0,Good,Medium (Sandy),Dry,2.5,0,4.53,False,LIFT
1408,WS-010,2026-09-23T08:00:00,32.2,58,12,60.9,22.3,80.0,71.5,65,1,6,8,0,Good,Medium (Sandy),Dry,3.8,0,4.46,False,SWING
1409,WS-010,2026-09-23T08:00:00,32.2,58,12,60.8,21.1,79.2,51.9,20,1,6,8,0,Good,Medium (Sandy),Dry,2.6,0,4.22,False,DUMP
1410,WS-010,2026-09-23T08:00:00,32.6,58,12,60.8,20.7,79.1,45.5,20,1,6,8,0,Good,Medium (Sandy),Dry,2.2,0,4.15,False,RETURN
1411,WS-010,2026-09-23T08:00:00,32.7,58,12,60.8,21.1,79.4,51.8,20,1,12,8,0,Good,Medium (Sandy),Dry,2.6,0,4.22,False,ACQUIRE
1412,WS-010,2026-09-23T08:00:00,32.5,58,12,60.8,22.5,80.2,74.6,65,1,12,8,0,Good,Medium (Sandy),Dry,3.0,0,4.5,False,LIFT
1413,WS-010,2026-09-23T08:00:00,32.7,58,12,60.8,22.5,80.4,75.7,65,1,12,8,0,Good,Medium (Sandy),Dry,2.2,0,4.51,False,SWING
1414,WS-010,2026-09-23T08:00:00,33.1,58,12,60.7,20.7,79.4,45.6,20,1,12,8,0,Good,Medium (Sandy),Dry,2.6,0,4.15,False,DUMP
1415,WS-010,2026-09-23T08:00:00,33.0,58,12,60.7,21.0,79.5,49.7,20,1,12,8,0,Good,Medium (Sandy),Dry,2.5,0,4.2,False,RETURN
1416,WS-010,2026-09-23T08:00:00,32.7,58,12,60.7,20.8,79.2,46.3,20,1,12,8,0,Good,Medium (Sandy),Dry,3.0,0,4.16,False,ACQUIRE
1417,WS-010,2026-09-23T08:00:00,32.4,58,12,60.7,22.3,80.1,71.7,65,1,12,8,0,Good,Medium (Sandy),Dry,3.4,0,4.46,False,LIFT
1418,WS-010,2026-09-23T08:00:00,33.3,58,12,60.7,22.7,80.8,77.8,65,1,12,8,0,Good,Medium (Sandy),Dry,3.1,0,4.53,False,SWING
1419,WS-010,2026-09-23T08:00:00,33.2,58,12,60.6,21.0,79.6,50.6,20,1,12,8,0,Good,Medium (Sandy),Dry,2.3,0,4.21,False,DUMP
1420,WS-010,2026-09-23T08:00:00,33.9,58,12,60.6,21.1,80.0,50.9,20,1,12,8,0,Good,Medium (Sandy),Dry,3.4,0,4.21,False,RETURN
1421,WS-010,2026-09-23T08:00:00,34.3,58,12,60.6,20.8,80.0,45.9,20,1,12,8,0,Good,Medium (Sandy),Dry,3.2,0,4.15,True,ACQUIRE
1422,WS-010,2026-09-23T08:00:00,33.4,58,12,60.6,22.2,80.5,70.8,65,1,12,8,0,Good,Medium (Sandy),Dry,2.9,0,4.45,False,LIFT
1423,WS-010,2026-09-23T08:00:00,33.4,58,12,60.6,22.4,80.6,73.2,65,1,12,8,0,Good,Medium (Sandy),Dry,3.2,0,4.48,False,SWING
1424,WS-010,2026-09-23T08:00:00,34.2,58,12,60.5,21.0,80.1,49.8,20,1,12,8,0,Good,Medium (Sandy),Dry,3.6,0,4.2,False,DUMP
1425,WS-010,2026-09-23T08:00:00,33.6,58,12,60.5,21.0,79.8,50.2,20,1,12,8,0,Good,Medium (Sandy),Dry,2.1,0,4.2,False,RETURN
1426,WS-010,2026-09-23T08:00:00,33.4,58,12,60.5,20.8,79.5,46.1,20,1,12,8,0,Good,Medium (Sandy),Dry,3.2,0,4.15,False,ACQUIRE
1427,WS-010,2026-09-23T08:00:00,34.5,58,12,60.5,22.6,81.3,76.5,65,1,12,8,0,Good,Medium (Sandy),Dry,3.5,0,4.52,False,LIFT
1428,WS-010,2026-09-23T08:00:00,34.3,58,12,60.5,22.4,81.1,73.6,65,1,12,8,0,Good,Medium (Sandy),Dry,2.6,0,4.48,False,SWING
1429,WS-010,2026-09-23T08:00:00,34.2,58,12,60.4,20.9,80.0,48.6,20,1,12,8,0,Good,Medium (Sandy),Dry,2.4,0,4.18,False,DUMP
1430,WS-010,2026-09-23T08:00:00,34.8,58,12,60.4,20.8,80.3,47.4,20,1,12,8,0,Good,Medium (Sandy),Dry,3.6,0,4.17,False,RETURN
1431,WS-010,2026-09-23T08:00:00,34.3,58,12,60.4,21.1,80.2,52.3,20,1,12,8,0,Good,Medium (Sandy),Dry,3.9,0,4.23,False,ACQUIRE
1432,WS-010,2026-09-23T08:00:00,34.4,58,12,60.4,22.6,81.3,77.3,65,1,12,8,0,Good,Medium (Sandy),Dry,4.0,0,4.53,False,LIFT
1433,WS-010,2026-09-23T08:00:00,34.1,58,12,60.4,22.5,81.0,74.9,65,1,12,8,0,Good,Medium (Sandy),Dry,3.0,0,4.5,False,SWING
1434,WS-010,2026-09-23T08:00:00,34.6,58,12,60.3,21.1,80.4,51.8,20,1,12,8,0,Good,Medium (Sandy),Dry,2.1,0,4.22,False,DUMP
1435,WS-010,2026-09-23T08:00:00,34.7,58,12,60.3,21.2,80.5,52.7,20,1,12,8,0,Good,Medium (Sandy),Dry,2.0,0,4.23,False,RETURN
1436,WS-010,2026-09-23T08:00:00,33.9,58,12,60.3,21.2,80.1,52.8,20,1,6,8,0,Good,Medium (Sandy),Dry,2.2,0,4.23,False,ACQUIRE
1437,WS-010,2026-09-23T08:00:00,33.3,58,12,60.3,22.2,80.5,70.2,65,1,6,8,0,Good,Medium (Sandy),Dry,2.9,0,4.44,False,LIFT
1438,WS-010,2026-09-23T08:00:00,33.8,58,12,60.3,22.5,80.9,75.0,65,1,6,8,0,Good,Medium (Sandy),Dry,3.4,0,4.5,False,SWING
1439,WS-010,2026-09-23T08:00:00,33.4,58,12,60.2,20.9,79.6,48.5,20,1,6,8,0,Good,Medium (Sandy),Dry,2.4,0,4.18,False,DUMP
1440,WS-010,2026-09-23T08:00:00,32.8,58,12,60.2,20.8,79.2,46.1,20,1,6,8,0,Good,Medium (Sandy),Dry,3.1,0,4.15,False,RETURN
1441,WS-010,2026-09-23T08:00:00,34.1,58,12,60.2,20.9,80.0,47.9,20,1,12,8,0,Good,Medium (Sandy),Dry,2.8,0,4.17,True,ACQUIRE
1442,WS-010,2026-09-23T08:00:00,32.9,58,12,60.2,22.6,80.5,77.0,65,1,12,8,0,Good,Medium (Sandy),Dry,2.3,0,4.52,False,LIFT
1443,WS-010,2026-09-23T08:00:00,32.2,58,12,60.2,22.5,80.1,75.2,65,1,12,8,0,Good,Medium (Sandy),Dry,2.3,0,4.5,False,SWING
1444,WS-010,2026-09-23T08:00:00,33.9,58,12,60.1,21.0,80.0,50.3,20,1,12,8,0,Good,Medium (Sandy),Dry,3.9,0,4.2,False,DUMP
1445,WS-010,2026-09-23T08:00:00,32.3,58,12,60.1,20.8,79.0,46.1,20,1,12,8,0,Good,Medium (Sandy),Dry,3.6,0,4.15,False,RETURN
1446,WS-010,2026-09-23T08:00:00,33.6,58,12,60.1,21.1,79.9,52.1,20,1,12,8,0,Good,Medium (Sandy),Dry,3.4,0,4.23,False,ACQUIRE
1447,WS-010,2026-09-23T08:00:00,33.7,58,12,60.1,22.5,80.8,75.0,65,1,12,8,0,Good,Medium (Sandy),Dry,2.9,0,4.5,False,LIFT
1448,WS-010,2026-09-23T08:00:00,32.6,58,12,60.1,22.6,80.4,76.6,65,1,12,8,0,Good,Medium (Sandy),Dry,2.8,0,4.52,False,SWING
1449,WS-010,2026-09-23T08:00:00,32.1,58,12,60.0,20.9,79.0,48.4,20,1,12,8,0,Good,Medium (Sandy),Dry,2.0,0,4.18,False,DUMP
1450,WS-010,2026-09-23T08:00:00,32.5,58,12,60.0,21.0,79.3,50.8,20,1,12,8,0,Good,Medium (Sandy),Dry,3.4,0,4.21,False,RETURN
1451,WS-010,2026-09-23T08:00:00,32.0,58,12,60.0,21.1,79.1,52.4,20,1,12,8,0,Good,Medium (Sandy),Dry,3.2,0,4.23,False,ACQUIRE
1452,WS-010,2026-09-23T08:00:00,31.4,58,12,60.0,22.2,79.5,70.3,65,1,12,8,0,Good,Medium (Sandy),Dry,3.0,0,4.44,False,LIFT
1453,WS-010,2026-09-23T08:00:00,32.0,58,12,60.0,22.5,80.0,74.6,65,1,12,8,0,Good,Medium (Sandy),Dry,3.9,0,4.5,False,SWING
1454,WS-010,2026-09-23T08:00:00,31.4,58,12,59.9,21.0,78.7,50.8,20,1,12,8,0,Good,Medium (Sandy),Dry,3.1,0,4.21,False,DUMP
1455,WS-010,2026-09-23T08:00:00,32.9,58,12,59.9,21.1,79.5,51.0,20,1,12,8,0,Good,Medium (Sandy),Dry,2.6,0,4.21,False,RETURN
1456,WS-010,2026-09-23T08:00:00,32.2,58,12,59.9,21.0,79.1,49.2,20,1,12,8,0,Good,Medium (Sandy),Dry,3.2,0,4.19,False,ACQUIRE
1457,WS-010,2026-09-23T08:00:00,31.6,58,12,59.9,22.5,79.8,75.0,65,1,12,8,0,Good,Medium (Sandy),Dry,3.3,0,4.5,False,LIFT
1458,WS-010,2026-09-23T08:00:00,32.4,58,12,59.9,22.5,80.2,75.5,65,1,12,8,0,Good,Medium (Sandy),Dry,3.1,0,4.51,False,SWING
1459,WS-010,2026-09-23T08:00:00,32.2,58,12,59.8,21.0,79.1,49.9,20,1,12,8,0,Good,Medium (Sandy),Dry,3.8,0,4.2,False,DUMP
1460,WS-010,2026-09-23T08:00:00,32.1,58,12,59.8,20.7,78.9,45.1,20,1,12,8,0,Good,Medium (Sandy),Dry,2.9,0,4.14,False,RETURN
1461,WS-010,2026-09-23T08:00:00,32.8,58,12,59.8,21.0,79.4,49.6,20,1,12,8,0,Good,Medium (Sandy),Dry,2.7,0,4.2,True,ACQUIRE
1462,WS-010,2026-09-23T08:00:00,31.7,58,12,59.8,22.7,80.0,77.8,65,1,12,8,0,Good,Medium (Sandy),Dry,2.6,0,4.53,False,LIFT
1463,WS-010,2026-09-23T08:00:00,31.4,58,12,59.8,22.5,79.7,75.6,65,1,12,8,0,Good,Medium (Sandy),Dry,3.2,0,4.51,False,SWING
1464,WS-010,2026-09-23T08:00:00,31.7,58,12,59.7,21.1,78.9,51.3,20,1,12,8,0,Good,Medium (Sandy),Dry,2.5,0,4.22,False,DUMP
1465,WS-010,2026-09-23T08:00:00,32.3,58,12,59.7,21.0,79.1,49.6,20,1,12,8,0,Good,Medium (Sandy),Dry,3.1,0,4.2,False,RETURN
1466,WS-010,2026-09-23T08:00:00,32.4,58,12,59.7,20.8,79.1,47.3,20,1,6,8,0,Good,Medium (Sandy),Dry,3.5,0,4.17,False,ACQUIRE
1467,WS-010,2026-09-23T08:00:00,31.2,58,12,59.7,22.4,79.6,73.9,65,1,6,8,0,Good,Medium (Sandy),Dry,2.3,0,4.49,False,LIFT
1468,WS-010,2026-09-23T08:00:00,31.4,58,12,59.7,22.6,79.8,76.3,65,1,6,8,0,Good,Medium (Sandy),Dry,2.5,0,4.52,False,SWING
1469,WS-010,2026-09-23T08:00:00,32.5,58,12,59.6,20.8,79.1,47.2,20,1,6,8,0,Good,Medium (Sandy),Dry,2.5,0,4.17,False,DUMP
1470,WS-010,2026-09-23T08:00:00,32.9,58,12,59.6,21.0,79.4,49.8,20,1,6,8,0,Good,Medium (Sandy),Dry,3.8,3,4.2,False,RETURN
1471,WS-010,2026-09-23T08:00:00,32.9,58,12,59.6,21.0,79.5,50.3,20,1,12,8,0,Good,Medium (Sandy),Dry,2.7,0,4.2,False,ACQUIRE
1472,WS-010,2026-09-23T08:00:00,31.9,58,12,59.6,22.6,80.0,76.3,65,1,12,8,0,Good,Medium (Sandy),Dry,2.5,0,4.52,False,LIFT
1473,WS-010,2026-09-23T08:00:00,32.0,58,12,59.6,22.5,80.0,74.2,65,1,12,8,0,Good,Medium (Sandy),Dry,2.1,0,4.49,False,SWING
1474,WS-010,2026-09-23T08:00:00,33.7,58,12,59.5,21.2,80.0,52.7,20,1,12,8,0,Good,Medium (Sandy),Dry,3.2,0,4.23,False,DUMP
1475,WS-010,2026-09-23T08:00:00,33.5,58,12,59.5,21.1,79.8,51.7,20,1,12,8,0,Good,Medium (Sandy),Dry,3.5,0,4.22,False,RETURN
1476,WS-010,2026-09-23T08:00:00,32.8,58,12,59.5,20.9,79.3,48.1,20,1,12,8,0,Good,Medium (Sandy),Dry,3.3,0,4.18,False,ACQUIRE
1477,WS-010,2026-09-23T08:00:00,33.5,58,12,59.5,22.3,80.6,71.3,65,1,12,8,0,Good,Medium (Sandy),Dry,3.2,0,4.46,False,LIFT
1478,WS-010,2026-09-23T08:00:00,33.8,58,12,59.5,22.2,80.7,70.4,65,1,12,8,0,Good,Medium (Sandy),Dry,2.5,0,4.44,False,SWING
1479,WS-010,2026-09-23T08:00:00,33.9,58,12,59.4,20.7,79.8,45.4,20,1,12,8,0,Good,Medium (Sandy),Dry,2.9,0,4.14,False,DUMP
1480,WS-010,2026-09-23T08:00:00,33.3,58,12,59.4,20.9,79.6,48.8,20,1,12,8,0,Good,Medium (Sandy),Dry,3.9,0,4.19,False,RETURN
1481,WS-010,2026-09-23T08:00:00,34.3,58,12,59.4,20.8,80.0,46.9,20,1,12,8,0,Good,Medium (Sandy),Dry,3.4,0,4.16,True,ACQUIRE
1482,WS-010,2026-09-23T08:00:00,33.3,58,12,59.4,22.3,80.5,72.1,65,1,12,8,0,Good,Medium (Sandy),Dry,3.1,0,4.47,False,LIFT
1483,WS-010,2026-09-23T08:00:00,33.5,58,12,59.4,22.3,80.6,72.3,65,1,12,8,0,Good,Medium (Sandy),Dry,3.6,0,4.47,False,SWING
1484,WS-010,2026-09-23T08:00:00,33.4,58,12,59.3,20.9,79.6,47.5,20,1,12,8,0,Good,Medium (Sandy),Dry,3.1,0,4.17,False,DUMP
1485,WS-010,2026-09-23T08:00:00,34.7,58,12,59.3,20.7,80.2,45.8,20,1,12,8,0,Good,Medium (Sandy),Dry,3.1,0,4.15,False,RETURN
1486,WS-010,2026-09-23T08:00:00,33.5,58,12,59.3,21.1,79.8,51.8,20,1,12,8,0,Good,Medium (Sandy),Dry,3.2,0,4.22,False,ACQUIRE
1487,WS-010,2026-09-23T08:00:00,34.2,58,12,59.3,22.3,81.0,72.2,65,1,12,8,0,Good,Medium (Sandy),Dry,2.5,0,4.47,False,LIFT
1488,WS-010,2026-09-23T08:00:00,34.5,58,12,59.3,22.3,81.1,72.0,65,1,12,8,0,Good,Medium (Sandy),Dry,3.2,0,4.46,False,SWING
1489,WS-010,2026-09-23T08:00:00,33.9,58,12,59.2,21.0,80.0,50.4,20,1,12,8,0,Good,Medium (Sandy),Dry,2.5,0,4.2,False,DUMP
1490,WS-010,2026-09-23T08:00:00,34.3,58,12,59.2,21.1,80.2,51.2,20,1,12,8,0,Good,Medium (Sandy),Dry,3.0,0,4.21,False,RETURN
1491,WS-010,2026-09-23T08:00:00,34.3,58,12,59.2,21.2,80.3,52.9,20,1,12,8,0,Good,Medium (Sandy),Dry,2.6,0,4.23,False,ACQUIRE
1492,WS-010,2026-09-23T08:00:00,33.0,58,12,59.2,22.2,80.3,70.1,65,1,12,8,0,Good,Medium (Sandy),Dry,2.1,0,4.44,False,LIFT
1493,WS-010,2026-09-23T08:00:00,33.8,58,12,59.2,22.5,80.9,74.2,65,1,12,8,0,Good,Medium (Sandy),Dry,3.4,0,4.49,False,SWING
1494,WS-010,2026-09-23T08:00:00,33.7,58,12,59.1,21.0,79.9,50.8,20,1,12,8,0,Good,Medium (Sandy),Dry,2.5,0,4.21,False,DUMP
1495,WS-010,2026-09-23T08:00:00,33.0,58,12,59.1,21.0,79.5,50.0,20,1,12,8,0,Good,Medium (Sandy),Dry,2.1,0,4.2,False,RETURN
1496,WS-010,2026-09-23T08:00:00,34.1,58,12,59.1,21.1,80.1,52.2,20,1,6,8,0,Good,Medium (Sandy),Dry,2.4,0,4.23,False,ACQUIRE
1497,WS-010,2026-09-23T08:00:00,34.1,58,12,59.1,22.3,80.9,71.0,65,1,6,8,0,Good,Medium (Sandy),Dry,3.9,0,4.45,False,LIFT
1498,WS-010,2026-09-23T08:00:00,33.0,58,12,59.1,22.5,80.5,74.8,65,1,6,8,0,Good,Medium (Sandy),Dry,2.8,0,4.5,False,SWING
1499,WS-010,2026-09-23T08:00:00,34.3,58,12,59.0,21.0,80.2,50.2,20,1,6,8,0,Good,Medium (Sandy),Dry,3.6,0,4.2,False,DUMP
1500,WS-010,2026-09-23T08:00:00,33.1,58,12,59.0,20.8,79.4,45.9,20,1,6,8,0,Good,Medium (Sandy),Dry,2.4,0,4.15,False,RETURN
1501,WS-011,2026-09-23T08:00:00,32.1,58,12,62.0,20.9,79.0,48.1,20,1,12,8,0,Good,Medium (Sandy),Dry,4.0,0,4.18,True,ACQUIRE
1502,WS-011,2026-09-23T08:00:00,32.6,58,12,62.0,22.6,80.4,76.5,65,1,12,8,0,Good,Medium (Sandy),Dry,2.4,0,4.52,False,LIFT
1503,WS-011,2026-09-23T08:00:00,32.3,58,12,62.0,22.7,80.3,77.8,65,1,12,8,0,Good,Medium (Sandy),Dry,2.4,0,4.53,False,SWING
1504,WS-011,2026-09-23T08:00:00,33.1,58,12,61.9,21.0,79.6,50.2,20,1,12,8,0,Good,Medium (Sandy),Dry,2.2,0,4.2,False,DUMP
1505,WS-011,2026-09-23T08:00:00,33.5,58,12,61.9,20.9,79.7,48.5,20,1,12,8,0,Good,Medium (Sandy),Dry,3.2,0,4.18,False,RETURN
1506,WS-011,2026-09-23T08:00:00,32.7,58,12,61.9,20.9,79.3,48.5,20,1,12,8,0,Good,Medium (Sandy),Dry,2.5,0,4.18,False,ACQUIRE
1507,WS-011,2026-09-23T08:00:00,32.6,58,12,61.9,22.2,80.1,70.6,65,1,12,8,0,Good,Medium (Sandy),Dry,3.5,0,4.45,False,LIFT
1508,WS-011,2026-09-23T08:00:00,34.2,58,12,61.9,22.2,80.9,70.2,65,1,12,8,0,Good,Medium (Sandy),Dry,3.0,0,4.44,False,SWING
1509,WS-011,2026-09-23T08:00:00,34.0,58,12,61.8,20.7,79.8,45.0,20,1,12,8,0,Good,Medium (Sandy),Dry,2.1,0,4.14,False,DUMP
1510,WS-011,2026-09-23T08:00:00,33.6,58,12,61.8,20.8,79.6,46.2,20,1,12,8,0,Good,Medium (Sandy),Dry,2.7,0,4.15,False,RETURN
1511,WS-011,2026-09-23T08:00:00,33.6,58,12,61.8,20.7,79.6,45.0,20,1,12,8,0,Good,Medium (Sandy),Dry,3.4,0,4.14,False,ACQUIRE
1512,WS-011,2026-09-23T08:00:00,34.4,58,12,61.8,22.4,81.2,73.8,65,1,12,8,0,Good,Medium (Sandy),Dry,2.8,0,4.49,False,LIFT
1513,WS-011,2026-09-23T08:00:00,34.4,58,12,61.8,22.6,81.3,76.5,65,1,12,8,0,Good,Medium (Sandy),Dry,2.1,0,4.52,False,SWING
1514,WS-011,2026-09-23T08:00:00,33.4,58,12,61.7,20.9,79.6,48.1,20,1,12,8,0,Good,Medium (Sandy),Dry,3.4,0,4.18,False,DUMP
1515,WS-011,2026-09-23T08:00:00,34.5,58,12,61.7,20.8,80.1,46.0,20,1,12,8,0,Good,Medium (Sandy),Dry,3.1,0,4.15,False,RETURN
1516,WS-011,2026-09-23T08:00:00,35.0,58,12,61.7,20.9,80.4,47.7,20,1,12,8,0,Good,Medium (Sandy),Dry,2.6,0,4.17,False,ACQUIRE
1517,WS-011,2026-09-23T08:00:00,33.1,58,12,61.7,22.7,80.7,78.0,65,1,12,8,0,Good,Medium (Sandy),Dry,3.3,0,4.54,False,LIFT
1518,WS-011,2026-09-23T08:00:00,33.7,58,12,61.7,22.6,80.9,76.8,65,1,12,8,0,Good,Medium (Sandy),Dry,2.7,0,4.52,False,SWING
1519,WS-011,2026-09-23T08:00:00,34.7,58,12,61.6,21.1,80.4,51.1,20,1,12,8,0,Good,Medium (Sandy),Dry,2.6,0,4.21,False,DUMP
1520,WS-011,2026-09-23T08:00:00,33.4,58,12,61.6,21.0,79.7,49.4,20,1,12,8,0,Good,Medium (Sandy),Dry,3.9,0,4.19,False,RETURN
1521,WS-011,2026-09-23T08:00:00,34.2,58,12,61.6,20.8,80.0,47.4,20,1,12,8,0,Good,Medium (Sandy),Dry,2.8,0,4.17,True,ACQUIRE
1522,WS-011,2026-09-23T08:00:00,33.1,58,12,61.6,22.5,80.6,75.5,65,1,12,8,0,Good,Medium (Sandy),Dry,3.0,0,4.51,False,LIFT
1523,WS-011,2026-09-23T08:00:00,34.6,58,12,61.6,22.4,81.2,73.5,65,1,12,8,0,Good,Medium (Sandy),Dry,2.4,0,4.48,False,SWING
1524,WS-011,2026-09-23T08:00:00,32.8,58,12,61.5,20.7,79.2,45.2,20,1,12,8,0,Good,Medium (Sandy),Dry,4.0,0,4.14,False,DUMP
1525,WS-011,2026-09-23T08:00:00,33.2,58,12,61.5,20.9,79.5,48.1,20,1,12,8,0,Good,Medium (Sandy),Dry,3.6,0,4.18,False,RETURN
1526,WS-011,2026-09-23T08:00:00,33.9,58,12,61.5,20.9,79.9,49.0,20,1,6,8,0,Good,Medium (Sandy),Dry,3.9,0,4.19,False,ACQUIRE
1527,WS-011,2026-09-23T08:00:00,34.1,58,12,61.5,22.7,81.2,77.7,65,1,6,8,0,Good,Medium (Sandy),Dry,2.0,0,4.53,False,LIFT
1528,WS-011,2026-09-23T08:00:00,33.1,58,12,61.5,22.4,80.5,72.7,65,1,6,8,0,Good,Medium (Sandy),Dry,3.4,0,4.47,False,SWING
1529,WS-011,2026-09-23T08:00:00,33.1,58,12,61.4,20.8,79.4,46.7,20,1,6,8,0,Good,Medium (Sandy),Dry,3.3,0,4.16,False,DUMP
1530,WS-011,2026-09-23T08:00:00,33.3,58,12,61.4,21.1,79.8,52.5,20,1,6,8,0,Good,Medium (Sandy),Dry,3.7,0,4.23,False,RETURN
1531,WS-011,2026-09-23T08:00:00,33.2,58,12,61.4,21.1,79.6,50.9,20,1,12,8,0,Good,Medium (Sandy),Dry,2.5,0,4.21,False,ACQUIRE
1532,WS-011,2026-09-23T08:00:00,32.2,58,12,61.4,22.6,80.1,75.9,65,1,12,8,0,Good,Medium (Sandy),Dry,3.0,0,4.51,False,LIFT
1533,WS-011,2026-09-23T08:00:00,32.0,58,12,61.4,22.6,80.1,77.3,65,1,12,8,0,Good,Medium (Sandy),Dry,3.2,0,4.53,False,SWING
1534,WS-011,2026-09-23T08:00:00,32.3,58,12,61.3,21.0,79.2,50.2,20,1,12,8,0,Good,Medium (Sandy),Dry,2.0,0,4.2,False,DUMP
1535,WS-011,2026-09-23T08:00:00,33.0,58,12,61.3,21.1,79.6,52.2,20,1,12,8,0,Good,Medium (Sandy),Dry,3.6,3,4.23,False,RETURN
1536,WS-011,2026-09-23T08:00:00,31.8,58,12,61.3,21.0,78.9,49.9,20,1,12,8,0,Good,Medium (Sandy),Dry,3.7,0,4.2,False,ACQUIRE
1537,WS-011,2026-09-23T08:00:00,31.7,58,12,61.3,22.6,79.9,76.5,65,1,12,8,0,Good,Medium (Sandy),Dry,2.2,0,4.52,False,LIFT
1538,WS-011,2026-09-23T08:00:00,32.7,58,12,61.3,22.5,80.3,74.9,65,1,12,8,0,Good,Medium (Sandy),Dry,2.1,0,4.5,False,SWING
1539,WS-011,2026-09-23T08:00:00,31.8,58,12,61.2,20.9,78.8,47.7,20,1,12,8,0,Good,Medium (Sandy),Dry,3.7,0,4.17,False,DUMP
1540,WS-011,2026-09-23T08:00:00,32.8,58,12,61.2,20.9,79.3,48.2,20,1,12,8,0,Good,Medium (Sandy),Dry,2.2,0,4.18,False,RETURN
1541,WS-011,2026-09-23T08:00:00,32.6,58,12,61.2,21.0,79.3,49.4,20,1,12,8,0,Good,Medium (Sandy),Dry,2.6,0,4.19,True,ACQUIRE
1542,WS-011,2026-09-23T08:00:00,33.1,58,12,61.2,22.3,80.4,71.7,65,1,12,8,0,Good,Medium (Sandy),Dry,2.1,0,4.46,False,LIFT
1543,WS-011,2026-09-23T08:00:00,31.5,58,12,61.2,22.2,79.6,70.5,65,1,12,8,0,Good,Medium (Sandy),Dry,2.5,0,4.45,False,SWING
1544,WS-011,2026-09-23T08:00:00,32.6,58,12,61.1,20.8,79.2,46.3,20,1,12,8,0,Good,Medium (Sandy),Dry,2.7,0,4.16,False,DUMP
1545,WS-011,2026-09-23T08:00:00,31.4,58,12,61.1,20.8,78.6,46.9,20,1,12,8,0,Good,Medium (Sandy),Dry,3.2,0,4.16,False,RETURN
1546,WS-011,2026-09-23T08:00:00,31.3,58,12,61.1,21.1,78.7,51.3,20,1,12,8,0,Good,Medium (Sandy),Dry,3.3,0,4.22,False,ACQUIRE
1547,WS-011,2026-09-23T08:00:00,31.8,58,12,61.1,22.3,79.8,71.3,65,1,12,8,0,Good,Medium (Sandy),Dry,3.8,0,4.46,False,LIFT
1548,WS-011,2026-09-23T08:00:00,31.2,58,12,61.1,22.2,79.4,70.1,65,1,12,8,0,Good,Medium (Sandy),Dry,3.9,0,4.44,False,SWING
1549,WS-011,2026-09-23T08:00:00,32.4,58,12,61.0,21.0,79.2,49.7,20,1,12,8,0,Good,Medium (Sandy),Dry,2.6,0,4.2,False,DUMP
1550,WS-011,2026-09-23T08:00:00,32.4,58,12,61.0,21.1,79.3,51.3,20,1,12,8,0,Good,Medium (Sandy),Dry,3.0,0,4.22,False,RETURN
1551,WS-011,2026-09-23T08:00:00,31.3,58,12,61.0,20.8,78.5,46.1,20,1,12,8,0,Good,Medium (Sandy),Dry,2.5,0,4.15,False,ACQUIRE
1552,WS-011,2026-09-23T08:00:00,32.0,58,12,61.0,22.3,79.9,71.9,65,1,12,8,0,Good,Medium (Sandy),Dry,2.3,0,4.46,False,LIFT
1553,WS-011,2026-09-23T08:00:00,32.5,58,12,61.0,22.5,80.2,74.8,65,1,12,8,0,Good,Medium (Sandy),Dry,3.4,0,4.5,False,SWING
1554,WS-011,2026-09-23T08:00:00,32.4,58,12,60.9,20.7,79.0,45.7,20,1,12,8,0,Good,Medium (Sandy),Dry,3.7,0,4.15,False,DUMP
1555,WS-011,2026-09-23T08:00:00,31.8,58,12,60.9,20.9,78.8,48.4,20,1,12,8,0,Good,Medium (Sandy),Dry,3.1,0,4.18,False,RETURN
1556,WS-011,2026-09-23T08:00:00,31.7,58,12,60.9,21.2,79.0,52.9,20,1,6,8,0,Good,Medium (Sandy),Dry,4.0,0,4.23,False,ACQUIRE
1557,WS-011,2026-09-23T08:00:00,32.6,58,12,60.9,22.6,80.4,76.9,65,1,6,8,0,Good,Medium (Sandy),Dry,4.0,0,4.52,False,LIFT
1558,WS-011,2026-09-23T08:00:00,32.5,58,12,60.9,22.4,80.2,73.7,65,1,6,8,0,Good,Medium (Sandy),Dry,3.3,0,4.48,False,SWING
1559,WS-011,2026-09-23T08:00:00,32.0,58,12,60.8,20.7,78.8,45.4,20,1,6,8,0,Good,Medium (Sandy),Dry,2.2,0,4.14,False,DUMP
1560,WS-011,2026-09-23T08:00:00,31.9,58,12,60.8,21.1,79.0,51.8,20,1,6,8,0,Good,Medium (Sandy),Dry,3.8,0,4.22,False,RETURN
1561,WS-011,2026-09-23T08:00:00,32.7,58,12,60.8,20.8,79.2,46.3,20,1,12,8,0,Good,Medium (Sandy),Dry,3.8,0,4.16,True,ACQUIRE
1562,WS-011,2026-09-23T08:00:00,31.9,58,12,60.8,22.4,79.9,72.9,65,1,12,8,0,Good,Medium (Sandy),Dry,2.4,0,4.47,False,LIFT
1563,WS-011,2026-09-23T08:00:00,32.4,58,12,60.8,22.5,80.2,74.9,65,1,12,8,0,Good,Medium (Sandy),Dry,3.8,0,4.5,False,SWING
1564,WS-011,2026-09-23T08:00:00,32.9,58,12,60.7,20.7,79.3,45.8,20,1,12,8,0,Good,Medium (Sandy),Dry,2.1,0,4.15,False,DUMP
1565,WS-011,2026-09-23T08:00:00,33.2,58,12,60.7,20.8,79.5,46.3,20,1,12,8,0,Good,Medium (Sandy),Dry,2.1,0,4.16,False,RETURN
1566,WS-011,2026-09-23T08:00:00,33.2,58,12,60.7,20.7,79.4,45.6,20,1,12,8,0,Good,Medium (Sandy),Dry,2.5,0,4.15,False,ACQUIRE
1567,WS-011,2026-09-23T08:00:00,33.2,58,12,60.7,22.5,80.6,74.6,65,1,12,8,0,Good,Medium (Sandy),Dry,2.8,0,4.5,False,LIFT
1568,WS-011,2026-09-23T08:00:00,33.9,58,12,60.7,22.6,81.0,77.2,65,1,12,8,0,Good,Medium (Sandy),Dry,2.5,0,4.53,False,SWING
1569,WS-011,2026-09-23T08:00:00,32.7,58,12,60.6,20.8,79.2,46.8,20,1,12,8,0,Good,Medium (Sandy),Dry,2.5,0,4.16,False,DUMP
1570,WS-011,2026-09-23T08:00:00,33.4,58,12,60.6,20.8,79.6,46.6,20,1,12,8,0,Good,Medium (Sandy),Dry,3.8,0,4.16,False,RETURN
1571,WS-011,2026-09-23T08:00:00,32.8,58,12,60.6,21.0,79.4,49.7,20,1,12,8,0,Good,Medium (Sandy),Dry,2.1,0,4.2,False,ACQUIRE
1572,WS-011,2026-09-23T08:00:00,33.6,58,12,60.6,22.3,80.7,71.7,65,1,12,8,0,Good,Medium (Sandy),Dry,3.2,0,4.46,False,LIFT
1573,WS-011,2026-09-23T08:00:00,33.1,58,12,60.6,22.4,80.5,73.0,65,1,12,8,0,Good,Medium (Sandy),Dry,2.9,0,4.48,False,SWING
1574,WS-011,2026-09-23T08:00:00,33.2,58,12,60.5,20.9,79.5,47.9,20,1,12,8,0,Good,Medium (Sandy),Dry,2.5,0,4.17,False,DUMP
1575,WS-011,2026-09-23T08:00:00,33.6,58,12,60.5,20.7,79.6,45.3,20,1,12,8,0,Good,Medium (Sandy),Dry,3.1,0,4.14,False,RETURN
1576,WS-011,2026-09-23T08:00:00,33.5,58,12,60.5,20.8,79.6,45.9,20,1,12,8,0,Good,Medium (Sandy),Dry,2.9,0,4.15,False,ACQUIRE
1577,WS-011,2026-09-23T08:00:00,33.8,58,12,60.5,22.6,80.9,76.1,65,1,12,8,0,Good,Medium (Sandy),Dry,2.4,0,4.51,False,LIFT
1578,WS-011,2026-09-23T08:00:00,33.6,58,12,60.5,22.3,80.7,71.3,65,1,12,8,0,Good,Medium (Sandy),Dry,3.6,0,4.46,False,SWING
1579,WS-011,2026-09-23T08:00:00,34.9,58,12,60.4,21.1,80.5,52.2,20,1,12,8,0,Good,Medium (Sandy),Dry,3.2,0,4.23,False,DUMP
1580,WS-011,2026-09-23T08:00:00,34.1,58,12,60.4,20.8,79.9,46.8,20,1,12,8,0,Good,Medium (Sandy),Dry,2.8,0,4.16,False,RETURN
1581,WS-011,2026-09-23T08:00:00,34.0,58,12,60.4,21.1,80.1,51.9,20,1,12,8,0,Good,Medium (Sandy),Dry,2.4,0,4.22,True,ACQUIRE
1582,WS-011,2026-09-23T08:00:00,33.9,58,12,60.4,22.4,80.9,73.7,65,1,12,8,0,Good,Medium (Sandy),Dry,2.0,0,4.48,False,LIFT
1583,WS-011,2026-09-23T08:00:00,33.8,58,12,60.4,22.6,81.0,77.0,65,1,12,8,0,Good,Medium (Sandy),Dry,2.5,0,4.52,False,SWING
1584,WS-011,2026-09-23T08:00:00,33.8,58,12,60.3,20.8,79.8,46.8,20,1,12,8,0,Good,Medium (Sandy),Dry,3.9,0,4.16,False,DUMP
1585,WS-011,2026-09-23T08:00:00,34.7,58,12,60.3,21.1,80.4,52.3,20,1,12,8,0,Good,Medium (Sandy),Dry,3.8,0,4.23,False,RETURN
1586,WS-011,2026-09-23T08:00:00,33.6,58,12,60.3,20.7,79.6,45.4,20,1,6,8,0,Good,Medium (Sandy),Dry,4.0,0,4.14,False,ACQUIRE
1587,WS-011,2026-09-23T08:00:00,34.2,58,12,60.3,22.4,81.1,74.0,65,1,6,8,0,Good,Medium (Sandy),Dry,2.9,0,4.49,False,LIFT
1588,WS-011,2026-09-23T08:00:00,33.5,58,12,60.3,22.6,80.8,76.5,65,1,6,8,0,Good,Medium (Sandy),Dry,3.4,0,4.52,False,SWING
1589,WS-011,2026-09-23T08:00:00,32.8,58,12,60.2,20.9,79.4,49.0,20,1,6,8,0,Good,Medium (Sandy),Dry,2.2,0,4.19,False,DUMP
1590,WS-011,2026-09-23T08:00:00,34.0,58,12,60.2,21.0,80.0,50.5,20,1,6,8,0,Good,Medium (Sandy),Dry,2.8,0,4.21,False,RETURN
1591,WS-011,2026-09-23T08:00:00,32.8,58,12,60.2,20.9,79.3,47.9,20,1,12,8,0,Good,Medium (Sandy),Dry,2.5,0,4.17,False,ACQUIRE
1592,WS-011,2026-09-23T08:00:00,34.3,58,12,60.2,22.2,81.0,70.1,65,1,12,8,0,Good,Medium (Sandy),Dry,3.3,0,4.44,False,LIFT
1593,WS-011,2026-09-23T08:00:00,32.5,58,12,60.2,22.4,80.2,73.7,65,1,12,8,0,Good,Medium (Sandy),Dry,3.1,0,4.48,False,SWING
1594,WS-011,2026-09-23T08:00:00,33.3,58,12,60.1,21.2,79.8,52.8,20,1,12,8,0,Good,Medium (Sandy),Dry,2.9,0,4.23,False,DUMP
1595,WS-011,2026-09-23T08:00:00,32.3,58,12,60.1,21.0,79.2,50.6,20,1,12,8,0,Good,Medium (Sandy),Dry,2.4,0,4.21,False,RETURN
1596,WS-011,2026-09-23T08:00:00,33.7,58,12,60.1,21.0,79.8,50.0,20,1,12,8,0,Good,Medium (Sandy),Dry,3.4,0,4.2,False,ACQUIRE
1597,WS-011,2026-09-23T08:00:00,31.8,58,12,60.1,22.5,79.9,75.0,65,1,12,8,0,Good,Medium (Sandy),Dry,2.8,0,4.5,False,LIFT
1598,WS-011,2026-09-23T08:00:00,33.1,58,12,60.1,22.5,80.5,74.2,65,1,12,8,0,Good,Medium (Sandy),Dry,2.6,0,4.49,False,SWING
1599,WS-011,2026-09-23T08:00:00,33.1,58,12,60.0,21.0,79.6,50.6,20,1,12,8,0,Good,Medium (Sandy),Dry,3.2,0,4.21,False,DUMP
1600,WS-011,2026-09-23T08:00:00,32.7,58,12,60.0,20.8,79.2,46.7,20,1,12,8,0,Good,Medium (Sandy),Dry,3.4,0,4.16,False,RETURN
1601,WS-011,2026-09-23T08:00:00,32.7,58,12,60.0,20.9,79.3,47.7,20,1,12,8,0,Good,Medium (Sandy),Dry,3.9,0,4.17,True,ACQUIRE
1602,WS-011,2026-09-23T08:00:00,32.4,58,12,60.0,22.6,80.3,77.3,65,1,12,8,0,Good,Medium (Sandy),Dry,2.7,0,4.53,False,LIFT
1603,WS-011,2026-09-23T08:00:00,31.4,58,12,60.0,22.4,79.6,73.1,65,1,12,8,0,Good,Medium (Sandy),Dry,2.9,0,4.48,False,SWING
1604,WS-011,2026-09-23T08:00:00,31.3,58,12,59.9,20.9,78.6,47.9,20,1,12,8,0,Good,Medium (Sandy),Dry,3.3,0,4.17,False,DUMP
1605,WS-011,2026-09-23T08:00:00,32.6,58,12,59.9,21.0,79.3,49.5,20,1,12,8,0,Good,Medium (Sandy),Dry,3.5,0,4.19,False,RETURN
1606,WS-011,2026-09-23T08:00:00,31.4,58,12,59.9,20.9,78.6,47.7,20,1,12,8,0,Good,Medium (Sandy),Dry,3.1,0,4.17,False,ACQUIRE
1607,WS-011,2026-09-23T08:00:00,32.4,58,12,59.9,22.6,80.2,75.9,65,1,12,8,0,Good,Medium (Sandy),Dry,3.5,0,4.51,False,LIFT
1608,WS-011,2026-09-23T08:00:00,32.8,58,12,59.9,22.5,80.4,75.6,65,1,12,8,0,Good,Medium (Sandy),Dry,3.5,0,4.51,False,SWING
1609,WS-011,2026-09-23T08:00:00,32.5,58,12,59.8,20.9,79.2,47.6,20,1,12,8,0,Good,Medium (Sandy),Dry,3.8,0,4.17,False,DUMP
1610,WS-011,2026-09-23T08:00:00,32.0,58,12,59.8,20.9,78.9,48.4,20,1,12,8,0,Good,Medium (Sandy),Dry,2.1,0,4.18,False,RETURN
1611,WS-011,2026-09-23T08:00:00,31.7,58,12,59.8,20.9,78.8,48.6,20,1,12,8,0,Good,Medium (Sandy),Dry,3.0,0,4.18,False,ACQUIRE
1612,WS-011,2026-09-23T08:00:00,32.7,58,12,59.8,22.4,80.3,73.8,65,1,12,8,0,Good,Medium (Sandy),Dry,3.1,0,4.49,False,LIFT
1613,WS-011,2026-09-23T08:00:00,32.7,58,12,59.8,22.6,80.4,77.2,65,1,12,8,0,Good,Medium (Sandy),Dry,2.9,0,4.53,False,SWING
1614,WS-011,2026-09-23T08:00:00,31.8,58,12,59.7,21.0,78.9,50.4,20,1,12,8,0,Good,Medium (Sandy),Dry,3.4,0,4.2,False,DUMP
1615,WS-011,2026-09-23T08:00:00,33.0,58,12,59.7,21.1,79.6,52.1,20,1,12,8,0,Good,Medium (Sandy),Dry,2.4,0,4.23,False,RETURN
1616,WS-011,2026-09-23T08:00:00,32.9,58,12,59.7,20.7,79.3,45.7,20,1,6,8,0,Good,Medium (Sandy),Dry,2.8,0,4.15,False,ACQUIRE
1617,WS-011,2026-09-23T08:00:00,31.5,58,12,59.7,22.7,79.9,77.7,65,1,6,8,0,Good,Medium (Sandy),Dry,2.2,0,4.53,False,LIFT
1618,WS-011,2026-09-23T08:00:00,31.6,58,12,59.7,22.3,79.6,70.9,65,1,6,8,0,Good,Medium (Sandy),Dry,2.3,0,4.45,False,SWING
1619,WS-011,2026-09-23T08:00:00,31.6,58,12,59.6,20.8,78.7,46.6,20,1,6,8,0,Good,Medium (Sandy),Dry,3.9,0,4.16,False,DUMP
1620,WS-011,2026-09-23T08:00:00,31.4,58,12,59.6,20.9,78.6,48.3,20,1,6,8,0,Good,Medium (Sandy),Dry,3.4,3,4.18,False,RETURN
1621,WS-011,2026-09-23T08:00:00,33.3,58,12,59.6,20.9,79.6,48.8,20,1,12,8,0,Good,Medium (Sandy),Dry,2.8,0,4.19,True,ACQUIRE
1622,WS-011,2026-09-23T08:00:00,33.0,58,12,59.6,22.2,80.3,70.2,65,1,12,8,0,Good,Medium (Sandy),Dry,2.4,0,4.44,False,LIFT
1623,WS-011,2026-09-23T08:00:00,31.7,58,12,59.6,22.6,79.9,76.4,65,1,12,8,0,Good,Medium (Sandy),Dry,3.7,0,4.52,False,SWING
1624,WS-011,2026-09-23T08:00:00,32.8,58,12,59.5,20.9,79.3,47.7,20,1,12,8,0,Good,Medium (Sandy),Dry,3.2,0,4.17,False,DUMP
1625,WS-011,2026-09-23T08:00:00,33.1,58,12,59.5,21.1,79.6,51.3,20,1,12,8,0,Good,Medium (Sandy),Dry,3.0,0,4.22,False,RETURN
1626,WS-011,2026-09-23T08:00:00,33.3,58,12,59.5,21.0,79.6,49.2,20,1,12,8,0,Good,Medium (Sandy),Dry,3.1,0,4.19,False,ACQUIRE
1627,WS-011,2026-09-23T08:00:00,32.9,58,12,59.5,22.5,80.4,74.5,65,1,12,8,0,Good,Medium (Sandy),Dry,3.8,0,4.49,False,LIFT
1628,WS-011,2026-09-23T08:00:00,32.7,58,12,59.5,22.6,80.4,76.3,65,1,12,8,0,Good,Medium (Sandy),Dry,2.5,0,4.52,False,SWING
1629,WS-011,2026-09-23T08:00:00,33.0,58,12,59.4,20.8,79.4,47.3,20,1,12,8,0,Good,Medium (Sandy),Dry,3.7,0,4.17,False,DUMP
1630,WS-011,2026-09-23T08:00:00,32.6,58,12,59.4,20.8,79.2,47.3,20,1,12,8,0,Good,Medium (Sandy),Dry,3.9,0,4.17,False,RETURN
1631,WS-011,2026-09-23T08:00:00,33.7,58,12,59.4,20.8,79.7,46.3,20,1,12,8,0,Good,Medium (Sandy),Dry,3.1,0,4.16,False,ACQUIRE
1632,WS-011,2026-09-23T08:00:00,32.9,58,12,59.4,22.3,80.3,71.4,65,1,12,8,0,Good,Medium (Sandy),Dry,3.4,0,4.46,False,LIFT
1633,WS-011,2026-09-23T08:00:00,34.4,58,12,59.4,22.6,81.3,76.4,65,1,12,8,0,Good,Medium (Sandy),Dry,2.3,0,4.52,False,SWING
1634,WS-011,2026-09-23T08:00:00,32.9,58,12,59.3,21.2,79.6,53.0,20,1,12,8,0,Good,Medium (Sandy),Dry,3.1,0,4.24,False,DUMP
1635,WS-011,2026-09-23T08:00:00,33.6,58,12,59.3,20.9,79.7,48.0,20,1,12,8,0,Good,Medium (Sandy),Dry,2.4,0,4.18,False,RETURN
1636,WS-011,2026-09-23T08:00:00,34.2,58,12,59.3,21.0,80.1,50.3,20,1,12,8,0,Good,Medium (Sandy),Dry,4.0,0,4.2,False,ACQUIRE
1637,WS-011,2026-09-23T08:00:00,33.2,58,12,59.3,22.4,80.5,73.6,65,1,12,8,0,Good,Medium (Sandy),Dry,4.0,0,4.48,False,LIFT
1638,WS-011,2026-09-23T08:00:00,34.0,58,12,59.3,22.3,80.8,71.0,65,1,12,8,0,Good,Medium (Sandy),Dry,2.0,0,4.45,False,SWING
1639,WS-011,2026-09-23T08:00:00,34.8,58,12,59.2,21.1,80.4,51.1,20,1,12,8,0,Good,Medium (Sandy),Dry,3.9,0,4.21,False,DUMP
1640,WS-011,2026-09-23T08:00:00,34.8,58,12,59.2,20.8,80.2,46.2,20,1,12,8,0,Good,Medium (Sandy),Dry,3.9,0,4.15,False,RETURN
1641,WS-011,2026-09-23T08:00:00,34.1,58,12,59.2,20.9,80.0,49.1,20,1,12,8,0,Good,Medium (Sandy),Dry,3.3,0,4.19,True,ACQUIRE
1642,WS-011,2026-09-23T08:00:00,33.6,58,12,59.2,22.6,80.9,77.2,65,1,12,8,0,Good,Medium (Sandy),Dry,3.9,0,4.53,False,LIFT
1643,WS-011,2026-09-23T08:00:00,34.5,58,12,59.2,22.7,81.4,78.0,65,1,12,8,0,Good,Medium (Sandy),Dry,3.3,0,4.54,False,SWING
1644,WS-011,2026-09-23T08:00:00,34.6,58,12,59.1,21.0,80.3,50.8,20,1,12,8,0,Good,Medium (Sandy),Dry,3.8,0,4.21,False,DUMP
1645,WS-011,2026-09-23T08:00:00,33.6,58,12,59.1,20.8,79.6,45.9,20,1,12,8,0,Good,Medium (Sandy),Dry,3.0,0,4.15,False,RETURN
1646,WS-011,2026-09-23T08:00:00,33.0,58,12,59.1,21.0,79.5,50.4,20,1,6,8,0,Good,Medium (Sandy),Dry,2.2,0,4.2,False,ACQUIRE
1647,WS-011,2026-09-23T08:00:00,32.9,58,12,59.1,22.5,80.4,74.9,65,1,6,8,0,Good,Medium (Sandy),Dry,2.4,0,4.5,False,LIFT
1648,WS-011,2026-09-23T08:00:00,33.6,58,12,59.1,22.4,80.7,72.6,65,1,6,8,0,Good,Medium (Sandy),Dry,3.2,0,4.47,False,SWING
1649,WS-011,2026-09-23T08:00:00,33.2,58,12,59.0,21.0,79.6,49.2,20,1,6,8,0,Good,Medium (Sandy),Dry,3.6,0,4.19,False,DUMP
1650,WS-011,2026-09-23T08:00:00,34.3,58,12,59.0,20.8,80.0,46.6,20,1,6,8,0,Good,Medium (Sandy),Dry,2.2,0,4.16,False,RETURN
1651,WS-012,2026-09-23T08:00:00,32.9,58,12,62.0,20.9,79.4,48.1,20,1,12,8,0,Good,Medium (Sandy),Dry,2.0,0,4.18,False,ACQUIRE
1652,WS-012,2026-09-23T08:00:00,32.8,58,12,62.0,22.4,80.3,72.5,65,1,12,8,0,Good,Medium (Sandy),Dry,2.9,0,4.47,False,LIFT
1653,WS-012,2026-09-23T08:00:00,33.3,58,12,62.0,22.3,80.5,71.7,65,1,12,8,0,Good,Medium (Sandy),Dry,3.8,0,4.46,False,SWING
1654,WS-012,2026-09-23T08:00:00,33.8,58,12,61.9,20.9,79.8,48.3,20,1,12,8,0,Good,Medium (Sandy),Dry,2.9,0,4.18,False,DUMP
1655,WS-012,2026-09-23T08:00:00,32.7,58,12,61.9,21.0,79.4,50.8,20,1,12,8,0,Good,Medium (Sandy),Dry,3.8,0,4.21,False,RETURN
1656,WS-012,2026-09-23T08:00:00,33.9,58,12,61.9,20.9,79.9,48.3,20,1,12,8,0,Good,Medium (Sandy),Dry,3.7,0,4.18,False,ACQUIRE
1657,WS-012,2026-09-23T08:00:00,33.8,58,12,61.9,22.3,80.7,71.1,65,1,12,8,0,Good,Medium (Sandy),Dry,2.6,0,4.45,False,LIFT
1658,WS-012,2026-09-23T08:00:00,34.6,58,12,61.9,22.5,81.3,74.2,65,1,12,8,0,Good,Medium (Sandy),Dry,2.7,0,4.49,False,SWING
1659,WS-012,2026-09-23T08:00:00,34.6,58,12,61.8,21.0,80.3,49.7,20,1,12,8,0,Good,Medium (Sandy),Dry,2.8,0,4.2,False,DUMP
1660,WS-012,2026-09-23T08:00:00,32.8,58,12,61.8,21.0,79.4,50.1,20,1,12,8,0,Good,Medium (Sandy),Dry,2.5,0,4.2,False,RETURN
1661,WS-012,2026-09-23T08:00:00,33.2,58,12,61.8,20.9,79.5,48.7,20,1,12,8,0,Good,Medium (Sandy),Dry,3.1,0,4.18,True,ACQUIRE
1662,WS-012,2026-09-23T08:00:00,34.7,58,12,61.8,22.3,81.2,71.6,65,1,12,8,0,Good,Medium (Sandy),Dry,3.7,0,4.46,False,LIFT
1663,WS-012,2026-09-23T08:00:00,33.5,58,12,61.8,22.4,80.7,73.9,65,1,12,8,0,Good,Medium (Sandy),Dry,3.6,0,4.49,False,SWING
1664,WS-012,2026-09-23T08:00:00,33.6,58,12,61.7,21.0,79.8,49.7,20,1,12,8,0,Good,Medium (Sandy),Dry,3.0,0,4.2,False,DUMP
1665,WS-012,2026-09-23T08:00:00,34.5,58,12,61.7,20.8,80.1,46.8,20,1,12,8,0,Good,Medium (Sandy),Dry,3.6,0,4.16,False,RETURN
1666,WS-012,2026-09-23T08:00:00,33.3,58,12,61.7,20.8,79.5,47.4,20,1,12,8,0,Good,Medium (Sandy),Dry,3.3,0,4.17,False,ACQUIRE
1667,WS-012,2026-09-23T08:00:00,34.3,58,12,61.7,22.3,81.0,71.0,65,1,12,8,0,Good,Medium (Sandy),Dry,3.3,0,4.45,False,LIFT
1668,WS-012,2026-09-23T08:00:00,33.6,58,12,61.7,22.3,80.7,71.4,65,1,12,8,0,Good,Medium (Sandy),Dry,3.8,0,4.46,False,SWING
1669,WS-012,2026-09-23T08:00:00,34.3,58,12,61.6,20.7,80.0,45.2,20,1,12,8,0,Good,Medium (Sandy),Dry,3.5,0,4.14,False,DUMP
1670,WS-012,2026-09-23T08:00:00,33.9,58,12,61.6,21.2,80.1,52.8,20,1,12,8,0,Good,Medium (Sandy),Dry,3.2,0,4.23,False,RETURN
1671,WS-012,2026-09-23T08:00:00,33.6,58,12,61.6,20.9,79.8,48.8,20,1,12,8,0,Good,Medium (Sandy),Dry,2.9,0,4.19,False,ACQUIRE
1672,WS-012,2026-09-23T08:00:00,33.4,58,12,61.6,22.5,80.7,75.5,65,1,12,8,0,Good,Medium (Sandy),Dry,3.9,0,4.51,False,LIFT
1673,WS-012,2026-09-23T08:00:00,34.4,58,12,61.6,22.4,81.1,73.0,65,1,12,8,0,Good,Medium (Sandy),Dry,3.5,0,4.48,False,SWING
1674,WS-012,2026-09-23T08:00:00,32.8,58,12,61.5,20.8,79.3,47.1,20,1,12,8,0,Good,Medium (Sandy),Dry,3.2,0,4.17,False,DUMP
1675,WS-012,2026-09-23T08:00:00,33.0,58,12,61.5,20.9,79.4,48.7,20,1,12,8,0,Good,Medium (Sandy),Dry,3.4,0,4.18,False,RETURN
1676,WS-012,2026-09-23T08:00:00,33.3,58,12,61.5,20.7,79.5,45.4,20,1,6,8,0,Good,Medium (Sandy),Dry,2.7,0,4.14,False,ACQUIRE
1677,WS-012,2026-09-23T08:00:00,33.8,58,12,61.5,22.7,81.0,77.6,65,1,6,8,0,Good,Medium (Sandy),Dry,2.1,0,4.53,False,LIFT
1678,WS-012,2026-09-23T08:00:00,33.0,58,12,61.5,22.5,80.5,75.1,65,1,6,8,0,Good,Medium (Sandy),Dry,2.2,0,4.5,False,SWING
1679,WS-012,2026-09-23T08:00:00,32.7,58,12,61.4,21.0,79.3,50.0,20,1,6,8,0,Good,Medium (Sandy),Dry,3.5,0,4.2,False,DUMP
1680,WS-012,2026-09-23T08:00:00,33.4,58,12,61.4,20.8,79.6,46.3,20,1,6,8,0,Good,Medium (Sandy),Dry,2.6,0,4.16,False,RETURN
1681,WS-012,2026-09-23T08:00:00,32.8,58,12,61.4,21.1,79.5,51.8,20,1,12,8,0,Good,Medium (Sandy),Dry,3.6,0,4.22,True,ACQUIRE
1682,WS-012,2026-09-23T08:00:00,32.6,58,12,61.4,22.5,80.3,75.6,65,1,12,8,0,Good,Medium (Sandy),Dry,2.7,0,4.51,False,LIFT
1683,WS-012,2026-09-23T08:00:00,33.0,58,12,61.4,22.4,80.4,72.8,65,1,12,8,0,Good,Medium (Sandy),Dry,2.3,0,4.47,False,SWING
1684,WS-012,2026-09-23T08:00:00,32.1,58,12,61.3,20.8,78.9,47.3,20,1,12,8,0,Good,Medium (Sandy),Dry,3.6,0,4.17,False,DUMP
1685,WS-012,2026-09-23T08:00:00,32.6,58,12,61.3,21.1,79.4,52.4,20,1,12,8,0,Good,Medium (Sandy),Dry,2.3,3,4.23,False,RETURN
1686,WS-012,2026-09-23T08:00:00,32.1,58,12,61.3,20.9,79.0,49.0,20,1,12,8,0,Good,Medium (Sandy),Dry,3.7,0,4.19,False,ACQUIRE
1687,WS-012,2026-09-23T08:00:00,33.1,58,12,61.3,22.5,80.5,74.5,65,1,12,8,0,Good,Medium (Sandy),Dry,3.4,0,4.49,False,LIFT
1688,WS-012,2026-09-23T08:00:00,33.4,58,12,61.3,22.6,80.8,76.8,65,1,12,8,0,Good,Medium (Sandy),Dry,3.4,0,4.52,False,SWING
1689,WS-012,2026-09-23T08:00:00,32.8,58,12,61.2,21.1,79.5,51.4,20,1,12,8,0,Good,Medium (Sandy),Dry,2.8,0,4.22,False,DUMP
1690,WS-012,2026-09-23T08:00:00,33.1,58,12,61.2,20.8,79.4,45.9,20,1,12,8,0,Good,Medium (Sandy),Dry,2.3,0,4.15,False,RETURN
1691,WS-012,2026-09-23T08:00:00,31.3,58,12,61.2,20.9,78.6,47.8,20,1,12,8,0,Good,Medium (Sandy),Dry,3.4,0,4.17,False,ACQUIRE
1692,WS-012,2026-09-23T08:00:00,31.5,58,12,61.2,22.4,79.7,73.5,65,1,12,8,0,Good,Medium (Sandy),Dry,4.0,0,4.48,False,LIFT
1693,WS-012,2026-09-23T08:00:00,32.2,58,12,61.2,22.7,80.2,77.8,65,1,12,8,0,Good,Medium (Sandy),Dry,2.3,0,4.53,False,SWING
1694,WS-012,2026-09-23T08:00:00,31.7,58,12,61.1,21.1,78.9,51.0,20,1,12,8,0,Good,Medium (Sandy),Dry,2.2,0,4.21,False,DUMP
1695,WS-012,2026-09-23T08:00:00,31.3,58,12,61.1,21.0,78.7,50.6,20,1,12,8,0,Good,Medium (Sandy),Dry,3.4,0,4.21,False,RETURN
1696,WS-012,2026-09-23T08:00:00,31.6,58,12,61.1,20.8,78.7,46.7,20,1,12,8,0,Good,Medium (Sandy),Dry,4.0,0,4.16,False,ACQUIRE
1697,WS-012,2026-09-23T08:00:00,31.9,58,12,61.1,22.6,80.0,76.1,65,1,12,8,0,Good,Medium (Sandy),Dry,2.2,0,4.51,False,LIFT
1698,WS-012,2026-09-23T08:00:00,31.0,58,12,61.1,22.4,79.5,73.9,65,1,12,8,0,Good,Medium (Sandy),Dry,2.9,0,4.49,False,SWING
1699,WS-012,2026-09-23T08:00:00,31.4,58,12,61.0,20.7,78.5,45.3,20,1,12,8,0,Good,Medium (Sandy),Dry,3.3,0,4.14,False,DUMP
1700,WS-012,2026-09-23T08:00:00,32.2,58,12,61.0,20.9,79.1,48.8,20,1,12,8,0,Good,Medium (Sandy),Dry,3.8,0,4.19,False,RETURN
1701,WS-012,2026-09-23T08:00:00,31.1,58,12,61.0,20.8,78.4,47.4,20,1,12,8,0,Good,Medium (Sandy),Dry,2.0,0,4.17,True,ACQUIRE
1702,WS-012,2026-09-23T08:00:00,31.3,58,12,61.0,22.3,79.5,71.0,65,1,12,8,0,Good,Medium (Sandy),Dry,3.2,0,4.45,False,LIFT
1703,WS-012,2026-09-23T08:00:00,32.3,58,12,61.0,22.3,80.0,71.6,65,1,12,8,0,Good,Medium (Sandy),Dry,3.3,0,4.46,False,SWING
1704,WS-012,2026-09-23T08:00:00,31.2,58,12,60.9,20.8,78.4,46.2,20,1,12,8,0,Good,Medium (Sandy),Dry,3.5,0,4.15,False,DUMP
1705,WS-012,2026-09-23T08:00:00,31.8,58,12,60.9,21.0,78.9,49.6,20,1,12,8,0,Good,Medium (Sandy),Dry,2.7,0,4.2,False,RETURN
1706,WS-012,2026-09-23T08:00:00,33.0,58,12,60.9,21.1,79.5,51.2,20,1,6,8,0,Good,Medium (Sandy),Dry,3.2,0,4.21,False,ACQUIRE
1707,WS-012,2026-09-23T08:00:00,32.4,58,12,60.9,22.2,80.0,70.5,65,1,6,8,0,Good,Medium (Sandy),Dry,3.6,0,4.45,False,LIFT
1708,WS-012,2026-09-23T08:00:00,33.0,58,12,60.9,22.5,80.5,74.2,65,1,6,8,0,Good,Medium (Sandy),Dry,3.4,0,4.49,False,SWING
1709,WS-012,2026-09-23T08:00:00,33.5,58,12,60.8,20.8,79.6,46.4,20,1,6,8,0,Good,Medium (Sandy),Dry,3.5,0,4.16,False,DUMP
1710,WS-012,2026-09-23T08:00:00,31.6,58,12,60.8,21.0,78.8,50.8,20,1,6,8,0,Good,Medium (Sandy),Dry,3.8,0,4.21,False,RETURN
1711,WS-012,2026-09-23T08:00:00,33.6,58,12,60.8,21.1,79.9,51.8,20,1,12,8,0,Good,Medium (Sandy),Dry,2.9,0,4.22,False,ACQUIRE
1712,WS-012,2026-09-23T08:00:00,33.2,58,12,60.8,22.3,80.5,71.5,65,1,12,8,0,Good,Medium (Sandy),Dry,3.3,0,4.46,False,LIFT
1713,WS-012,2026-09-23T08:00:00,32.1,58,12,60.8,22.6,80.1,76.7,65,1,12,8,0,Good,Medium (Sandy),Dry,4.0,0,4.52,False,SWING
1714,WS-012,2026-09-23T08:00:00,32.9,58,12,60.7,20.9,79.4,49.1,20,1,12,8,0,Good,Medium (Sandy),Dry,2.8,0,4.19,False,DUMP
1715,WS-012,2026-09-23T08:00:00,33.6,58,12,60.7,20.9,79.7,47.5,20,1,12,8,0,Good,Medium (Sandy),Dry,2.9,0,4.17,False,RETURN
1716,WS-012,2026-09-23T08:00:00,33.3,58,12,60.7,20.9,79.6,49.0,20,1,12,8,0,Good,Medium (Sandy),Dry,2.7,0,4.19,False,ACQUIRE
1717,WS-012,2026-09-23T08:00:00,32.9,58,12,60.7,22.5,80.5,75.8,65,1,12,8,0,Good,Medium (Sandy),Dry,2.2,0,4.51,False,LIFT
1718,WS-012,2026-09-23T08:00:00,33.4,58,12,60.7,22.4,80.6,73.1,65,1,12,8,0,Good,Medium (Sandy),Dry,2.9,0,4.48,False,SWING
1719,WS-012,2026-09-23T08:00:00,34.0,58,12,60.6,21.0,80.0,50.5,20,1,12,8,0,Good,Medium (Sandy),Dry,3.7,0,4.21,False,DUMP
1720,WS-012,2026-09-23T08:00:00,33.0,58,12,60.6,20.9,79.4,48.3,20,1,12,8,0,Good,Medium (Sandy),Dry,4.0,0,4.18,False,RETURN
1721,WS-012,2026-09-23T08:00:00,33.5,58,12,60.6,21.1,79.8,51.9,20,1,12,8,0,Good,Medium (Sandy),Dry,3.8,0,4.22,True,ACQUIRE
1722,WS-012,2026-09-23T08:00:00,34.3,58,12,60.6,22.6,81.2,77.5,65,1,12,8,0,Good,Medium (Sandy),Dry,2.7,0,4.53,False,LIFT
1723,WS-012,2026-09-23T08:00:00,32.8,58,12,60.6,22.5,80.4,75.4,65,1,12,8,0,Good,Medium (Sandy),Dry,3.3,0,4.5,False,SWING
1724,WS-012,2026-09-23T08:00:00,33.6,58,12,60.5,21.0,79.8,49.2,20,1,12,8,0,Good,Medium (Sandy),Dry,3.4,0,4.19,False,DUMP
1725,WS-012,2026-09-23T08:00:00,33.1,58,12,60.5,20.9,79.5,48.2,20,1,12,8,0,Good,Medium (Sandy),Dry,3.4,0,4.18,False,RETURN
1726,WS-012,2026-09-23T08:00:00,34.9,58,12,60.5,21.1,80.5,50.9,20,1,12,8,0,Good,Medium (Sandy),Dry,3.8,0,4.21,False,ACQUIRE
1727,WS-012,2026-09-23T08:00:00,33.3,58,12,60.5,22.4,80.6,72.9,65,1,12,8,0,Good,Medium (Sandy),Dry,2.4,0,4.47,False,LIFT
1728,WS-012,2026-09-23T08:00:00,33.4,58,12,60.5,22.6,80.8,76.8,65,1,12,8,0,Good,Medium (Sandy),Dry,2.8,0,4.52,False,SWING
1729,WS-012,2026-09-23T08:00:00,33.5,58,12,60.4,20.9,79.7,48.4,20,1,12,8,0,Good,Medium (Sandy),Dry,3.0,0,4.18,False,DUMP
1730,WS-012,2026-09-23T08:00:00,34.5,58,12,60.4,21.1,80.3,51.1,20,1,12,8,0,Good,Medium (Sandy),Dry,3.2,0,4.21,False,RETURN
1731,WS-012,2026-09-23T08:00:00,34.5,58,12,60.4,21.1,80.3,51.4,20,1,12,8,0,Good,Medium (Sandy),Dry,3.9,0,4.22,False,ACQUIRE
1732,WS-012,2026-09-23T08:00:00,33.7,58,12,60.4,22.5,80.9,75.3,65,1,12,8,0,Good,Medium (Sandy),Dry,3.9,0,4.5,False,LIFT
1733,WS-012,2026-09-23T08:00:00,34.9,58,12,60.4,22.4,81.4,74.1,65,1,12,8,0,Good,Medium (Sandy),Dry,2.3,0,4.49,False,SWING
1734,WS-012,2026-09-23T08:00:00,33.8,58,12,60.3,20.8,79.7,46.0,20,1,12,8,0,Good,Medium (Sandy),Dry,3.0,0,4.15,False,DUMP
1735,WS-012,2026-09-23T08:00:00,33.3,58,12,60.3,21.1,79.8,52.5,20,1,12,8,0,Good,Medium (Sandy),Dry,2.1,0,4.23,False,RETURN
1736,WS-012,2026-09-23T08:00:00,34.3,58,12,60.3,21.1,80.2,51.6,20,1,6,8,0,Good,Medium (Sandy),Dry,3.0,0,4.22,False,ACQUIRE
1737,WS-012,2026-09-23T08:00:00,32.8,58,12,60.3,22.3,80.3,71.4,65,1,6,8,0,Good,Medium (Sandy),Dry,3.2,0,4.46,False,LIFT
1738,WS-012,2026-09-23T08:00:00,33.3,58,12,60.3,22.3,80.5,72.4,65,1,6,8,0,Good,Medium (Sandy),Dry,3.2,0,4.47,False,SWING
1739,WS-012,2026-09-23T08:00:00,34.1,58,12,60.2,21.0,80.1,50.3,20,1,6,8,0,Good,Medium (Sandy),Dry,3.0,0,4.2,False,DUMP
1740,WS-012,2026-09-23T08:00:00,33.5,58,12,60.2,20.9,79.7,48.7,20,1,6,8,0,Good,Medium (Sandy),Dry,2.6,0,4.18,False,RETURN
1741,WS-012,2026-09-23T08:00:00,33.4,58,12,60.2,20.9,79.7,49.0,20,1,12,8,0,Good,Medium (Sandy),Dry,3.1,0,4.19,True,ACQUIRE
1742,WS-012,2026-09-23T08:00:00,33.9,58,12,60.2,22.5,80.9,74.3,65,1,12,8,0,Good,Medium (Sandy),Dry,2.0,0,4.49,False,LIFT
1743,WS-012,2026-09-23T08:00:00,33.8,58,12,60.2,22.7,81.0,77.9,65,1,12,8,0,Good,Medium (Sandy),Dry,3.8,0,4.53,False,SWING
1744,WS-012,2026-09-23T08:00:00,32.4,58,12,60.1,20.9,79.1,48.6,20,1,12,8,0,Good,Medium (Sandy),Dry,3.7,0,4.18,False,DUMP
1745,WS-012,2026-09-23T08:00:00,32.9,58,12,60.1,20.7,79.3,45.3,20,1,12,8,0,Good,Medium (Sandy),Dry,2.4,0,4.14,False,RETURN
1746,WS-012,2026-09-23T08:00:00,33.2,58,12,60.1,21.1,79.6,51.2,20,1,12,8,0,Good,Medium (Sandy),Dry,3.8,0,4.21,False,ACQUIRE
1747,WS-012,2026-09-23T08:00:00,32.2,58,12,60.1,22.4,80.0,73.4,65,1,12,8,0,Good,Medium (Sandy),Dry,2.6,0,4.48,False,LIFT
1748,WS-012,2026-09-23T08:00:00,32.5,58,12,60.1,22.6,80.3,76.1,65,1,12,8,0,Good,Medium (Sandy),Dry,3.1,0,4.51,False,SWING
1749,WS-012,2026-09-23T08:00:00,32.6,58,12,60.0,21.0,79.3,49.4,20,1,12,8,0,Good,Medium (Sandy),Dry,3.1,0,4.19,False,DUMP
1750,WS-012,2026-09-23T08:00:00,32.5,58,12,60.0,21.0,79.2,49.5,20,1,12,8,0,Good,Medium (Sandy),Dry,2.3,0,4.19,False,RETURN
1751,WS-012,2026-09-23T08:00:00,31.6,58,12,60.0,20.8,78.7,47.1,20,1,12,8,0,Good,Medium (Sandy),Dry,3.2,0,4.17,False,ACQUIRE
1752,WS-012,2026-09-23T08:00:00,32.1,58,12,60.0,22.5,80.1,75.4,65,1,12,8,0,Good,Medium (Sandy),Dry,3.5,0,4.5,False,LIFT
1753,WS-012,2026-09-23T08:00:00,31.9,58,12,60.0,22.2,79.8,70.5,65,1,12,8,0,Good,Medium (Sandy),Dry,3.2,0,4.45,False,SWING
1754,WS-012,2026-09-23T08:00:00,31.5,58,12,59.9,20.9,78.7,47.9,20,1,12,8,0,Good,Medium (Sandy),Dry,3.6,0,4.17,False,DUMP
1755,WS-012,2026-09-23T08:00:00,32.3,58,12,59.9,21.1,79.2,51.1,20,1,12,8,0,Good,Medium (Sandy),Dry,3.3,0,4.21,False,RETURN
1756,WS-012,2026-09-23T08:00:00,31.9,58,12,59.9,20.9,78.9,48.4,20,1,12,8,0,Good,Medium (Sandy),Dry,4.0,0,4.18,False,ACQUIRE
1757,WS-012,2026-09-23T08:00:00,31.9,58,12,59.9,22.2,79.8,70.5,65,1,12,8,0,Good,Medium (Sandy),Dry,2.5,0,4.45,False,LIFT
1758,WS-012,2026-09-23T08:00:00,31.5,58,12,59.9,22.4,79.7,72.5,65,1,12,8,0,Good,Medium (Sandy),Dry,2.2,0,4.47,False,SWING
1759,WS-012,2026-09-23T08:00:00,32.4,58,12,59.8,21.1,79.3,52.0,20,1,12,8,0,Good,Medium (Sandy),Dry,2.2,0,4.22,False,DUMP
1760,WS-012,2026-09-23T08:00:00,31.3,58,12,59.8,21.0,78.6,49.3,20,1,12,8,0,Good,Medium (Sandy),Dry,2.1,0,4.19,False,RETURN
1761,WS-012,2026-09-23T08:00:00,32.3,58,12,59.8,20.9,79.1,48.4,20,1,12,8,0,Good,Medium (Sandy),Dry,3.0,0,4.18,True,ACQUIRE
1762,WS-012,2026-09-23T08:00:00,31.8,58,12,59.8,22.2,79.7,70.2,65,1,12,8,0,Good,Medium (Sandy),Dry,2.9,0,4.44,False,LIFT
1763,WS-012,2026-09-23T08:00:00,31.1,58,12,59.8,22.4,79.5,72.5,65,1,12,8,0,Good,Medium (Sandy),Dry,3.1,0,4.47,False,SWING
1764,WS-012,2026-09-23T08:00:00,31.7,58,12,59.7,20.7,78.7,45.8,20,1,12,8,0,Good,Medium (Sandy),Dry,3.0,0,4.15,False,DUMP
1765,WS-012,2026-09-23T08:00:00,32.5,58,12,59.7,20.8,79.1,46.6,20,1,12,8,0,Good,Medium (Sandy),Dry,3.0,0,4.16,False,RETURN
1766,WS-012,2026-09-23T08:00:00,32.7,58,12,59.7,21.0,79.4,50.3,20,1,6,8,0,Good,Medium (Sandy),Dry,2.3,0,4.2,False,ACQUIRE
1767,WS-012,2026-09-23T08:00:00,31.8,58,12,59.7,22.7,80.0,77.8,65,1,6,8,0,Good,Medium (Sandy),Dry,2.4,0,4.53,False,LIFT
1768,WS-012,2026-09-23T08:00:00,32.5,58,12,59.7,22.7,80.4,77.8,65,1,6,8,0,Good,Medium (Sandy),Dry,2.2,0,4.53,False,SWING
1769,WS-012,2026-09-23T08:00:00,33.0,58,12,59.6,20.8,79.4,46.7,20,1,6,8,0,Good,Medium (Sandy),Dry,2.5,0,4.16,False,DUMP
1770,WS-012,2026-09-23T08:00:00,32.0,58,12,59.6,21.0,79.0,49.6,20,1,6,8,0,Good,Medium (Sandy),Dry,3.6,3,4.2,False,RETURN
1771,WS-012,2026-09-23T08:00:00,32.7,58,12,59.6,21.2,79.5,52.7,20,1,12,8,0,Good,Medium (Sandy),Dry,3.4,0,4.23,False,ACQUIRE
1772,WS-012,2026-09-23T08:00:00,32.7,58,12,59.6,22.5,80.3,74.7,65,1,12,8,0,Good,Medium (Sandy),Dry,2.5,0,4.5,False,LIFT
1773,WS-012,2026-09-23T08:00:00,32.8,58,12,59.6,22.5,80.4,74.2,65,1,12,8,0,Good,Medium (Sandy),Dry,2.9,0,4.49,False,SWING
1774,WS-012,2026-09-23T08:00:00,32.4,58,12,59.5,20.7,79.0,45.6,20,1,12,8,0,Good,Medium (Sandy),Dry,3.6,0,4.15,False,DUMP
1775,WS-012,2026-09-23T08:00:00,32.8,58,12,59.5,20.8,79.3,47.4,20,1,12,8,0,Good,Medium (Sandy),Dry,3.3,0,4.17,False,RETURN
1776,WS-012,2026-09-23T08:00:00,32.6,58,12,59.5,20.9,79.2,48.3,20,1,12,8,0,Good,Medium (Sandy),Dry,2.5,0,4.18,False,ACQUIRE
1777,WS-012,2026-09-23T08:00:00,33.1,58,12,59.5,22.5,80.6,75.4,65,1,12,8,0,Good,Medium (Sandy),Dry,3.1,0,4.5,False,LIFT
1778,WS-012,2026-09-23T08:00:00,33.9,58,12,59.5,22.5,81.0,75.0,65,1,12,8,0,Good,Medium (Sandy),Dry,3.0,0,4.5,False,SWING
1779,WS-012,2026-09-23T08:00:00,32.6,58,12,59.4,20.9,79.3,49.0,20,1,12,8,0,Good,Medium (Sandy),Dry,3.3,0,4.19,False,DUMP
1780,WS-012,2026-09-23T08:00:00,34.0,58,12,59.4,21.1,80.1,52.5,20,1,12,8,0,Good,Medium (Sandy),Dry,2.5,0,4.23,False,RETURN
1781,WS-012,2026-09-23T08:00:00,33.7,58,12,59.4,21.1,79.9,51.5,20,1,12,8,0,Good,Medium (Sandy),Dry,3.7,0,4.22,True,ACQUIRE
1782,WS-012,2026-09-23T08:00:00,34.3,58,12,59.4,22.6,81.2,77.5,65,1,12,8,0,Good,Medium (Sandy),Dry,3.5,0,4.53,False,LIFT
1783,WS-012,2026-09-23T08:00:00,32.7,58,12,59.4,22.3,80.2,71.6,65,1,12,8,0,Good,Medium (Sandy),Dry,2.9,0,4.46,False,SWING
1784,WS-012,2026-09-23T08:00:00,33.2,58,12,59.3,21.1,79.6,51.0,20,1,12,8,0,Good,Medium (Sandy),Dry,3.5,0,4.21,False,DUMP
1785,WS-012,2026-09-23T08:00:00,34.4,58,12,59.3,20.9,80.1,48.3,20,1,12,8,0,Good,Medium (Sandy),Dry,3.7,0,4.18,False,RETURN
1786,WS-012,2026-09-23T08:00:00,34.6,58,12,59.3,21.0,80.3,50.1,20,1,12,8,0,Good,Medium (Sandy),Dry,3.7,0,4.2,False,ACQUIRE
1787,WS-012,2026-09-23T08:00:00,33.4,58,12,59.3,22.3,80.6,72.3,65,1,12,8,0,Good,Medium (Sandy),Dry,2.3,0,4.47,False,LIFT
1788,WS-012,2026-09-23T08:00:00,34.3,58,12,59.3,22.3,81.0,71.9,65,1,12,8,0,Good,Medium (Sandy),Dry,2.5,0,4.46,False,SWING
1789,WS-012,2026-09-23T08:00:00,33.2,58,12,59.2,20.7,79.4,45.2,20,1,12,8,0,Good,Medium (Sandy),Dry,3.6,0,4.14,False,DUMP
1790,WS-012,2026-09-23T08:00:00,33.6,58,12,59.2,20.9,79.8,48.9,20,1,12,8,0,Good,Medium (Sandy),Dry,4.0,0,4.19,False,RETURN
1791,WS-012,2026-09-23T08:00:00,33.8,58,12,59.2,21.1,80.0,52.2,20,1,12,8,0,Good,Medium (Sandy),Dry,2.4,0,4.23,False,ACQUIRE
1792,WS-012,2026-09-23T08:00:00,33.5,58,12,59.2,22.2,80.6,70.2,65,1,12,8,0,Good,Medium (Sandy),Dry,3.6,0,4.44,False,LIFT
1793,WS-012,2026-09-23T08:00:00,33.6,58,12,59.2,22.5,80.8,74.4,65,1,12,8,0,Good,Medium (Sandy),Dry,3.3,0,4.49,False,SWING
1794,WS-012,2026-09-23T08:00:00,33.1,58,12,59.1,21.0,79.6,50.8,20,1,12,8,0,Good,Medium (Sandy),Dry,3.6,0,4.21,False,DUMP
1795,WS-012,2026-09-23T08:00:00,33.1,58,12,59.1,21.1,79.6,52.2,20,1,12,8,0,Good,Medium (Sandy),Dry,2.6,0,4.23,False,RETURN
1796,WS-012,2026-09-23T08:00:00,33.5,58,12,59.1,20.7,79.6,45.5,20,1,6,8,0,Good,Medium (Sandy),Dry,3.9,0,4.15,False,ACQUIRE
1797,WS-012,2026-09-23T08:00:00,34.7,58,12,59.1,22.5,81.4,75.4,65,1,6,8,0,Good,Medium (Sandy),Dry,3.8,0,4.5,False,LIFT
1798,WS-012,2026-09-23T08:00:00,33.6,58,12,59.1,22.6,80.9,76.7,65,1,6,8,0,Good,Medium (Sandy),Dry,3.7,0,4.52,False,SWING
1799,WS-012,2026-09-23T08:00:00,33.3,58,12,59.0,21.0,79.6,49.6,20,1,6,8,0,Good,Medium (Sandy),Dry,3.0,0,4.2,False,DUMP
1800,WS-012,2026-09-23T08:00:00,33.0,58,12,59.0,21.0,79.5,50.3,20,1,6,8,0,Good,Medium (Sandy),Dry,3.2,0,4.2,False,RETURN
1801,WS-013,2026-09-23T08:00:00,32.4,58,12,62.0,20.8,79.0,45.9,20,1,12,8,0,Good,Medium (Sandy),Dry,2.4,0,4.15,True,ACQUIRE
1802,WS-013,2026-09-23T08:00:00,32.6,58,12,62.0,22.4,80.2,73.3,65,1,12,8,0,Good,Medium (Sandy),Dry,3.7,0,4.48,False,LIFT
1803,WS-013,2026-09-23T08:00:00,32.3,58,12,62.0,22.5,80.1,74.3,65,1,12,8,0,Good,Medium (Sandy),Dry,3.4,0,4.49,False,SWING
1804,WS-013,2026-09-23T08:00:00,32.5,58,12,61.9,21.0,79.2,49.4,20,1,12,8,0,Good,Medium (Sandy),Dry,2.9,0,4.19,False,DUMP
1805,WS-013,2026-09-23T08:00:00,32.9,58,12,61.9,20.8,79.3,47.2,20,1,12,8,0,Good,Medium (Sandy),Dry,3.6,0,4.17,False,RETURN
1806,WS-013,2026-09-23T08:00:00,32.8,58,12,61.9,20.9,79.4,48.8,20,1,12,8,0,Good,Medium (Sandy),Dry,2.7,0,4.19,False,ACQUIRE
1807,WS-013,2026-09-23T08:00:00,33.2,58,12,61.9,22.5,80.6,75.2,65,1,12,8,0,Good,Medium (Sandy),Dry,3.8,0,4.5,False,LIFT
1808,WS-013,2026-09-23T08:00:00,32.7,58,12,61.9,22.6,80.4,75.9,65,1,12,8,0,Good,Medium (Sandy),Dry,3.6,0,4.51,False,SWING
1809,WS-013,2026-09-23T08:00:00,32.8,58,12,61.8,21.1,79.5,52.3,20,1,12,8,0,Good,Medium (Sandy),Dry,3.3,0,4.23,False,DUMP
1810,WS-013,2026-09-23T08:00:00,33.3,58,12,61.8,20.9,79.6,48.1,20,1,12,8,0,Good,Medium (Sandy),Dry,3.3,0,4.18,False,RETURN
1811,WS-013,2026-09-23T08:00:00,34.2,58,12,61.8,21.1,80.2,52.2,20,1,12,8,0,Good,Medium (Sandy),Dry,3.4,0,4.23,False,ACQUIRE
1812,WS-013,2026-09-23T08:00:00,34.0,58,12,61.8,22.3,80.9,71.9,65,1,12,8,0,Good,Medium (Sandy),Dry,2.9,0,4.46,False,LIFT
1813,WS-013,2026-09-23T08:00:00,32.9,58,12,61.8,22.7,80.6,77.7,65,1,12,8,0,Good,Medium (Sandy),Dry,3.9,0,4.53,False,SWING
1814,WS-013,2026-09-23T08:00:00,34.8,58,12,61.7,20.8,80.3,47.4,20,1,12,8,0,Good,Medium (Sandy),Dry,3.9,0,4.17,False,DUMP
1815,WS-013,2026-09-23T08:00:00,34.5,58,12,61.7,20.8,80.1,47.4,20,1,12,8,0,Good,Medium (Sandy),Dry,3.7,0,4.17,False,RETURN
1816,WS-013,2026-09-23T08:00:00,33.3,58,12,61.7,20.9,79.6,48.5,20,1,12,8,0,Good,Medium (Sandy),Dry,2.6,0,4.18,False,ACQUIRE
1817,WS-013,2026-09-23T08:00:00,34.6,58,12,61.7,22.5,81.3,75.2,65,1,12,8,0,Good,Medium (Sandy),Dry,3.6,0,4.5,False,LIFT
1818,WS-013,2026-09-23T08:00:00,33.5,58,12,61.7,22.2,80.6,70.6,65,1,12,8,0,Good,Medium (Sandy),Dry,3.6,0,4.45,False,SWING
1819,WS-013,2026-09-23T08:00:00,34.0,58,12,61.6,21.1,80.0,50.9,20,1,12,8,0,Good,Medium (Sandy),Dry,3.9,0,4.21,False,DUMP
1820,WS-013,2026-09-23T08:00:00,33.6,58,12,61.6,20.9,79.7,48.4,20,1,12,8,0,Good,Medium (Sandy),Dry,3.8,0,4.18,False,RETURN
1821,WS-013,2026-09-23T08:00:00,33.1,58,12,61.6,20.8,79.4,46.3,20,1,12,8,0,Good,Medium (Sandy),Dry,2.5,0,4.16,True,ACQUIRE
1822,WS-013,2026-09-23T08:00:00,33.0,58,12,61.6,22.4,80.4,73.4,65,1,12,8,0,Good,Medium (Sandy),Dry,3.5,0,4.48,False,LIFT
1823,WS-013,2026-09-23T08:00:00,33.9,58,12,61.6,22.4,80.9,72.6,65,1,12,8,0,Good,Medium (Sandy),Dry,3.4,0,4.47,False,SWING
1824,WS-013,2026-09-23T08:00:00,34.3,58,12,61.5,21.0,80.2,50.1,20,1,12,8,0,Good,Medium (Sandy),Dry,2.4,0,4.2,False,DUMP
1825,WS-013,2026-09-23T08:00:00,33.6,58,12,61.5,21.0,79.8,50.1,20,1,12,8,0,Good,Medium (Sandy),Dry,2.0,0,4.2,False,RETURN
1826,WS-013,2026-09-23T08:00:00,33.0,58,12,61.5,20.8,79.4,47.4,20,1,6,8,0,Good,Medium (Sandy),Dry,3.2,0,4.17,False,ACQUIRE
1827,WS-013,2026-09-23T08:00:00,32.7,58,12,61.5,22.3,80.2,72.0,65,1,6,8,0,Good,Medium (Sandy),Dry,3.4,0,4.46,False,LIFT
1828,WS-013,2026-09-23T08:00:00,34.0,58,12,61.5,22.5,81.0,75.2,65,1,6,8,0,Good,Medium (Sandy),Dry,2.3,0,4.5,False,SWING
1829,WS-013,2026-09-23T08:00:00,33.5,58,12,61.4,20.9,79.7,48.3,20,1,6,8,0,Good,Medium (Sandy),Dry,3.9,0,4.18,False,DUMP
1830,WS-013,2026-09-23T08:00:00,33.1,58,12,61.4,21.1,79.6,52.0,20,1,6,8,0,Good,Medium (Sandy),Dry,2.3,0,4.22,False,RETURN
1831,WS-013,2026-09-23T08:00:00,32.5,58,12,61.4,21.0,79.2,49.7,20,1,12,8,0,Good,Medium (Sandy),Dry,2.7,0,4.2,False,ACQUIRE
1832,WS-013,2026-09-23T08:00:00,32.6,58,12,61.4,22.2,80.1,70.7,65,1,12,8,0,Good,Medium (Sandy),Dry,2.7,0,4.45,False,LIFT
1833,WS-013,2026-09-23T08:00:00,32.7,58,12,61.4,22.4,80.3,73.0,65,1,12,8,0,Good,Medium (Sandy),Dry,3.7,0,4.48,False,SWING
1834,WS-013,2026-09-23T08:00:00,33.0,58,12,61.3,20.7,79.3,45.2,20,1,12,8,0,Good,Medium (Sandy),Dry,2.0,0,4.14,False,DUMP
1835,WS-013,2026-09-23T08:00:00,32.9,58,12,61.3,21.0,79.4,49.9,20,1,12,8,0,Good,Medium (Sandy),Dry,2.5,3,4.2,False,RETURN
1836,WS-013,2026-09-23T08:00:00,31.8,58,12,61.3,20.9,78.8,48.7,20,1,12,8,0,Good,Medium (Sandy),Dry,2.5,0,4.18,False,ACQUIRE
1837,WS-013,2026-09-23T08:00:00,33.3,58,12,61.3,22.2,80.5,70.4,65,1,12,8,0,Good,Medium (Sandy),Dry,3.2,0,4.44,False,LIFT
1838,WS-013,2026-09-23T08:00:00,32.7,58,12,61.3,22.3,80.2,71.2,65,1,12,8,0,Good,Medium (Sandy),Dry,3.9,0,4.45,False,SWING
1839,WS-013,2026-09-23T08:00:00,31.7,58,12,61.2,21.0,78.8,49.5,20,1,12,8,0,Good,Medium (Sandy),Dry,2.0,0,4.19,False,DUMP
1840,WS-013,2026-09-23T08:00:00,32.4,58,12,61.2,21.1,79.2,51.2,20,1,12,8,0,Good,Medium (Sandy),Dry,3.9,0,4.21,False,RETURN
1841,WS-013,2026-09-23T08:00:00,32.9,58,12,61.2,20.9,79.4,49.0,20,1,12,8,0,Good,Medium (Sandy),Dry,2.4,0,4.19,True,ACQUIRE
1842,WS-013,2026-09-23T08:00:00,31.6,58,12,61.2,22.7,79.9,77.6,65,1,12,8,0,Good,Medium (Sandy),Dry,3.6,0,4.53,False,LIFT
1843,WS-013,2026-09-23T08:00:00,31.7,58,12,61.2,22.6,79.9,76.0,65,1,12,8,0,Good,Medium (Sandy),Dry,2.8,0,4.51,False,SWING
1844,WS-013,2026-09-23T08:00:00,31.9,58,12,61.1,20.8,78.8,46.7,20,1,12,8,0,Good,Medium (Sandy),Dry,2.4,0,4.16,False,DUMP
1845,WS-013,2026-09-23T08:00:00,32.7,58,12,61.1,21.0,79.4,50.8,20,1,12,8,0,Good,Medium (Sandy),Dry,2.4,0,4.21,False,RETURN
1846,WS-013,2026-09-23T08:00:00,31.4,58,12,61.1,21.1,78.8,51.3,20,1,12,8,0,Good,Medium (Sandy),Dry,2.1,0,4.22,False,ACQUIRE
1847,WS-013,2026-09-23T08:00:00,33.0,58,12,61.1,22.3,80.4,71.9,65,1,12,8,0,Good,Medium (Sandy),Dry,2.9,0,4.46,False,LIFT
1848,WS-013,2026-09-23T08:00:00,31.5,58,12,61.1,22.5,79.7,74.7,65,1,12,8,0,Good,Medium (Sandy),Dry,3.3,0,4.5,False,SWING
1849,WS-013,2026-09-23T08:00:00,31.2,58,12,61.0,20.9,78.6,48.8,20,1,12,8,0,Good,Medium (Sandy),Dry,3.7,0,4.19,False,DUMP
1850,WS-013,2026-09-23T08:00:00,33.0,58,12,61.0,20.9,79.4,48.2,20,1,12,8,0,Good,Medium (Sandy),Dry,2.4,0,4.18,False,RETURN
1851,WS-013,2026-09-23T08:00:00,31.8,58,12,61.0,20.9,78.8,48.4,20,1,12,8,0,Good,Medium (Sandy),Dry,3.2,0,4.18,False,ACQUIRE
1852,WS-013,2026-09-23T08:00:00,31.2,58,12,61.0,22.5,79.6,74.5,65,1,12,8,0,Good,Medium (Sandy),Dry,2.1,0,4.49,False,LIFT
1853,WS-013,2026-09-23T08:00:00,33.0,58,12,61.0,22.4,80.5,73.8,65,1,12,8,0,Good,Medium (Sandy),Dry,2.7,0,4.49,False,SWING
1854,WS-013,2026-09-23T08:00:00,32.4,58,12,60.9,21.0,79.2,50.4,20,1,12,8,0,Good,Medium (Sandy),Dry,3.6,0,4.2,False,DUMP
1855,WS-013,2026-09-23T08:00:00,32.6,58,12,60.9,21.1,79.4,51.5,20,1,12,8,0,Good,Medium (Sandy),Dry,2.0,0,4.22,False,RETURN
1856,WS-013,2026-09-23T08:00:00,32.3,58,12,60.9,20.9,79.1,48.0,20,1,6,8,0,Good,Medium (Sandy),Dry,4.0,0,4.18,False,ACQUIRE
1857,WS-013,2026-09-23T08:00:00,32.7,58,12,60.9,22.3,80.2,71.1,65,1,6,8,0,Good,Medium (Sandy),Dry,3.8,0,4.45,False,LIFT
1858,WS-013,2026-09-23T08:00:00,31.5,58,12,60.9,22.3,79.6,71.4,65,1,6,8,0,Good,Medium (Sandy),Dry,2.3,0,4.46,False,SWING
1859,WS-013,2026-09-23T08:00:00,32.5,58,12,60.8,20.9,79.2,47.7,20,1,6,8,0,Good,Medium (Sandy),Dry,2.9,0,4.17,False,DUMP
1860,WS-013,2026-09-23T08:00:00,31.8,58,12,60.8,21.0,78.9,50.7,20,1,6,8,0,Good,Medium (Sandy),Dry,2.9,0,4.21,False,RETURN
1861,WS-013,2026-09-23T08:00:00,32.2,58,12,60.8,20.9,79.0,47.5,20,1,12,8,0,Good,Medium (Sandy),Dry,4.0,0,4.17,True,ACQUIRE
1862,WS-013,2026-09-23T08:00:00,32.8,58,12,60.8,22.7,80.5,77.8,65,1,12,8,0,Good,Medium (Sandy),Dry,2.6,0,4.53,False,LIFT
1863,WS-013,2026-09-23T08:00:00,32.6,58,12,60.8,22.4,80.2,73.4,65,1,12,8,0,Good,Medium (Sandy),Dry,3.8,0,4.48,False,SWING
1864,WS-013,2026-09-23T08:00:00,32.5,58,12,60.7,21.1,79.3,51.6,20,1,12,8,0,Good,Medium (Sandy),Dry,3.9,0,4.22,False,DUMP
1865,WS-013,2026-09-23T08:00:00,33.2,58,12,60.7,20.9,79.5,48.5,20,1,12,8,0,Good,Medium (Sandy),Dry,2.3,0,4.18,False,RETURN
1866,WS-013,2026-09-23T08:00:00,33.7,58,12,60.7,20.9,79.8,48.9,20,1,12,8,0,Good,Medium (Sandy),Dry,3.9,0,4.19,False,ACQUIRE
1867,WS-013,2026-09-23T08:00:00,33.4,58,12,60.7,22.6,80.8,77.4,65,1,12,8,0,Good,Medium (Sandy),Dry,3.3,0,4.53,False,LIFT
1868,WS-013,2026-09-23T08:00:00,33.3,58,12,60.7,22.3,80.5,71.5,65,1,12,8,0,Good,Medium (Sandy),Dry,2.1,0,4.46,False,SWING
1869,WS-013,2026-09-23T08:00:00,32.9,58,12,60.6,20.9,79.4,48.8,20,1,12,8,0,Good,Medium (Sandy),Dry,2.3,0,4.19,False,DUMP
1870,WS-013,2026-09-23T08:00:00,33.5,58,12,60.6,20.8,79.6,45.9,20,1,12,8,0,Good,Medium (Sandy),Dry,3.8,0,4.15,False,RETURN
1871,WS-013,2026-09-23T08:00:00,33.6,58,12,60.6,20.9,79.7,48.5,20,1,12,8,0,Good,Medium (Sandy),Dry,4.0,0,4.18,False,ACQUIRE
1872,WS-013,2026-09-23T08:00:00,33.9,58,12,60.6,22.4,80.9,73.7,65,1,12,8,0,Good,Medium (Sandy),Dry,2.2,0,4.48,False,LIFT
1873,WS-013,2026-09-23T08:00:00,34.2,58,12,60.6,22.3,80.9,71.2,65,1,12,8,0,Good,Medium (Sandy),Dry,2.7,0,4.45,False,SWING
1874,WS-013,2026-09-23T08:00:00,33.3,58,12,60.5,20.8,79.5,47.3,20,1,12,8,0,Good,Medium (Sandy),Dry,3.7,0,4.17,False,DUMP
1875,WS-013,2026-09-23T08:00:00,34.4,58,12,60.5,21.1,80.3,51.6,20,1,12,8,0,Good,Medium (Sandy),Dry,3.1,0,4.22,False,RETURN
1876,WS-013,2026-09-23T08:00:00,34.3,58,12,60.5,20.8,80.0,46.7,20,1,12,8,0,Good,Medium (Sandy),Dry,4.0,0,4.16,False,ACQUIRE
1877,WS-013,2026-09-23T08:00:00,33.0,58,12,60.5,22.6,80.5,76.1,65,1,12,8,0,Good,Medium (Sandy),Dry,2.4,0,4.51,False,LIFT
1878,WS-013,2026-09-23T08:00:00,34.8,58,12,60.5,22.3,81.3,72.0,65,1,12,8,0,Good,Medium (Sandy),Dry,3.0,0,4.46,False,SWING
1879,WS-013,2026-09-23T08:00:00,33.2,58,12,60.4,20.9,79.5,47.6,20,1,12,8,0,Good,Medium (Sandy),Dry,2.6,0,4.17,False,DUMP
1880,WS-013,2026-09-23T08:00:00,35.0,58,12,60.4,20.8,80.3,46.0,20,1,12,8,0,Good,Medium (Sandy),Dry,2.7,0,4.15,False,RETURN
1881,WS-013,2026-09-23T08:00:00,34.8,58,12,60.4,20.7,80.2,45.8,20,1,12,8,0,Good,Medium (Sandy),Dry,2.6,0,4.15,True,ACQUIRE
1882,WS-013,2026-09-23T08:00:00,33.0,58,12,60.4,22.4,80.4,73.7,65,1,12,8,0,Good,Medium (Sandy),Dry,3.4,0,4.48,False,LIFT
1883,WS-013,2026-09-23T08:00:00,33.9,58,12,60.4,22.5,81.0,75.0,65,1,12,8,0,Good,Medium (Sandy),Dry,2.5,0,4.5,False,SWING
1884,WS-013,2026-09-23T08:00:00,34.2,58,12,60.3,20.9,80.0,47.6,20,1,12,8,0,Good,Medium (Sandy),Dry,2.1,0,4.17,False,DUMP
1885,WS-013,2026-09-23T08:00:00,34.1,58,12,60.3,20.9,80.0,48.6,20,1,12,8,0,Good,Medium (Sandy),Dry,3.9,0,4.18,False,RETURN
1886,WS-013,2026-09-23T08:00:00,34.8,58,12,60.3,21.1,80.5,52.3,20,1,6,8,0,Good,Medium (Sandy),Dry,3.6,0,4.23,False,ACQUIRE
1887,WS-013,2026-09-23T08:00:00,33.0,58,12,60.3,22.6,80.6,76.9,65,1,6,8,0,Good,Medium (Sandy),Dry,3.6,0,4.52,False,LIFT
1888,WS-013,2026-09-23T08:00:00,33.2,58,12,60.3,22.6,80.7,76.4,65,1,6,8,0,Good,Medium (Sandy),Dry,3.5,0,4.52,False,SWING
1889,WS-013,2026-09-23T08:00:00,33.7,58,12,60.2,21.0,79.8,49.8,20,1,6,8,0,Good,Medium (Sandy),Dry,2.2,0,4.2,False,DUMP
1890,WS-013,2026-09-23T08:00:00,33.0,58,12,60.2,20.8,79.4,46.9,20,1,6,8,0,Good,Medium (Sandy),Dry,3.5,0,4.16,False,RETURN
1891,WS-013,2026-09-23T08:00:00,33.2,58,12,60.2,20.7,79.4,45.2,20,1,12,8,0,Good,Medium (Sandy),Dry,2.4,0,4.14,False,ACQUIRE
1892,WS-013,2026-09-23T08:00:00,33.1,58,12,60.2,22.4,80.5,73.2,65,1,12,8,0,Good,Medium (Sandy),Dry,3.3,0,4.48,False,LIFT
1893,WS-013,2026-09-23T08:00:00,34.1,58,12,60.2,22.3,80.9,71.2,65,1,12,8,0,Good,Medium (Sandy),Dry,2.6,0,4.45,False,SWING
1894,WS-013,2026-09-23T08:00:00,33.7,58,12,60.1,21.1,79.9,50.9,20,1,12,8,0,Good,Medium (Sandy),Dry,3.8,0,4.21,False,DUMP
1895,WS-013,2026-09-23T08:00:00,33.8,58,12,60.1,21.0,79.9,49.8,20,1,12,8,0,Good,Medium (Sandy),Dry,2.7,0,4.2,False,RETURN
1896,WS-013,2026-09-23T08:00:00,32.1,58,12,60.1,20.9,79.0,47.9,20,1,12,8,0,Good,Medium (Sandy),Dry,2.4,0,4.17,False,ACQUIRE
1897,WS-013,2026-09-23T08:00:00,32.7,58,12,60.1,22.4,80.3,73.1,65,1,12,8,0,Good,Medium (Sandy),Dry,2.5,0,4.48,False,LIFT
1898,WS-013,2026-09-23T08:00:00,32.9,58,12,60.1,22.2,80.3,70.7,65,1,12,8,0,Good,Medium (Sandy),Dry,2.8,0,4.45,False,SWING
1899,WS-013,2026-09-23T08:00:00,32.4,58,12,60.0,20.8,79.1,46.5,20,1,12,8,0,Good,Medium (Sandy),Dry,3.3,0,4.16,False,DUMP
1900,WS-013,2026-09-23T08:00:00,31.7,58,12,60.0,20.9,78.8,49.1,20,1,12,8,0,Good,Medium (Sandy),Dry,3.9,0,4.19,False,RETURN
1901,WS-013,2026-09-23T08:00:00,32.8,58,12,60.0,21.0,79.4,50.2,20,1,12,8,0,Good,Medium (Sandy),Dry,3.4,0,4.2,True,ACQUIRE
1902,WS-013,2026-09-23T08:00:00,33.2,58,12,60.0,22.5,80.6,74.2,65,1,12,8,0,Good,Medium (Sandy),Dry,3.3,0,4.49,False,LIFT
1903,WS-013,2026-09-23T08:00:00,31.5,58,12,60.0,22.4,79.7,73.7,65,1,12,8,0,Good,Medium (Sandy),Dry,2.2,0,4.48,False,SWING
1904,WS-013,2026-09-23T08:00:00,32.8,58,12,59.9,20.8,79.3,47.4,20,1,12,8,0,Good,Medium (Sandy),Dry,4.0,0,4.17,False,DUMP
1905,WS-013,2026-09-23T08:00:00,32.5,58,12,59.9,20.8,79.1,47.4,20,1,12,8,0,Good,Medium (Sandy),Dry,2.5,0,4.17,False,RETURN
1906,WS-013,2026-09-23T08:00:00,32.0,58,12,59.9,21.0,79.0,49.5,20,1,12,8,0,Good,Medium (Sandy),Dry,3.1,0,4.19,False,ACQUIRE
1907,WS-013,2026-09-23T08:00:00,32.9,58,12,59.9,22.4,80.4,74.1,65,1,12,8,0,Good,Medium (Sandy),Dry,3.0,0,4.49,False,LIFT
1908,WS-013,2026-09-23T08:00:00,31.9,58,12,59.9,22.4,79.9,73.7,65,1,12,8,0,Good,Medium (Sandy),Dry,3.4,0,4.48,False,SWING
1909,WS-013,2026-09-23T08:00:00,32.6,58,12,59.8,20.9,79.2,47.8,20,1,12,8,0,Good,Medium (Sandy),Dry,3.2,0,4.17,False,DUMP
1910,WS-013,2026-09-23T08:00:00,32.5,58,12,59.8,20.7,79.1,45.1,20,1,12,8,0,Good,Medium (Sandy),Dry,3.5,0,4.14,False,RETURN
1911,WS-013,2026-09-23T08:00:00,31.9,58,12,59.8,21.1,79.0,51.3,20,1,12,8,0,Good,Medium (Sandy),Dry,3.7,0,4.22,False,ACQUIRE
1912,WS-013,2026-09-23T08:00:00,31.1,58,12,59.8,22.4,79.5,73.3,65,1,12,8,0,Good,Medium (Sandy),Dry,3.4,0,4.48,False,LIFT
1913,WS-013,2026-09-23T08:00:00,31.6,58,12,59.8,22.5,79.8,75.8,65,1,12,8,0,Good,Medium (Sandy),Dry,3.5,0,4.51,False,SWING
1914,WS-013,2026-09-23T08:00:00,31.9,58,12,59.7,21.1,79.0,51.5,20,1,12,8,0,Good,Medium (Sandy),Dry,2.7,0,4.22,False,DUMP
1915,WS-013,2026-09-23T08:00:00,32.9,58,12,59.7,21.1,79.5,51.5,20,1,12,8,0,Good,Medium (Sandy),Dry,2.4,0,4.22,False,RETURN
1916,WS-013,2026-09-23T08:00:00,31.3,58,12,59.7,21.2,78.8,52.9,20,1,6,8,0,Good,Medium (Sandy),Dry,2.5,0,4.23,False,ACQUIRE
1917,WS-013,2026-09-23T08:00:00,32.5,58,12,59.7,22.4,80.2,73.5,65,1,6,8,0,Good,Medium (Sandy),Dry,2.0,0,4.48,False,LIFT
1918,WS-013,2026-09-23T08:00:00,32.0,58,12,59.7,22.2,79.8,70.1,65,1,6,8,0,Good,Medium (Sandy),Dry,3.3,0,4.44,False,SWING
1919,WS-013,2026-09-23T08:00:00,32.2,58,12,59.6,20.9,79.0,48.2,20,1,6,8,0,Good,Medium (Sandy),Dry,3.3,0,4.18,False,DUMP
1920,WS-013,2026-09-23T08:00:00,32.9,58,12,59.6,21.0,79.5,50.8,20,1,6,8,0,Good,Medium (Sandy),Dry,2.6,3,4.21,False,RETURN
1921,WS-013,2026-09-23T08:00:00,33.1,58,12,59.6,21.0,79.5,49.9,20,1,12,8,0,Good,Medium (Sandy),Dry,3.4,0,4.2,True,ACQUIRE
1922,WS-013,2026-09-23T08:00:00,33.5,58,12,59.6,22.5,80.8,75.4,65,1,12,8,0,Good,Medium (Sandy),Dry,3.6,0,4.5,False,LIFT
1923,WS-013,2026-09-23T08:00:00,31.8,58,12,59.6,22.3,79.7,71.1,65,1,12,8,0,Good,Medium (Sandy),Dry,2.4,0,4.45,False,SWING
1924,WS-013,2026-09-23T08:00:00,33.4,58,12,59.5,21.0,79.7,50.6,20,1,12,8,0,Good,Medium (Sandy),Dry,2.4,0,4.21,False,DUMP
1925,WS-013,2026-09-23T08:00:00,31.9,58,12,59.5,20.9,78.9,48.8,20,1,12,8,0,Good,Medium (Sandy),Dry,2.3,0,4.19,False,RETURN
1926,WS-013,2026-09-23T08:00:00,32.4,58,12,59.5,21.1,79.3,51.7,20,1,12,8,0,Good,Medium (Sandy),Dry,3.7,0,4.22,False,ACQUIRE
1927,WS-013,2026-09-23T08:00:00,33.1,58,12,59.5,22.2,80.4,70.7,65,1,12,8,0,Good,Medium (Sandy),Dry,3.5,0,4.45,False,LIFT
1928,WS-013,2026-09-23T08:00:00,32.4,58,12,59.5,22.4,80.1,73.4,65,1,12,8,0,Good,Medium (Sandy),Dry,2.2,0,4.48,False,SWING
1929,WS-013,2026-09-23T08:00:00,34.0,58,12,59.4,21.1,80.0,50.9,20,1,12,8,0,Good,Medium (Sandy),Dry,2.9,0,4.21,False,DUMP
1930,WS-013,2026-09-23T08:00:00,33.3,58,12,59.4,20.7,79.5,45.2,20,1,12,8,0,Good,Medium (Sandy),Dry,2.9,0,4.14,False,RETURN
1931,WS-013,2026-09-23T08:00:00,32.9,58,12,59.4,20.8,79.3,47.4,20,1,12,8,0,Good,Medium (Sandy),Dry,3.7,0,4.17,False,ACQUIRE
1932,WS-013,2026-09-23T08:00:00,33.3,58,12,59.4,22.4,80.6,72.7,65,1,12,8,0,Good,Medium (Sandy),Dry,2.2,0,4.47,False,LIFT
1933,WS-013,2026-09-23T08:00:00,34.3,58,12,59.4,22.4,81.1,73.5,65,1,12,8,0,Good,Medium (Sandy),Dry,2.8,0,4.48,False,SWING
1934,WS-013,2026-09-23T08:00:00,33.7,58,12,59.3,21.0,79.8,49.6,20,1,12,8,0,Good,Medium (Sandy),Dry,3.5,0,4.2,False,DUMP
1935,WS-013,2026-09-23T08:00:00,34.7,58,12,59.3,20.7,80.2,45.3,20,1,12,8,0,Good,Medium (Sandy),Dry,2.8,0,4.14,False,RETURN
1936,WS-013,2026-09-23T08:00:00,33.8,58,12,59.3,21.0,79.9,50.8,20,1,12,8,0,Good,Medium (Sandy),Dry,3.9,0,4.21,False,ACQUIRE
1937,WS-013,2026-09-23T08:00:00,34.7,58,12,59.3,22.6,81.4,76.9,65,1,12,8,0,Good,Medium (Sandy),Dry,2.5,0,4.52,False,LIFT
1938,WS-013,2026-09-23T08:00:00,33.0,58,12,59.3,22.2,80.3,70.2,65,1,12,8,0,Good,Medium (Sandy),Dry,3.2,0,4.44,False,SWING
1939,WS-013,2026-09-23T08:00:00,34.1,58,12,59.2,20.8,79.9,47.1,20,1,12,8,0,Good,Medium (Sandy),Dry,3.3,0,4.17,False,DUMP
1940,WS-013,2026-09-23T08:00:00,34.8,58,12,59.2,20.8,80.2,45.9,20,1,12,8,0,Good,Medium (Sandy),Dry,3.2,0,4.15,False,RETURN
1941,WS-013,2026-09-23T08:00:00,34.3,58,12,59.2,20.9,80.1,48.6,20,1,12,8,0,Good,Medium (Sandy),Dry,2.9,0,4.18,True,ACQUIRE
1942,WS-013,2026-09-23T08:00:00,33.3,58,12,59.2,22.5,80.7,75.8,65,1,12,8,0,Good,Medium (Sandy),Dry,2.9,0,4.51,False,LIFT
1943,WS-013,2026-09-23T08:00:00,33.9,58,12,59.2,22.4,80.9,74.1,65,1,12,8,0,Good,Medium (Sandy),Dry,3.2,0,4.49,False,SWING
1944,WS-013,2026-09-23T08:00:00,34.4,58,12,59.1,21.1,80.3,52.4,20,1,12,8,0,Good,Medium (Sandy),Dry,3.7,0,4.23,False,DUMP
1945,WS-013,2026-09-23T08:00:00,34.4,58,12,59.1,20.9,80.1,48.7,20,1,12,8,0,Good,Medium (Sandy),Dry,3.8,0,4.18,False,RETURN
1946,WS-013,2026-09-23T08:00:00,34.4,58,12,59.1,20.9,80.1,48.1,20,1,6,8,0,Good,Medium (Sandy),Dry,2.8,0,4.18,False,ACQUIRE
1947,WS-013,2026-09-23T08:00:00,34.8,58,12,59.1,22.5,81.4,75.2,65,1,6,8,0,Good,Medium (Sandy),Dry,2.7,0,4.5,False,LIFT
1948,WS-013,2026-09-23T08:00:00,33.8,58,12,59.1,22.7,81.0,77.8,65,1,6,8,0,Good,Medium (Sandy),Dry,2.3,0,4.53,False,SWING
1949,WS-013,2026-09-23T08:00:00,33.2,58,12,59.0,21.0,79.6,50.5,20,1,6,8,0,Good,Medium (Sandy),Dry,2.2,0,4.21,False,DUMP
1950,WS-013,2026-09-23T08:00:00,33.7,58,12,59.0,20.8,79.7,46.4,20,1,6,8,0,Good,Medium (Sandy),Dry,2.3,0,4.16,False,RETURN
1951,WS-014,2026-09-23T08:00:00,33.0,58,12,62.0,21.1,79.6,51.5,20,1,12,8,0,Good,Medium (Sandy),Dry,2.7,0,4.22,False,ACQUIRE
1952,WS-014,2026-09-23T08:00:00,32.3,58,12,62.0,22.3,80.0,71.8,65,1,12,8,0,Good,Medium (Sandy),Dry,3.1,0,4.46,False,LIFT
1953,WS-014,2026-09-23T08:00:00,33.2,58,12,62.0,22.7,80.7,77.9,65,1,12,8,0,Good,Medium (Sandy),Dry,3.6,0,4.53,False,SWING
1954,WS-014,2026-09-23T08:00:00,33.8,58,12,61.9,21.1,79.9,51.2,20,1,12,8,0,Good,Medium (Sandy),Dry,3.1,0,4.21,False,DUMP
1955,WS-014,2026-09-23T08:00:00,34.2,58,12,61.9,21.1,80.2,51.8,20,1,12,8,0,Good,Medium (Sandy),Dry,3.7,0,4.22,False,RETURN
1956,WS-014,2026-09-23T08:00:00,33.7,58,12,61.9,20.7,79.7,45.8,20,1,12,8,0,Good,Medium (Sandy),Dry,2.1,0,4.15,False,ACQUIRE
1957,WS-014,2026-09-23T08:00:00,34.5,58,12,61.9,22.6,81.3,76.4,65,1,12,8,0,Good,Medium (Sandy),Dry,3.9,0,4.52,False,LIFT
1958,WS-014,2026-09-23T08:00:00,34.2,58,12,61.9,22.7,81.2,77.8,65,1,12,8,0,Good,Medium (Sandy),Dry,3.6,0,4.53,False,SWING
1959,WS-014,2026-09-23T08:00:00,33.9,58,12,61.8,21.1,80.0,51.9,20,1,12,8,0,Good,Medium (Sandy),Dry,2.2,0,4.22,False,DUMP
1960,WS-014,2026-09-23T08:00:00,33.9,58,12,61.8,20.9,79.9,49.1,20,1,12,8,0,Good,Medium (Sandy),Dry,2.3,0,4.19,False,RETURN
1961,WS-014,2026-09-23T08:00:00,33.1,58,12,61.8,20.8,79.4,46.6,20,1,12,8,0,Good,Medium (Sandy),Dry,2.7,0,4.16,True,ACQUIRE
1962,WS-014,2026-09-23T08:00:00,34.3,58,12,61.8,22.5,81.2,75.7,65,1,12,8,0,Good,Medium (Sandy),Dry,3.5,0,4.51,False,LIFT
1963,WS-014,2026-09-23T08:00:00,33.9,58,12,61.8,22.6,81.0,77.0,65,1,12,8,0,Good,Medium (Sandy),Dry,2.3,0,4.52,False,SWING
1964,WS-014,2026-09-23T08:00:00,33.7,58,12,61.7,21.1,79.9,51.6,20,1,12,8,0,Good,Medium (Sandy),Dry,2.2,0,4.22,False,DUMP
1965,WS-014,2026-09-23T08:00:00,33.4,58,12,61.7,21.2,79.8,52.8,20,1,12,8,0,Good,Medium (Sandy),Dry,3.5,0,4.23,False,RETURN
1966,WS-014,2026-09-23T08:00:00,33.0,58,12,61.7,21.1,79.6,51.7,20,1,12,8,0,Good,Medium (Sandy),Dry,2.9,0,4.22,False,ACQUIRE
1967,WS-014,2026-09-23T08:00:00,33.6,58,12,61.7,22.3,80.7,71.4,65,1,12,8,0,Good,Medium (Sandy),Dry,2.5,0,4.46,False,LIFT
1968,WS-014,2026-09-23T08:00:00,34.4,58,12,61.7,22.4,81.1,73.3,65,1,12,8,0,Good,Medium (Sandy),Dry,3.3,0,4.48,False,SWING
1969,WS-014,2026-09-23T08:00:00,33.5,58,12,61.6,21.1,79.8,51.0,20,1,12,8,0,Good,Medium (Sandy),Dry,3.1,0,4.21,False,DUMP
1970,WS-014,2026-09-23T08:00:00,34.5,58,12,61.6,20.8,80.1,46.1,20,1,12,8,0,Good,Medium (Sandy),Dry,2.9,0,4.15,False,RETURN
1971,WS-014,2026-09-23T08:00:00,34.7,58,12,61.6,21.1,80.4,52.2,20,1,12,8,0,Good,Medium (Sandy),Dry,3.9,0,4.23,False,ACQUIRE
1972,WS-014,2026-09-23T08:00:00,33.9,58,12,61.6,22.5,81.0,75.5,65,1,12,8,0,Good,Medium (Sandy),Dry,3.9,0,4.51,False,LIFT
1973,WS-014,2026-09-23T08:00:00,33.7,58,12,61.6,22.6,80.9,76.2,65,1,12,8,0,Good,Medium (Sandy),Dry,3.4,0,4.51,False,SWING
1974,WS-014,2026-09-23T08:00:00,33.8,58,12,61.5,20.7,79.7,45.6,20,1,12,8,0,Good,Medium (Sandy),Dry,2.7,0,4.15,False,DUMP
1975,WS-014,2026-09-23T08:00:00,33.5,58,12,61.5,21.1,79.8,51.2,20,1,12,8,0,Good,Medium (Sandy),Dry,2.9,0,4.21,False,RETURN
1976,WS-014,2026-09-23T08:00:00,33.4,58,12,61.5,20.7,79.5,45.3,20,1,6,8,0,Good,Medium (Sandy),Dry,3.8,0,4.14,False,ACQUIRE
1977,WS-014,2026-09-23T08:00:00,32.8,58,12,61.5,22.5,80.4,74.6,65,1,6,8,0,Good,Medium (Sandy),Dry,4.0,0,4.5,False,LIFT
1978,WS-014,2026-09-23T08:00:00,34.4,58,12,61.5,22.6,81.3,76.4,65,1,6,8,0,Good,Medium (Sandy),Dry,3.8,0,4.52,False,SWING
1979,WS-014,2026-09-23T08:00:00,34.3,58,12,61.4,20.9,80.1,48.4,20,1,6,8,0,Good,Medium (Sandy),Dry,3.8,0,4.18,False,DUMP
1980,WS-014,2026-09-23T08:00:00,33.6,58,12,61.4,21.1,79.9,52.0,20,1,6,8,0,Good,Medium (Sandy),Dry,3.4,0,4.22,False,RETURN
1981,WS-014,2026-09-23T08:00:00,32.8,58,12,61.4,20.9,79.3,47.8,20,1,12,8,0,Good,Medium (Sandy),Dry,3.7,0,4.17,True,ACQUIRE
1982,WS-014,2026-09-23T08:00:00,33.8,58,12,61.4,22.5,80.9,74.9,65,1,12,8,0,Good,Medium (Sandy),Dry,2.3,0,4.5,False,LIFT
1983,WS-014,2026-09-23T08:00:00,32.7,58,12,61.4,22.5,80.4,75.2,65,1,12,8,0,Good,Medium (Sandy),Dry,3.8,0,4.5,False,SWING
1984,WS-014,2026-09-23T08:00:00,33.1,58,12,61.3,21.0,79.5,49.9,20,1,12,8,0,Good,Medium (Sandy),Dry,2.9,0,4.2,False,DUMP
1985,WS-014,2026-09-23T08:00:00,32.4,58,12,61.3,21.1,79.3,51.5,20,1,12,8,0,Good,Medium (Sandy),Dry,3.3,3,4.22,False,RETURN
1986,WS-014,2026-09-23T08:00:00,33.2,58,12,61.3,21.1,79.7,52.0,20,1,12,8,0,Good,Medium (Sandy),Dry,2.2,0,4.22,False,ACQUIRE
1987,WS-014,2026-09-23T08:00:00,32.6,58,12,61.3,22.4,80.2,73.1,65,1,12,8,0,Good,Medium (Sandy),Dry,3.4,0,4.48,False,LIFT
1988,WS-014,2026-09-23T08:00:00,33.2,58,12,61.3,22.5,80.6,74.2,65,1,12,8,0,Good,Medium (Sandy),Dry,3.1,0,4.49,False,SWING
1989,WS-014,2026-09-23T08:00:00,31.8,58,12,61.2,20.9,78.9,49.1,20,1,12,8,0,Good,Medium (Sandy),Dry,2.6,0,4.19,False,DUMP
1990,WS-014,2026-09-23T08:00:00,32.0,58,12,61.2,21.0,79.0,50.1,20,1,12,8,0,Good,Medium (Sandy),Dry,2.0,0,4.2,False,RETURN
1991,WS-014,2026-09-23T08:00:00,33.0,58,12,61.2,21.0,79.5,49.3,20,1,12,8,0,Good,Medium (Sandy),Dry,2.5,0,4.19,False,ACQUIRE
1992,WS-014,2026-09-23T08:00:00,32.8,58,12,61.2,22.3,80.3,72.4,65,1,12,8,0,Good,Medium (Sandy),Dry,2.8,0,4.47,False,LIFT
1993,WS-014,2026-09-23T08:00:00,32.1,58,12,61.2,22.6,80.1,75.9,65,1,12,8,0,Good,Medium (Sandy),Dry,3.7,0,4.51,False,SWING
1994,WS-014,2026-09-23T08:00:00,31.6,58,12,61.1,20.9,78.8,49.1,20,1,12,8,0,Good,Medium (Sandy),Dry,2.2,0,4.19,False,DUMP
1995,WS-014,2026-09-23T08:00:00,32.6,58,12,61.1,21.1,79.4,52.5,20,1,12,8,0,Good,Medium (Sandy),Dry,2.9,0,4.23,False,RETURN
1996,WS-014,2026-09-23T08:00:00,32.2,58,12,61.1,20.7,78.9,45.0,20,1,12,8,0,Good,Medium (Sandy),Dry,2.7,0,4.14,False,ACQUIRE
1997,WS-014,2026-09-23T08:00:00,31.5,58,12,61.1,22.6,79.8,76.0,65,1,12,8,0,Good,Medium (Sandy),Dry,3.2,0,4.51,False,LIFT
1998,WS-014,2026-09-23T08:00:00,32.4,58,12,61.1,22.6,80.3,77.5,65,1,12,8,0,Good,Medium (Sandy),Dry,3.3,0,4.53,False,SWING
1999,WS-014,2026-09-23T08:00:00,32.7,58,12,61.0,20.8,79.2,46.9,20,1,12,8,0,Good,Medium (Sandy),Dry,2.6,0,4.16,False,DUMP
2000,WS-014,2026-09-23T08:00:00,32.4,58,12,61.0,21.1,79.3,51.5,20,1,12,8,0,Good,Medium (Sandy),Dry,3.1,0,4.22,False,RETURN
